ISO-10303-21;
HEADER;
/* Generated by software containing ST-Developer
 * from STEP Tools, Inc. (www.steptools.com) 
 */
/* OPTION: using custom renumber hook */

FILE_DESCRIPTION(
/* description */ ('STEP AP242 Edition 2',
'CAx-IF Rec.Pracs.---Representation and Presentation of Product Manufa
cturing Information (PMI)---4.0---2014-10-13',
'CAx-IF Rec.Pracs.---3D Tessellated Geometry---0.4---2014-09-14','2;1',
'CAx-IF Rec.Pracs.---User Defined Attributes---1.5---2016-08-15'),
/* implementation_level */ '2;1');

FILE_NAME(
/* name */ 'P1MagMountRoundBase - Yaw post',
/* time_stamp */ '2026-09-24T00:56:02Z',
/* author */ (''),
/* organization */ (''),
/* preprocessor_version */ 'ST-DEVELOPER v20',
/* originating_system */ 'ONSHAPE BY PTC INC, 1.221',
/* authorisation */ '  ');

FILE_SCHEMA (('AP242_MANAGED_MODEL_BASED_3D_ENGINEERING_MIM_LF { 1 0 10303 442 3 1 4 }'));
ENDSEC;

DATA;
#10=SHAPE_REPRESENTATION_RELATIONSHIP('','',#3900,#11);
#11=ADVANCED_BREP_SHAPE_REPRESENTATION('',(#3898),#6691);
#12=TOROIDAL_SURFACE('',#4344,0.033,0.003);
#13=PLANE('',#3996);
#14=PLANE('',#3997);
#15=PLANE('',#3999);
#16=PLANE('',#4000);
#17=PLANE('',#4004);
#18=PLANE('',#4030);
#19=PLANE('',#4079);
#20=PLANE('',#4081);
#21=PLANE('',#4083);
#22=PLANE('',#4085);
#23=PLANE('',#4087);
#24=PLANE('',#4089);
#25=PLANE('',#4091);
#26=PLANE('',#4093);
#27=PLANE('',#4095);
#28=PLANE('',#4097);
#29=PLANE('',#4099);
#30=PLANE('',#4101);
#31=PLANE('',#4103);
#32=PLANE('',#4105);
#33=PLANE('',#4107);
#34=PLANE('',#4109);
#35=PLANE('',#4111);
#36=PLANE('',#4113);
#37=PLANE('',#4115);
#38=PLANE('',#4117);
#39=PLANE('',#4119);
#40=PLANE('',#4121);
#41=PLANE('',#4123);
#42=PLANE('',#4125);
#43=PLANE('',#4127);
#44=PLANE('',#4129);
#45=PLANE('',#4131);
#46=PLANE('',#4133);
#47=PLANE('',#4135);
#48=PLANE('',#4137);
#49=PLANE('',#4139);
#50=PLANE('',#4141);
#51=PLANE('',#4143);
#52=PLANE('',#4145);
#53=PLANE('',#4147);
#54=PLANE('',#4149);
#55=PLANE('',#4151);
#56=PLANE('',#4153);
#57=PLANE('',#4155);
#58=PLANE('',#4157);
#59=PLANE('',#4159);
#60=PLANE('',#4161);
#61=PLANE('',#4163);
#62=PLANE('',#4165);
#63=PLANE('',#4167);
#64=PLANE('',#4169);
#65=PLANE('',#4171);
#66=PLANE('',#4173);
#67=PLANE('',#4175);
#68=PLANE('',#4177);
#69=PLANE('',#4179);
#70=PLANE('',#4181);
#71=PLANE('',#4183);
#72=PLANE('',#4184);
#73=PLANE('',#4185);
#74=PLANE('',#4186);
#75=PLANE('',#4187);
#76=PLANE('',#4188);
#77=PLANE('',#4189);
#78=PLANE('',#4190);
#79=PLANE('',#4191);
#80=PLANE('',#4192);
#81=PLANE('',#4193);
#82=PLANE('',#4195);
#83=PLANE('',#4197);
#84=PLANE('',#4199);
#85=PLANE('',#4201);
#86=PLANE('',#4203);
#87=PLANE('',#4205);
#88=PLANE('',#4207);
#89=PLANE('',#4209);
#90=PLANE('',#4211);
#91=PLANE('',#4213);
#92=PLANE('',#4215);
#93=PLANE('',#4217);
#94=PLANE('',#4219);
#95=PLANE('',#4221);
#96=PLANE('',#4223);
#97=PLANE('',#4225);
#98=PLANE('',#4227);
#99=PLANE('',#4229);
#100=PLANE('',#4231);
#101=PLANE('',#4233);
#102=PLANE('',#4298);
#103=PLANE('',#4299);
#104=PLANE('',#4300);
#105=PLANE('',#4307);
#106=PLANE('',#4308);
#107=PLANE('',#4309);
#108=PLANE('',#4310);
#109=PLANE('',#4311);
#110=PLANE('',#4312);
#111=PLANE('',#4313);
#112=PLANE('',#4314);
#113=PLANE('',#4315);
#114=PLANE('',#4316);
#115=PLANE('',#4317);
#116=PLANE('',#4318);
#117=PLANE('',#4319);
#118=PLANE('',#4320);
#119=PLANE('',#4321);
#120=PLANE('',#4322);
#121=PLANE('',#4323);
#122=PLANE('',#4324);
#123=PLANE('',#4325);
#124=PLANE('',#4326);
#125=PLANE('',#4327);
#126=PLANE('',#4328);
#127=PLANE('',#4329);
#128=PLANE('',#4330);
#129=PLANE('',#4331);
#130=PLANE('',#4332);
#131=PLANE('',#4333);
#132=PLANE('',#4334);
#133=PLANE('',#4335);
#134=PLANE('',#4336);
#135=PLANE('',#4337);
#136=PLANE('',#4338);
#137=PLANE('',#4339);
#138=LINE('',#5615,#450);
#139=LINE('',#5619,#451);
#140=LINE('',#5729,#452);
#141=LINE('',#5731,#453);
#142=LINE('',#5733,#454);
#143=LINE('',#5735,#455);
#144=LINE('',#5736,#456);
#145=LINE('',#5738,#457);
#146=LINE('',#5740,#458);
#147=LINE('',#5741,#459);
#148=LINE('',#5743,#460);
#149=LINE('',#5745,#461);
#150=LINE('',#5746,#462);
#151=LINE('',#5748,#463);
#152=LINE('',#5750,#464);
#153=LINE('',#5751,#465);
#154=LINE('',#5753,#466);
#155=LINE('',#5755,#467);
#156=LINE('',#5756,#468);
#157=LINE('',#5758,#469);
#158=LINE('',#5760,#470);
#159=LINE('',#5761,#471);
#160=LINE('',#5763,#472);
#161=LINE('',#5765,#473);
#162=LINE('',#5766,#474);
#163=LINE('',#5768,#475);
#164=LINE('',#5770,#476);
#165=LINE('',#5771,#477);
#166=LINE('',#5773,#478);
#167=LINE('',#5775,#479);
#168=LINE('',#5776,#480);
#169=LINE('',#5778,#481);
#170=LINE('',#5780,#482);
#171=LINE('',#5781,#483);
#172=LINE('',#5783,#484);
#173=LINE('',#5787,#485);
#174=LINE('',#5789,#486);
#175=LINE('',#5791,#487);
#176=LINE('',#5793,#488);
#177=LINE('',#5795,#489);
#178=LINE('',#5926,#490);
#179=LINE('',#5928,#491);
#180=LINE('',#5930,#492);
#181=LINE('',#5934,#493);
#182=LINE('',#5936,#494);
#183=LINE('',#5940,#495);
#184=LINE('',#5942,#496);
#185=LINE('',#5944,#497);
#186=LINE('',#5946,#498);
#187=LINE('',#5948,#499);
#188=LINE('',#5952,#500);
#189=LINE('',#5954,#501);
#190=LINE('',#5958,#502);
#191=LINE('',#5960,#503);
#192=LINE('',#5962,#504);
#193=LINE('',#5966,#505);
#194=LINE('',#5968,#506);
#195=LINE('',#5970,#507);
#196=LINE('',#5972,#508);
#197=LINE('',#5974,#509);
#198=LINE('',#5978,#510);
#199=LINE('',#5980,#511);
#200=LINE('',#5982,#512);
#201=LINE('',#5988,#513);
#202=LINE('',#5990,#514);
#203=LINE('',#5992,#515);
#204=LINE('',#5994,#516);
#205=LINE('',#5996,#517);
#206=LINE('',#5998,#518);
#207=LINE('',#6002,#519);
#208=LINE('',#6004,#520);
#209=LINE('',#6008,#521);
#210=LINE('',#6010,#522);
#211=LINE('',#6012,#523);
#212=LINE('',#6014,#524);
#213=LINE('',#6018,#525);
#214=LINE('',#6020,#526);
#215=LINE('',#6022,#527);
#216=LINE('',#6024,#528);
#217=LINE('',#6028,#529);
#218=LINE('',#6030,#530);
#219=LINE('',#6032,#531);
#220=LINE('',#6034,#532);
#221=LINE('',#6038,#533);
#222=LINE('',#6040,#534);
#223=LINE('',#6042,#535);
#224=LINE('',#6044,#536);
#225=LINE('',#6048,#537);
#226=LINE('',#6050,#538);
#227=LINE('',#6054,#539);
#228=LINE('',#6058,#540);
#229=LINE('',#6060,#541);
#230=LINE('',#6062,#542);
#231=LINE('',#6064,#543);
#232=LINE('',#6066,#544);
#233=LINE('',#6070,#545);
#234=LINE('',#6072,#546);
#235=LINE('',#6074,#547);
#236=LINE('',#6078,#548);
#237=LINE('',#6080,#549);
#238=LINE('',#6084,#550);
#239=LINE('',#6086,#551);
#240=LINE('',#6088,#552);
#241=LINE('',#6090,#553);
#242=LINE('',#6094,#554);
#243=LINE('',#6096,#555);
#244=LINE('',#6098,#556);
#245=LINE('',#6102,#557);
#246=LINE('',#6106,#558);
#247=LINE('',#6108,#559);
#248=LINE('',#6110,#560);
#249=LINE('',#6114,#561);
#250=LINE('',#6116,#562);
#251=LINE('',#6118,#563);
#252=LINE('',#6120,#564);
#253=LINE('',#6124,#565);
#254=LINE('',#6126,#566);
#255=LINE('',#6128,#567);
#256=LINE('',#6132,#568);
#257=LINE('',#6134,#569);
#258=LINE('',#6138,#570);
#259=LINE('',#6140,#571);
#260=LINE('',#6142,#572);
#261=LINE('',#6144,#573);
#262=LINE('',#6148,#574);
#263=LINE('',#6150,#575);
#264=LINE('',#6152,#576);
#265=LINE('',#6154,#577);
#266=LINE('',#6158,#578);
#267=LINE('',#6160,#579);
#268=LINE('',#6164,#580);
#269=LINE('',#6168,#581);
#270=LINE('',#6170,#582);
#271=LINE('',#6172,#583);
#272=LINE('',#6174,#584);
#273=LINE('',#6176,#585);
#274=LINE('',#6180,#586);
#275=LINE('',#6182,#587);
#276=LINE('',#6184,#588);
#277=LINE('',#6188,#589);
#278=LINE('',#6190,#590);
#279=LINE('',#6194,#591);
#280=LINE('',#6196,#592);
#281=LINE('',#6198,#593);
#282=LINE('',#6200,#594);
#283=LINE('',#6202,#595);
#284=LINE('',#6206,#596);
#285=LINE('',#6208,#597);
#286=LINE('',#6210,#598);
#287=LINE('',#6214,#599);
#288=LINE('',#6218,#600);
#289=LINE('',#6220,#601);
#290=LINE('',#6222,#602);
#291=LINE('',#6226,#603);
#292=LINE('',#6228,#604);
#293=LINE('',#6232,#605);
#294=LINE('',#6234,#606);
#295=LINE('',#6236,#607);
#296=LINE('',#6238,#608);
#297=LINE('',#6242,#609);
#298=LINE('',#6244,#610);
#299=LINE('',#6246,#611);
#300=LINE('',#6250,#612);
#301=LINE('',#6252,#613);
#302=LINE('',#6256,#614);
#303=LINE('',#6258,#615);
#304=LINE('',#6260,#616);
#305=LINE('',#6262,#617);
#306=LINE('',#6264,#618);
#307=LINE('',#6268,#619);
#308=LINE('',#6270,#620);
#309=LINE('',#6272,#621);
#310=LINE('',#6276,#622);
#311=LINE('',#6280,#623);
#312=LINE('',#6282,#624);
#313=LINE('',#6284,#625);
#314=LINE('',#6286,#626);
#315=LINE('',#6288,#627);
#316=LINE('',#6292,#628);
#317=LINE('',#6294,#629);
#318=LINE('',#6298,#630);
#319=LINE('',#6300,#631);
#320=LINE('',#6302,#632);
#321=LINE('',#6304,#633);
#322=LINE('',#6306,#634);
#323=LINE('',#6310,#635);
#324=LINE('',#6314,#636);
#325=LINE('',#6316,#637);
#326=LINE('',#6318,#638);
#327=LINE('',#6322,#639);
#328=LINE('',#6324,#640);
#329=LINE('',#6328,#641);
#330=LINE('',#6330,#642);
#331=LINE('',#6332,#643);
#332=LINE('',#6334,#644);
#333=LINE('',#6340,#645);
#334=LINE('',#6342,#646);
#335=LINE('',#6344,#647);
#336=LINE('',#6346,#648);
#337=LINE('',#6348,#649);
#338=LINE('',#6350,#650);
#339=LINE('',#6352,#651);
#340=LINE('',#6354,#652);
#341=LINE('',#6356,#653);
#342=LINE('',#6358,#654);
#343=LINE('',#6360,#655);
#344=LINE('',#6362,#656);
#345=LINE('',#6364,#657);
#346=LINE('',#6366,#658);
#347=LINE('',#6368,#659);
#348=LINE('',#6370,#660);
#349=LINE('',#6372,#661);
#350=LINE('',#6374,#662);
#351=LINE('',#6376,#663);
#352=LINE('',#6378,#664);
#353=LINE('',#6380,#665);
#354=LINE('',#6382,#666);
#355=LINE('',#6384,#667);
#356=LINE('',#6386,#668);
#357=LINE('',#6388,#669);
#358=LINE('',#6392,#670);
#359=LINE('',#6394,#671);
#360=LINE('',#6398,#672);
#361=LINE('',#6400,#673);
#362=LINE('',#6402,#674);
#363=LINE('',#6404,#675);
#364=LINE('',#6408,#676);
#365=LINE('',#6410,#677);
#366=LINE('',#6412,#678);
#367=LINE('',#6414,#679);
#368=LINE('',#6418,#680);
#369=LINE('',#6420,#681);
#370=LINE('',#6422,#682);
#371=LINE('',#6424,#683);
#372=LINE('',#6428,#684);
#373=LINE('',#6430,#685);
#374=LINE('',#6434,#686);
#375=LINE('',#6438,#687);
#376=LINE('',#6440,#688);
#377=LINE('',#6442,#689);
#378=LINE('',#6444,#690);
#379=LINE('',#6446,#691);
#380=LINE('',#6452,#692);
#381=LINE('',#6454,#693);
#382=LINE('',#6456,#694);
#383=LINE('',#6458,#695);
#384=LINE('',#6460,#696);
#385=LINE('',#6464,#697);
#386=LINE('',#6466,#698);
#387=LINE('',#6468,#699);
#388=LINE('',#6472,#700);
#389=LINE('',#6474,#701);
#390=LINE('',#6478,#702);
#391=LINE('',#6480,#703);
#392=LINE('',#6482,#704);
#393=LINE('',#6484,#705);
#394=LINE('',#6488,#706);
#395=LINE('',#6490,#707);
#396=LINE('',#6492,#708);
#397=LINE('',#6494,#709);
#398=LINE('',#6498,#710);
#399=LINE('',#6500,#711);
#400=LINE('',#6502,#712);
#401=LINE('',#6506,#713);
#402=LINE('',#6510,#714);
#403=LINE('',#6512,#715);
#404=LINE('',#6514,#716);
#405=LINE('',#6516,#717);
#406=LINE('',#6518,#718);
#407=LINE('',#6522,#719);
#408=LINE('',#6524,#720);
#409=LINE('',#6526,#721);
#410=LINE('',#6532,#722);
#411=LINE('',#6534,#723);
#412=LINE('',#6538,#724);
#413=LINE('',#6540,#725);
#414=LINE('',#6542,#726);
#415=LINE('',#6608,#727);
#416=LINE('',#6610,#728);
#417=LINE('',#6612,#729);
#418=LINE('',#6621,#730);
#419=LINE('',#6623,#731);
#420=LINE('',#6625,#732);
#421=LINE('',#6627,#733);
#422=LINE('',#6629,#734);
#423=LINE('',#6631,#735);
#424=LINE('',#6633,#736);
#425=LINE('',#6635,#737);
#426=LINE('',#6637,#738);
#427=LINE('',#6639,#739);
#428=LINE('',#6641,#740);
#429=LINE('',#6643,#741);
#430=LINE('',#6645,#742);
#431=LINE('',#6647,#743);
#432=LINE('',#6649,#744);
#433=LINE('',#6651,#745);
#434=LINE('',#6653,#746);
#435=LINE('',#6655,#747);
#436=LINE('',#6657,#748);
#437=LINE('',#6659,#749);
#438=LINE('',#6661,#750);
#439=LINE('',#6663,#751);
#440=LINE('',#6665,#752);
#441=LINE('',#6667,#753);
#442=LINE('',#6669,#754);
#443=LINE('',#6671,#755);
#444=LINE('',#6673,#756);
#445=LINE('',#6675,#757);
#446=LINE('',#6677,#758);
#447=LINE('',#6679,#759);
#448=LINE('',#6681,#760);
#449=LINE('',#6683,#761);
#450=VECTOR('',#4425,1.);
#451=VECTOR('',#4428,1.);
#452=VECTOR('',#4539,1.);
#453=VECTOR('',#4540,1.);
#454=VECTOR('',#4541,1.);
#455=VECTOR('',#4542,1.);
#456=VECTOR('',#4543,1.);
#457=VECTOR('',#4544,1.);
#458=VECTOR('',#4545,1.);
#459=VECTOR('',#4546,1.);
#460=VECTOR('',#4547,1.);
#461=VECTOR('',#4548,1.);
#462=VECTOR('',#4549,1.);
#463=VECTOR('',#4550,1.);
#464=VECTOR('',#4551,1.);
#465=VECTOR('',#4552,1.);
#466=VECTOR('',#4553,1.);
#467=VECTOR('',#4554,1.);
#468=VECTOR('',#4555,1.);
#469=VECTOR('',#4556,1.);
#470=VECTOR('',#4557,1.);
#471=VECTOR('',#4558,1.);
#472=VECTOR('',#4559,1.);
#473=VECTOR('',#4560,1.);
#474=VECTOR('',#4561,1.);
#475=VECTOR('',#4562,1.);
#476=VECTOR('',#4563,1.);
#477=VECTOR('',#4564,1.);
#478=VECTOR('',#4565,1.);
#479=VECTOR('',#4566,1.);
#480=VECTOR('',#4567,1.);
#481=VECTOR('',#4568,1.);
#482=VECTOR('',#4569,1.);
#483=VECTOR('',#4570,1.);
#484=VECTOR('',#4571,1.);
#485=VECTOR('',#4576,1.);
#486=VECTOR('',#4577,1.);
#487=VECTOR('',#4578,1.);
#488=VECTOR('',#4581,1.);
#489=VECTOR('',#4584,1.);
#490=VECTOR('',#4743,1.);
#491=VECTOR('',#4744,1.);
#492=VECTOR('',#4745,1.);
#493=VECTOR('',#4748,1.);
#494=VECTOR('',#4751,1.);
#495=VECTOR('',#4754,1.);
#496=VECTOR('',#4755,1.);
#497=VECTOR('',#4758,1.);
#498=VECTOR('',#4759,1.);
#499=VECTOR('',#4760,1.);
#500=VECTOR('',#4763,1.);
#501=VECTOR('',#4766,1.);
#502=VECTOR('',#4769,1.);
#503=VECTOR('',#4770,1.);
#504=VECTOR('',#4773,1.);
#505=VECTOR('',#4776,1.);
#506=VECTOR('',#4777,1.);
#507=VECTOR('',#4778,1.);
#508=VECTOR('',#4781,1.);
#509=VECTOR('',#4782,1.);
#510=VECTOR('',#4787,1.);
#511=VECTOR('',#4788,1.);
#512=VECTOR('',#4789,1.);
#513=VECTOR('',#4796,1.);
#514=VECTOR('',#4797,1.);
#515=VECTOR('',#4798,1.);
#516=VECTOR('',#4801,1.);
#517=VECTOR('',#4802,1.);
#518=VECTOR('',#4803,1.);
#519=VECTOR('',#4806,1.);
#520=VECTOR('',#4809,1.);
#521=VECTOR('',#4812,1.);
#522=VECTOR('',#4813,1.);
#523=VECTOR('',#4814,1.);
#524=VECTOR('',#4817,1.);
#525=VECTOR('',#4820,1.);
#526=VECTOR('',#4821,1.);
#527=VECTOR('',#4822,1.);
#528=VECTOR('',#4825,1.);
#529=VECTOR('',#4828,1.);
#530=VECTOR('',#4829,1.);
#531=VECTOR('',#4830,1.);
#532=VECTOR('',#4833,1.);
#533=VECTOR('',#4836,1.);
#534=VECTOR('',#4837,1.);
#535=VECTOR('',#4840,1.);
#536=VECTOR('',#4841,1.);
#537=VECTOR('',#4846,1.);
#538=VECTOR('',#4847,1.);
#539=VECTOR('',#4850,1.);
#540=VECTOR('',#4855,1.);
#541=VECTOR('',#4856,1.);
#542=VECTOR('',#4857,1.);
#543=VECTOR('',#4860,1.);
#544=VECTOR('',#4861,1.);
#545=VECTOR('',#4866,1.);
#546=VECTOR('',#4867,1.);
#547=VECTOR('',#4868,1.);
#548=VECTOR('',#4871,1.);
#549=VECTOR('',#4874,1.);
#550=VECTOR('',#4877,1.);
#551=VECTOR('',#4878,1.);
#552=VECTOR('',#4881,1.);
#553=VECTOR('',#4882,1.);
#554=VECTOR('',#4887,1.);
#555=VECTOR('',#4888,1.);
#556=VECTOR('',#4889,1.);
#557=VECTOR('',#4892,1.);
#558=VECTOR('',#4897,1.);
#559=VECTOR('',#4898,1.);
#560=VECTOR('',#4899,1.);
#561=VECTOR('',#4904,1.);
#562=VECTOR('',#4905,1.);
#563=VECTOR('',#4908,1.);
#564=VECTOR('',#4909,1.);
#565=VECTOR('',#4914,1.);
#566=VECTOR('',#4915,1.);
#567=VECTOR('',#4916,1.);
#568=VECTOR('',#4919,1.);
#569=VECTOR('',#4922,1.);
#570=VECTOR('',#4925,1.);
#571=VECTOR('',#4926,1.);
#572=VECTOR('',#4927,1.);
#573=VECTOR('',#4930,1.);
#574=VECTOR('',#4933,1.);
#575=VECTOR('',#4934,1.);
#576=VECTOR('',#4937,1.);
#577=VECTOR('',#4938,1.);
#578=VECTOR('',#4943,1.);
#579=VECTOR('',#4944,1.);
#580=VECTOR('',#4947,1.);
#581=VECTOR('',#4952,1.);
#582=VECTOR('',#4953,1.);
#583=VECTOR('',#4954,1.);
#584=VECTOR('',#4957,1.);
#585=VECTOR('',#4958,1.);
#586=VECTOR('',#4963,1.);
#587=VECTOR('',#4964,1.);
#588=VECTOR('',#4965,1.);
#589=VECTOR('',#4968,1.);
#590=VECTOR('',#4971,1.);
#591=VECTOR('',#4974,1.);
#592=VECTOR('',#4975,1.);
#593=VECTOR('',#4978,1.);
#594=VECTOR('',#4979,1.);
#595=VECTOR('',#4980,1.);
#596=VECTOR('',#4985,1.);
#597=VECTOR('',#4986,1.);
#598=VECTOR('',#4987,1.);
#599=VECTOR('',#4990,1.);
#600=VECTOR('',#4995,1.);
#601=VECTOR('',#4996,1.);
#602=VECTOR('',#4997,1.);
#603=VECTOR('',#5002,1.);
#604=VECTOR('',#5003,1.);
#605=VECTOR('',#5008,1.);
#606=VECTOR('',#5009,1.);
#607=VECTOR('',#5012,1.);
#608=VECTOR('',#5013,1.);
#609=VECTOR('',#5018,1.);
#610=VECTOR('',#5019,1.);
#611=VECTOR('',#5020,1.);
#612=VECTOR('',#5023,1.);
#613=VECTOR('',#5026,1.);
#614=VECTOR('',#5029,1.);
#615=VECTOR('',#5030,1.);
#616=VECTOR('',#5033,1.);
#617=VECTOR('',#5034,1.);
#618=VECTOR('',#5035,1.);
#619=VECTOR('',#5040,1.);
#620=VECTOR('',#5041,1.);
#621=VECTOR('',#5042,1.);
#622=VECTOR('',#5045,1.);
#623=VECTOR('',#5050,1.);
#624=VECTOR('',#5051,1.);
#625=VECTOR('',#5054,1.);
#626=VECTOR('',#5055,1.);
#627=VECTOR('',#5056,1.);
#628=VECTOR('',#5059,1.);
#629=VECTOR('',#5062,1.);
#630=VECTOR('',#5065,1.);
#631=VECTOR('',#5066,1.);
#632=VECTOR('',#5069,1.);
#633=VECTOR('',#5070,1.);
#634=VECTOR('',#5071,1.);
#635=VECTOR('',#5074,1.);
#636=VECTOR('',#5079,1.);
#637=VECTOR('',#5080,1.);
#638=VECTOR('',#5081,1.);
#639=VECTOR('',#5086,1.);
#640=VECTOR('',#5087,1.);
#641=VECTOR('',#5092,1.);
#642=VECTOR('',#5093,1.);
#643=VECTOR('',#5096,1.);
#644=VECTOR('',#5097,1.);
#645=VECTOR('',#5104,1.);
#646=VECTOR('',#5105,1.);
#647=VECTOR('',#5108,1.);
#648=VECTOR('',#5109,1.);
#649=VECTOR('',#5112,1.);
#650=VECTOR('',#5113,1.);
#651=VECTOR('',#5116,1.);
#652=VECTOR('',#5117,1.);
#653=VECTOR('',#5120,1.);
#654=VECTOR('',#5121,1.);
#655=VECTOR('',#5124,1.);
#656=VECTOR('',#5125,1.);
#657=VECTOR('',#5128,1.);
#658=VECTOR('',#5129,1.);
#659=VECTOR('',#5132,1.);
#660=VECTOR('',#5133,1.);
#661=VECTOR('',#5136,1.);
#662=VECTOR('',#5137,1.);
#663=VECTOR('',#5140,1.);
#664=VECTOR('',#5141,1.);
#665=VECTOR('',#5144,1.);
#666=VECTOR('',#5145,1.);
#667=VECTOR('',#5148,1.);
#668=VECTOR('',#5149,1.);
#669=VECTOR('',#5150,1.);
#670=VECTOR('',#5153,1.);
#671=VECTOR('',#5156,1.);
#672=VECTOR('',#5159,1.);
#673=VECTOR('',#5160,1.);
#674=VECTOR('',#5161,1.);
#675=VECTOR('',#5164,1.);
#676=VECTOR('',#5167,1.);
#677=VECTOR('',#5168,1.);
#678=VECTOR('',#5169,1.);
#679=VECTOR('',#5172,1.);
#680=VECTOR('',#5175,1.);
#681=VECTOR('',#5176,1.);
#682=VECTOR('',#5179,1.);
#683=VECTOR('',#5180,1.);
#684=VECTOR('',#5185,1.);
#685=VECTOR('',#5186,1.);
#686=VECTOR('',#5189,1.);
#687=VECTOR('',#5194,1.);
#688=VECTOR('',#5195,1.);
#689=VECTOR('',#5196,1.);
#690=VECTOR('',#5199,1.);
#691=VECTOR('',#5200,1.);
#692=VECTOR('',#5207,1.);
#693=VECTOR('',#5208,1.);
#694=VECTOR('',#5209,1.);
#695=VECTOR('',#5212,1.);
#696=VECTOR('',#5213,1.);
#697=VECTOR('',#5218,1.);
#698=VECTOR('',#5219,1.);
#699=VECTOR('',#5220,1.);
#700=VECTOR('',#5223,1.);
#701=VECTOR('',#5226,1.);
#702=VECTOR('',#5229,1.);
#703=VECTOR('',#5230,1.);
#704=VECTOR('',#5231,1.);
#705=VECTOR('',#5234,1.);
#706=VECTOR('',#5237,1.);
#707=VECTOR('',#5238,1.);
#708=VECTOR('',#5241,1.);
#709=VECTOR('',#5242,1.);
#710=VECTOR('',#5247,1.);
#711=VECTOR('',#5248,1.);
#712=VECTOR('',#5249,1.);
#713=VECTOR('',#5252,1.);
#714=VECTOR('',#5257,1.);
#715=VECTOR('',#5258,1.);
#716=VECTOR('',#5259,1.);
#717=VECTOR('',#5262,1.);
#718=VECTOR('',#5263,1.);
#719=VECTOR('',#5268,1.);
#720=VECTOR('',#5269,1.);
#721=VECTOR('',#5270,1.);
#722=VECTOR('',#5277,1.);
#723=VECTOR('',#5278,1.);
#724=VECTOR('',#5283,1.);
#725=VECTOR('',#5284,1.);
#726=VECTOR('',#5287,1.);
#727=VECTOR('',#5418,1.);
#728=VECTOR('',#5421,1.);
#729=VECTOR('',#5424,1.);
#730=VECTOR('',#5439,1.);
#731=VECTOR('',#5442,1.);
#732=VECTOR('',#5445,1.);
#733=VECTOR('',#5448,1.);
#734=VECTOR('',#5451,1.);
#735=VECTOR('',#5454,1.);
#736=VECTOR('',#5457,1.);
#737=VECTOR('',#5460,1.);
#738=VECTOR('',#5463,1.);
#739=VECTOR('',#5466,1.);
#740=VECTOR('',#5469,1.);
#741=VECTOR('',#5472,1.);
#742=VECTOR('',#5475,1.);
#743=VECTOR('',#5478,1.);
#744=VECTOR('',#5481,1.);
#745=VECTOR('',#5484,1.);
#746=VECTOR('',#5487,1.);
#747=VECTOR('',#5490,1.);
#748=VECTOR('',#5493,1.);
#749=VECTOR('',#5496,1.);
#750=VECTOR('',#5499,1.);
#751=VECTOR('',#5502,1.);
#752=VECTOR('',#5505,1.);
#753=VECTOR('',#5508,1.);
#754=VECTOR('',#5511,1.);
#755=VECTOR('',#5514,1.);
#756=VECTOR('',#5517,1.);
#757=VECTOR('',#5520,1.);
#758=VECTOR('',#5523,1.);
#759=VECTOR('',#5526,1.);
#760=VECTOR('',#5529,1.);
#761=VECTOR('',#5532,1.);
#762=CIRCLE('',#3904,0.021);
#763=CIRCLE('',#3909,0.021);
#764=CIRCLE('',#3912,0.021);
#765=CIRCLE('',#3916,0.021);
#766=CIRCLE('',#3920,0.021);
#767=CIRCLE('',#3925,0.021);
#768=CIRCLE('',#3928,0.021);
#769=CIRCLE('',#3933,0.021);
#770=CIRCLE('',#3937,0.021);
#771=CIRCLE('',#3940,0.021);
#772=CIRCLE('',#3941,0.021);
#773=CIRCLE('',#3942,0.021);
#774=CIRCLE('',#3998,0.0031);
#775=CIRCLE('',#4002,0.036);
#776=CIRCLE('',#4003,0.036);
#777=CIRCLE('',#4005,0.033);
#778=CIRCLE('',#4006,0.0022);
#779=CIRCLE('',#4007,0.0022);
#780=CIRCLE('',#4008,0.0022);
#781=CIRCLE('',#4009,0.0022);
#782=CIRCLE('',#4010,0.0022);
#783=CIRCLE('',#4011,0.0022);
#784=CIRCLE('',#4012,0.0022);
#785=CIRCLE('',#4013,0.0022);
#786=CIRCLE('',#4014,0.0022);
#787=CIRCLE('',#4015,0.0022);
#788=CIRCLE('',#4016,0.0022);
#789=CIRCLE('',#4017,0.0022);
#790=CIRCLE('',#4018,0.0022);
#791=CIRCLE('',#4019,0.0022);
#792=CIRCLE('',#4020,0.0022);
#793=CIRCLE('',#4021,0.0022);
#794=CIRCLE('',#4022,0.0022);
#795=CIRCLE('',#4023,0.0022);
#796=CIRCLE('',#4024,0.0022);
#797=CIRCLE('',#4025,0.0022);
#798=CIRCLE('',#4026,0.0022);
#799=CIRCLE('',#4027,0.0022);
#800=CIRCLE('',#4028,0.0022);
#801=CIRCLE('',#4029,0.0022);
#802=CIRCLE('',#4031,0.0022);
#803=CIRCLE('',#4032,0.0022);
#804=CIRCLE('',#4033,0.0022);
#805=CIRCLE('',#4034,0.0022);
#806=CIRCLE('',#4035,0.0022);
#807=CIRCLE('',#4036,0.0022);
#808=CIRCLE('',#4037,0.0022);
#809=CIRCLE('',#4038,0.0022);
#810=CIRCLE('',#4039,0.0022);
#811=CIRCLE('',#4040,0.0022);
#812=CIRCLE('',#4041,0.0022);
#813=CIRCLE('',#4042,0.0022);
#814=CIRCLE('',#4043,0.0022);
#815=CIRCLE('',#4044,0.0022);
#816=CIRCLE('',#4045,0.0022);
#817=CIRCLE('',#4046,0.0022);
#818=CIRCLE('',#4047,0.0022);
#819=CIRCLE('',#4048,0.0022);
#820=CIRCLE('',#4049,0.0022);
#821=CIRCLE('',#4050,0.0022);
#822=CIRCLE('',#4051,0.0022);
#823=CIRCLE('',#4052,0.0022);
#824=CIRCLE('',#4053,0.0022);
#825=CIRCLE('',#4054,0.0022);
#826=CIRCLE('',#4235,0.014);
#827=CIRCLE('',#4237,0.014);
#828=CIRCLE('',#4239,0.014);
#829=CIRCLE('',#4241,0.014);
#830=CIRCLE('',#4243,0.014);
#831=CIRCLE('',#4245,0.014);
#832=CIRCLE('',#4247,0.014);
#833=CIRCLE('',#4249,0.014);
#834=CIRCLE('',#4251,0.014);
#835=CIRCLE('',#4253,0.014);
#836=CIRCLE('',#4255,0.014);
#837=CIRCLE('',#4257,0.014);
#838=CIRCLE('',#4259,0.014);
#839=CIRCLE('',#4261,0.014);
#840=CIRCLE('',#4263,0.014);
#841=CIRCLE('',#4265,0.014);
#842=CIRCLE('',#4267,0.014);
#843=CIRCLE('',#4269,0.014);
#844=CIRCLE('',#4271,0.014);
#845=CIRCLE('',#4273,0.014);
#846=CIRCLE('',#4275,0.014);
#847=CIRCLE('',#4277,0.014);
#848=CIRCLE('',#4279,0.014);
#849=CIRCLE('',#4281,0.014);
#850=CIRCLE('',#4283,0.014);
#851=CIRCLE('',#4285,0.014);
#852=CIRCLE('',#4287,0.014);
#853=CIRCLE('',#4289,0.014);
#854=CIRCLE('',#4291,0.014);
#855=CIRCLE('',#4293,0.014);
#856=CIRCLE('',#4295,0.014);
#857=CIRCLE('',#4297,0.014);
#858=CIRCLE('',#4302,0.014);
#859=CIRCLE('',#4304,0.014);
#860=CIRCLE('',#4306,0.0031);
#861=CIRCLE('',#4340,0.014);
#862=CIRCLE('',#4341,0.014);
#863=ORIENTED_EDGE('',*,*,#1977,.F.);
#864=ORIENTED_EDGE('',*,*,#1978,.F.);
#865=ORIENTED_EDGE('',*,*,#1979,.F.);
#866=ORIENTED_EDGE('',*,*,#1980,.F.);
#867=ORIENTED_EDGE('',*,*,#1981,.F.);
#868=ORIENTED_EDGE('',*,*,#1982,.F.);
#869=ORIENTED_EDGE('',*,*,#1983,.F.);
#870=ORIENTED_EDGE('',*,*,#1984,.F.);
#871=ORIENTED_EDGE('',*,*,#1985,.F.);
#872=ORIENTED_EDGE('',*,*,#1986,.F.);
#873=ORIENTED_EDGE('',*,*,#1987,.F.);
#874=ORIENTED_EDGE('',*,*,#1988,.F.);
#875=ORIENTED_EDGE('',*,*,#1989,.F.);
#876=ORIENTED_EDGE('',*,*,#1990,.F.);
#877=ORIENTED_EDGE('',*,*,#1991,.F.);
#878=ORIENTED_EDGE('',*,*,#1992,.F.);
#879=ORIENTED_EDGE('',*,*,#1993,.F.);
#880=ORIENTED_EDGE('',*,*,#1994,.F.);
#881=ORIENTED_EDGE('',*,*,#1995,.F.);
#882=ORIENTED_EDGE('',*,*,#1996,.F.);
#883=ORIENTED_EDGE('',*,*,#1997,.F.);
#884=ORIENTED_EDGE('',*,*,#1998,.F.);
#885=ORIENTED_EDGE('',*,*,#1999,.F.);
#886=ORIENTED_EDGE('',*,*,#2000,.F.);
#887=ORIENTED_EDGE('',*,*,#2001,.F.);
#888=ORIENTED_EDGE('',*,*,#2002,.F.);
#889=ORIENTED_EDGE('',*,*,#2003,.F.);
#890=ORIENTED_EDGE('',*,*,#2004,.F.);
#891=ORIENTED_EDGE('',*,*,#2005,.F.);
#892=ORIENTED_EDGE('',*,*,#2006,.T.);
#893=ORIENTED_EDGE('',*,*,#2007,.F.);
#894=ORIENTED_EDGE('',*,*,#2008,.F.);
#895=ORIENTED_EDGE('',*,*,#2009,.F.);
#896=ORIENTED_EDGE('',*,*,#2010,.F.);
#897=ORIENTED_EDGE('',*,*,#2011,.F.);
#898=ORIENTED_EDGE('',*,*,#2012,.F.);
#899=ORIENTED_EDGE('',*,*,#2013,.F.);
#900=ORIENTED_EDGE('',*,*,#2014,.F.);
#901=ORIENTED_EDGE('',*,*,#2015,.F.);
#902=ORIENTED_EDGE('',*,*,#2016,.F.);
#903=ORIENTED_EDGE('',*,*,#2017,.F.);
#904=ORIENTED_EDGE('',*,*,#2018,.F.);
#905=ORIENTED_EDGE('',*,*,#2019,.F.);
#906=ORIENTED_EDGE('',*,*,#2020,.F.);
#907=ORIENTED_EDGE('',*,*,#2021,.F.);
#908=ORIENTED_EDGE('',*,*,#2022,.F.);
#909=ORIENTED_EDGE('',*,*,#2023,.F.);
#910=ORIENTED_EDGE('',*,*,#2024,.F.);
#911=ORIENTED_EDGE('',*,*,#2025,.F.);
#912=ORIENTED_EDGE('',*,*,#2026,.F.);
#913=ORIENTED_EDGE('',*,*,#2027,.F.);
#914=ORIENTED_EDGE('',*,*,#2028,.F.);
#915=ORIENTED_EDGE('',*,*,#2029,.F.);
#916=ORIENTED_EDGE('',*,*,#2030,.F.);
#917=ORIENTED_EDGE('',*,*,#2031,.F.);
#918=ORIENTED_EDGE('',*,*,#2032,.F.);
#919=ORIENTED_EDGE('',*,*,#2033,.F.);
#920=ORIENTED_EDGE('',*,*,#2034,.F.);
#921=ORIENTED_EDGE('',*,*,#2035,.F.);
#922=ORIENTED_EDGE('',*,*,#2036,.F.);
#923=ORIENTED_EDGE('',*,*,#2037,.F.);
#924=ORIENTED_EDGE('',*,*,#2038,.F.);
#925=ORIENTED_EDGE('',*,*,#2039,.F.);
#926=ORIENTED_EDGE('',*,*,#2040,.F.);
#927=ORIENTED_EDGE('',*,*,#2041,.F.);
#928=ORIENTED_EDGE('',*,*,#2042,.F.);
#929=ORIENTED_EDGE('',*,*,#2043,.F.);
#930=ORIENTED_EDGE('',*,*,#2044,.F.);
#931=ORIENTED_EDGE('',*,*,#2045,.F.);
#932=ORIENTED_EDGE('',*,*,#2046,.F.);
#933=ORIENTED_EDGE('',*,*,#2047,.F.);
#934=ORIENTED_EDGE('',*,*,#2048,.F.);
#935=ORIENTED_EDGE('',*,*,#2049,.F.);
#936=ORIENTED_EDGE('',*,*,#2050,.F.);
#937=ORIENTED_EDGE('',*,*,#2051,.F.);
#938=ORIENTED_EDGE('',*,*,#2052,.F.);
#939=ORIENTED_EDGE('',*,*,#2053,.F.);
#940=ORIENTED_EDGE('',*,*,#2054,.F.);
#941=ORIENTED_EDGE('',*,*,#2055,.F.);
#942=ORIENTED_EDGE('',*,*,#2056,.F.);
#943=ORIENTED_EDGE('',*,*,#2057,.F.);
#944=ORIENTED_EDGE('',*,*,#2058,.F.);
#945=ORIENTED_EDGE('',*,*,#2059,.F.);
#946=ORIENTED_EDGE('',*,*,#2060,.F.);
#947=ORIENTED_EDGE('',*,*,#2061,.F.);
#948=ORIENTED_EDGE('',*,*,#2062,.F.);
#949=ORIENTED_EDGE('',*,*,#2063,.F.);
#950=ORIENTED_EDGE('',*,*,#2003,.T.);
#951=ORIENTED_EDGE('',*,*,#2064,.F.);
#952=ORIENTED_EDGE('',*,*,#2065,.F.);
#953=ORIENTED_EDGE('',*,*,#2066,.F.);
#954=ORIENTED_EDGE('',*,*,#1994,.T.);
#955=ORIENTED_EDGE('',*,*,#2067,.F.);
#956=ORIENTED_EDGE('',*,*,#2068,.F.);
#957=ORIENTED_EDGE('',*,*,#2069,.F.);
#958=ORIENTED_EDGE('',*,*,#1996,.T.);
#959=ORIENTED_EDGE('',*,*,#2070,.F.);
#960=ORIENTED_EDGE('',*,*,#2071,.F.);
#961=ORIENTED_EDGE('',*,*,#2072,.F.);
#962=ORIENTED_EDGE('',*,*,#1990,.T.);
#963=ORIENTED_EDGE('',*,*,#2073,.F.);
#964=ORIENTED_EDGE('',*,*,#2074,.F.);
#965=ORIENTED_EDGE('',*,*,#2075,.F.);
#966=ORIENTED_EDGE('',*,*,#2000,.T.);
#967=ORIENTED_EDGE('',*,*,#2076,.F.);
#968=ORIENTED_EDGE('',*,*,#2077,.F.);
#969=ORIENTED_EDGE('',*,*,#2078,.F.);
#970=ORIENTED_EDGE('',*,*,#2009,.T.);
#971=ORIENTED_EDGE('',*,*,#2079,.F.);
#972=ORIENTED_EDGE('',*,*,#2080,.F.);
#973=ORIENTED_EDGE('',*,*,#2081,.T.);
#974=ORIENTED_EDGE('',*,*,#2005,.T.);
#975=ORIENTED_EDGE('',*,*,#2082,.F.);
#976=ORIENTED_EDGE('',*,*,#2083,.F.);
#977=ORIENTED_EDGE('',*,*,#2084,.F.);
#978=ORIENTED_EDGE('',*,*,#1987,.T.);
#979=ORIENTED_EDGE('',*,*,#2085,.F.);
#980=ORIENTED_EDGE('',*,*,#2086,.F.);
#981=ORIENTED_EDGE('',*,*,#2087,.F.);
#982=ORIENTED_EDGE('',*,*,#1982,.T.);
#983=ORIENTED_EDGE('',*,*,#2088,.F.);
#984=ORIENTED_EDGE('',*,*,#2089,.F.);
#985=ORIENTED_EDGE('',*,*,#2090,.F.);
#986=ORIENTED_EDGE('',*,*,#1984,.T.);
#987=ORIENTED_EDGE('',*,*,#2091,.F.);
#988=ORIENTED_EDGE('',*,*,#2092,.F.);
#989=ORIENTED_EDGE('',*,*,#2093,.F.);
#990=ORIENTED_EDGE('',*,*,#1978,.T.);
#991=ORIENTED_EDGE('',*,*,#2094,.F.);
#992=ORIENTED_EDGE('',*,*,#2095,.F.);
#993=ORIENTED_EDGE('',*,*,#2096,.T.);
#994=ORIENTED_EDGE('',*,*,#2007,.T.);
#995=ORIENTED_EDGE('',*,*,#2097,.F.);
#996=ORIENTED_EDGE('',*,*,#2098,.T.);
#997=ORIENTED_EDGE('',*,*,#2099,.T.);
#998=ORIENTED_EDGE('',*,*,#2006,.F.);
#999=ORIENTED_EDGE('',*,*,#2081,.F.);
#1000=ORIENTED_EDGE('',*,*,#2100,.T.);
#1001=ORIENTED_EDGE('',*,*,#2097,.T.);
#1002=ORIENTED_EDGE('',*,*,#2079,.T.);
#1003=ORIENTED_EDGE('',*,*,#2008,.T.);
#1004=ORIENTED_EDGE('',*,*,#2099,.F.);
#1005=ORIENTED_EDGE('',*,*,#2101,.F.);
#1006=ORIENTED_EDGE('',*,*,#2102,.T.);
#1007=ORIENTED_EDGE('',*,*,#2103,.F.);
#1008=ORIENTED_EDGE('',*,*,#2104,.T.);
#1009=ORIENTED_EDGE('',*,*,#2105,.F.);
#1010=ORIENTED_EDGE('',*,*,#2106,.F.);
#1011=ORIENTED_EDGE('',*,*,#2107,.F.);
#1012=ORIENTED_EDGE('',*,*,#2108,.F.);
#1013=ORIENTED_EDGE('',*,*,#2109,.F.);
#1014=ORIENTED_EDGE('',*,*,#2110,.F.);
#1015=ORIENTED_EDGE('',*,*,#2111,.F.);
#1016=ORIENTED_EDGE('',*,*,#2112,.F.);
#1017=ORIENTED_EDGE('',*,*,#2113,.F.);
#1018=ORIENTED_EDGE('',*,*,#2114,.F.);
#1019=ORIENTED_EDGE('',*,*,#2115,.F.);
#1020=ORIENTED_EDGE('',*,*,#2116,.F.);
#1021=ORIENTED_EDGE('',*,*,#2117,.F.);
#1022=ORIENTED_EDGE('',*,*,#2118,.F.);
#1023=ORIENTED_EDGE('',*,*,#2119,.F.);
#1024=ORIENTED_EDGE('',*,*,#2120,.F.);
#1025=ORIENTED_EDGE('',*,*,#2121,.F.);
#1026=ORIENTED_EDGE('',*,*,#2122,.F.);
#1027=ORIENTED_EDGE('',*,*,#2123,.F.);
#1028=ORIENTED_EDGE('',*,*,#2124,.F.);
#1029=ORIENTED_EDGE('',*,*,#2125,.F.);
#1030=ORIENTED_EDGE('',*,*,#2126,.F.);
#1031=ORIENTED_EDGE('',*,*,#2127,.F.);
#1032=ORIENTED_EDGE('',*,*,#2128,.F.);
#1033=ORIENTED_EDGE('',*,*,#2100,.F.);
#1034=ORIENTED_EDGE('',*,*,#2080,.T.);
#1035=ORIENTED_EDGE('',*,*,#2101,.T.);
#1036=ORIENTED_EDGE('',*,*,#2098,.F.);
#1037=ORIENTED_EDGE('',*,*,#2129,.T.);
#1038=ORIENTED_EDGE('',*,*,#2130,.T.);
#1039=ORIENTED_EDGE('',*,*,#2131,.T.);
#1040=ORIENTED_EDGE('',*,*,#2132,.T.);
#1041=ORIENTED_EDGE('',*,*,#2133,.T.);
#1042=ORIENTED_EDGE('',*,*,#2134,.T.);
#1043=ORIENTED_EDGE('',*,*,#2135,.T.);
#1044=ORIENTED_EDGE('',*,*,#2136,.T.);
#1045=ORIENTED_EDGE('',*,*,#2137,.T.);
#1046=ORIENTED_EDGE('',*,*,#2138,.T.);
#1047=ORIENTED_EDGE('',*,*,#2139,.T.);
#1048=ORIENTED_EDGE('',*,*,#2140,.T.);
#1049=ORIENTED_EDGE('',*,*,#2141,.T.);
#1050=ORIENTED_EDGE('',*,*,#2142,.T.);
#1051=ORIENTED_EDGE('',*,*,#2143,.T.);
#1052=ORIENTED_EDGE('',*,*,#2144,.T.);
#1053=ORIENTED_EDGE('',*,*,#2145,.T.);
#1054=ORIENTED_EDGE('',*,*,#2146,.T.);
#1055=ORIENTED_EDGE('',*,*,#2147,.T.);
#1056=ORIENTED_EDGE('',*,*,#2148,.T.);
#1057=ORIENTED_EDGE('',*,*,#2149,.T.);
#1058=ORIENTED_EDGE('',*,*,#2150,.T.);
#1059=ORIENTED_EDGE('',*,*,#2151,.T.);
#1060=ORIENTED_EDGE('',*,*,#2152,.T.);
#1061=ORIENTED_EDGE('',*,*,#2103,.T.);
#1062=ORIENTED_EDGE('',*,*,#2152,.F.);
#1063=ORIENTED_EDGE('',*,*,#2128,.T.);
#1064=ORIENTED_EDGE('',*,*,#2151,.F.);
#1065=ORIENTED_EDGE('',*,*,#2127,.T.);
#1066=ORIENTED_EDGE('',*,*,#2150,.F.);
#1067=ORIENTED_EDGE('',*,*,#2126,.T.);
#1068=ORIENTED_EDGE('',*,*,#2149,.F.);
#1069=ORIENTED_EDGE('',*,*,#2125,.T.);
#1070=ORIENTED_EDGE('',*,*,#2148,.F.);
#1071=ORIENTED_EDGE('',*,*,#2124,.T.);
#1072=ORIENTED_EDGE('',*,*,#2147,.F.);
#1073=ORIENTED_EDGE('',*,*,#2123,.T.);
#1074=ORIENTED_EDGE('',*,*,#2146,.F.);
#1075=ORIENTED_EDGE('',*,*,#2122,.T.);
#1076=ORIENTED_EDGE('',*,*,#2145,.F.);
#1077=ORIENTED_EDGE('',*,*,#2121,.T.);
#1078=ORIENTED_EDGE('',*,*,#2144,.F.);
#1079=ORIENTED_EDGE('',*,*,#2120,.T.);
#1080=ORIENTED_EDGE('',*,*,#2143,.F.);
#1081=ORIENTED_EDGE('',*,*,#2119,.T.);
#1082=ORIENTED_EDGE('',*,*,#2142,.F.);
#1083=ORIENTED_EDGE('',*,*,#2118,.T.);
#1084=ORIENTED_EDGE('',*,*,#2141,.F.);
#1085=ORIENTED_EDGE('',*,*,#2117,.T.);
#1086=ORIENTED_EDGE('',*,*,#2140,.F.);
#1087=ORIENTED_EDGE('',*,*,#2116,.T.);
#1088=ORIENTED_EDGE('',*,*,#2139,.F.);
#1089=ORIENTED_EDGE('',*,*,#2115,.T.);
#1090=ORIENTED_EDGE('',*,*,#2138,.F.);
#1091=ORIENTED_EDGE('',*,*,#2114,.T.);
#1092=ORIENTED_EDGE('',*,*,#2137,.F.);
#1093=ORIENTED_EDGE('',*,*,#2113,.T.);
#1094=ORIENTED_EDGE('',*,*,#2136,.F.);
#1095=ORIENTED_EDGE('',*,*,#2112,.T.);
#1096=ORIENTED_EDGE('',*,*,#2135,.F.);
#1097=ORIENTED_EDGE('',*,*,#2111,.T.);
#1098=ORIENTED_EDGE('',*,*,#2134,.F.);
#1099=ORIENTED_EDGE('',*,*,#2110,.T.);
#1100=ORIENTED_EDGE('',*,*,#2133,.F.);
#1101=ORIENTED_EDGE('',*,*,#2109,.T.);
#1102=ORIENTED_EDGE('',*,*,#2132,.F.);
#1103=ORIENTED_EDGE('',*,*,#2108,.T.);
#1104=ORIENTED_EDGE('',*,*,#2131,.F.);
#1105=ORIENTED_EDGE('',*,*,#2107,.T.);
#1106=ORIENTED_EDGE('',*,*,#2130,.F.);
#1107=ORIENTED_EDGE('',*,*,#2106,.T.);
#1108=ORIENTED_EDGE('',*,*,#2129,.F.);
#1109=ORIENTED_EDGE('',*,*,#2105,.T.);
#1110=ORIENTED_EDGE('',*,*,#2018,.T.);
#1111=ORIENTED_EDGE('',*,*,#2153,.F.);
#1112=ORIENTED_EDGE('',*,*,#2154,.F.);
#1113=ORIENTED_EDGE('',*,*,#2155,.F.);
#1114=ORIENTED_EDGE('',*,*,#2156,.T.);
#1115=ORIENTED_EDGE('',*,*,#2157,.T.);
#1116=ORIENTED_EDGE('',*,*,#2017,.T.);
#1117=ORIENTED_EDGE('',*,*,#2158,.T.);
#1118=ORIENTED_EDGE('',*,*,#2159,.T.);
#1119=ORIENTED_EDGE('',*,*,#2160,.F.);
#1120=ORIENTED_EDGE('',*,*,#2161,.F.);
#1121=ORIENTED_EDGE('',*,*,#2153,.T.);
#1122=ORIENTED_EDGE('',*,*,#2024,.T.);
#1123=ORIENTED_EDGE('',*,*,#2162,.F.);
#1124=ORIENTED_EDGE('',*,*,#2163,.F.);
#1125=ORIENTED_EDGE('',*,*,#2164,.F.);
#1126=ORIENTED_EDGE('',*,*,#2165,.T.);
#1127=ORIENTED_EDGE('',*,*,#2166,.F.);
#1128=ORIENTED_EDGE('',*,*,#2023,.T.);
#1129=ORIENTED_EDGE('',*,*,#2167,.T.);
#1130=ORIENTED_EDGE('',*,*,#2168,.T.);
#1131=ORIENTED_EDGE('',*,*,#2169,.F.);
#1132=ORIENTED_EDGE('',*,*,#2170,.F.);
#1133=ORIENTED_EDGE('',*,*,#2162,.T.);
#1134=ORIENTED_EDGE('',*,*,#2021,.T.);
#1135=ORIENTED_EDGE('',*,*,#2171,.T.);
#1136=ORIENTED_EDGE('',*,*,#2172,.T.);
#1137=ORIENTED_EDGE('',*,*,#2173,.F.);
#1138=ORIENTED_EDGE('',*,*,#2174,.F.);
#1139=ORIENTED_EDGE('',*,*,#2175,.T.);
#1140=ORIENTED_EDGE('',*,*,#2022,.T.);
#1141=ORIENTED_EDGE('',*,*,#2175,.F.);
#1142=ORIENTED_EDGE('',*,*,#2176,.F.);
#1143=ORIENTED_EDGE('',*,*,#2177,.F.);
#1144=ORIENTED_EDGE('',*,*,#2178,.T.);
#1145=ORIENTED_EDGE('',*,*,#2167,.F.);
#1146=ORIENTED_EDGE('',*,*,#2020,.T.);
#1147=ORIENTED_EDGE('',*,*,#2179,.F.);
#1148=ORIENTED_EDGE('',*,*,#2180,.F.);
#1149=ORIENTED_EDGE('',*,*,#2181,.F.);
#1150=ORIENTED_EDGE('',*,*,#2182,.T.);
#1151=ORIENTED_EDGE('',*,*,#2171,.F.);
#1152=ORIENTED_EDGE('',*,*,#2025,.T.);
#1153=ORIENTED_EDGE('',*,*,#2166,.T.);
#1154=ORIENTED_EDGE('',*,*,#2183,.T.);
#1155=ORIENTED_EDGE('',*,*,#2184,.F.);
#1156=ORIENTED_EDGE('',*,*,#2185,.F.);
#1157=ORIENTED_EDGE('',*,*,#2186,.T.);
#1158=ORIENTED_EDGE('',*,*,#2056,.T.);
#1159=ORIENTED_EDGE('',*,*,#2187,.F.);
#1160=ORIENTED_EDGE('',*,*,#2188,.F.);
#1161=ORIENTED_EDGE('',*,*,#2189,.F.);
#1162=ORIENTED_EDGE('',*,*,#2190,.T.);
#1163=ORIENTED_EDGE('',*,*,#2191,.F.);
#1164=ORIENTED_EDGE('',*,*,#2041,.T.);
#1165=ORIENTED_EDGE('',*,*,#2192,.T.);
#1166=ORIENTED_EDGE('',*,*,#2193,.T.);
#1167=ORIENTED_EDGE('',*,*,#2194,.F.);
#1168=ORIENTED_EDGE('',*,*,#2195,.F.);
#1169=ORIENTED_EDGE('',*,*,#2196,.T.);
#1170=ORIENTED_EDGE('',*,*,#2049,.T.);
#1171=ORIENTED_EDGE('',*,*,#2197,.T.);
#1172=ORIENTED_EDGE('',*,*,#2198,.T.);
#1173=ORIENTED_EDGE('',*,*,#2199,.F.);
#1174=ORIENTED_EDGE('',*,*,#2200,.F.);
#1175=ORIENTED_EDGE('',*,*,#2201,.T.);
#1176=ORIENTED_EDGE('',*,*,#2053,.T.);
#1177=ORIENTED_EDGE('',*,*,#2202,.T.);
#1178=ORIENTED_EDGE('',*,*,#2203,.T.);
#1179=ORIENTED_EDGE('',*,*,#2204,.F.);
#1180=ORIENTED_EDGE('',*,*,#2205,.F.);
#1181=ORIENTED_EDGE('',*,*,#2206,.T.);
#1182=ORIENTED_EDGE('',*,*,#2055,.T.);
#1183=ORIENTED_EDGE('',*,*,#2207,.T.);
#1184=ORIENTED_EDGE('',*,*,#2208,.T.);
#1185=ORIENTED_EDGE('',*,*,#2209,.F.);
#1186=ORIENTED_EDGE('',*,*,#2210,.F.);
#1187=ORIENTED_EDGE('',*,*,#2187,.T.);
#1188=ORIENTED_EDGE('',*,*,#2054,.T.);
#1189=ORIENTED_EDGE('',*,*,#2206,.F.);
#1190=ORIENTED_EDGE('',*,*,#2211,.F.);
#1191=ORIENTED_EDGE('',*,*,#2212,.F.);
#1192=ORIENTED_EDGE('',*,*,#2213,.T.);
#1193=ORIENTED_EDGE('',*,*,#2207,.F.);
#1194=ORIENTED_EDGE('',*,*,#2050,.T.);
#1195=ORIENTED_EDGE('',*,*,#2201,.F.);
#1196=ORIENTED_EDGE('',*,*,#2214,.F.);
#1197=ORIENTED_EDGE('',*,*,#2215,.F.);
#1198=ORIENTED_EDGE('',*,*,#2216,.T.);
#1199=ORIENTED_EDGE('',*,*,#2217,.F.);
#1200=ORIENTED_EDGE('',*,*,#2051,.T.);
#1201=ORIENTED_EDGE('',*,*,#2217,.T.);
#1202=ORIENTED_EDGE('',*,*,#2218,.T.);
#1203=ORIENTED_EDGE('',*,*,#2219,.F.);
#1204=ORIENTED_EDGE('',*,*,#2220,.F.);
#1205=ORIENTED_EDGE('',*,*,#2221,.T.);
#1206=ORIENTED_EDGE('',*,*,#2052,.T.);
#1207=ORIENTED_EDGE('',*,*,#2221,.F.);
#1208=ORIENTED_EDGE('',*,*,#2222,.F.);
#1209=ORIENTED_EDGE('',*,*,#2223,.F.);
#1210=ORIENTED_EDGE('',*,*,#2224,.T.);
#1211=ORIENTED_EDGE('',*,*,#2202,.F.);
#1212=ORIENTED_EDGE('',*,*,#2044,.T.);
#1213=ORIENTED_EDGE('',*,*,#2225,.F.);
#1214=ORIENTED_EDGE('',*,*,#2226,.F.);
#1215=ORIENTED_EDGE('',*,*,#2227,.F.);
#1216=ORIENTED_EDGE('',*,*,#2228,.T.);
#1217=ORIENTED_EDGE('',*,*,#2229,.F.);
#1218=ORIENTED_EDGE('',*,*,#2043,.T.);
#1219=ORIENTED_EDGE('',*,*,#2230,.T.);
#1220=ORIENTED_EDGE('',*,*,#2231,.T.);
#1221=ORIENTED_EDGE('',*,*,#2232,.F.);
#1222=ORIENTED_EDGE('',*,*,#2233,.F.);
#1223=ORIENTED_EDGE('',*,*,#2225,.T.);
#1224=ORIENTED_EDGE('',*,*,#2042,.T.);
#1225=ORIENTED_EDGE('',*,*,#2196,.F.);
#1226=ORIENTED_EDGE('',*,*,#2234,.F.);
#1227=ORIENTED_EDGE('',*,*,#2235,.F.);
#1228=ORIENTED_EDGE('',*,*,#2236,.T.);
#1229=ORIENTED_EDGE('',*,*,#2230,.F.);
#1230=ORIENTED_EDGE('',*,*,#2046,.T.);
#1231=ORIENTED_EDGE('',*,*,#2237,.F.);
#1232=ORIENTED_EDGE('',*,*,#2238,.F.);
#1233=ORIENTED_EDGE('',*,*,#2239,.F.);
#1234=ORIENTED_EDGE('',*,*,#2240,.T.);
#1235=ORIENTED_EDGE('',*,*,#2241,.F.);
#1236=ORIENTED_EDGE('',*,*,#2047,.T.);
#1237=ORIENTED_EDGE('',*,*,#2241,.T.);
#1238=ORIENTED_EDGE('',*,*,#2242,.T.);
#1239=ORIENTED_EDGE('',*,*,#2243,.F.);
#1240=ORIENTED_EDGE('',*,*,#2244,.F.);
#1241=ORIENTED_EDGE('',*,*,#2245,.T.);
#1242=ORIENTED_EDGE('',*,*,#2045,.T.);
#1243=ORIENTED_EDGE('',*,*,#2229,.T.);
#1244=ORIENTED_EDGE('',*,*,#2246,.T.);
#1245=ORIENTED_EDGE('',*,*,#2247,.F.);
#1246=ORIENTED_EDGE('',*,*,#2248,.F.);
#1247=ORIENTED_EDGE('',*,*,#2237,.T.);
#1248=ORIENTED_EDGE('',*,*,#2048,.T.);
#1249=ORIENTED_EDGE('',*,*,#2245,.F.);
#1250=ORIENTED_EDGE('',*,*,#2249,.F.);
#1251=ORIENTED_EDGE('',*,*,#2250,.F.);
#1252=ORIENTED_EDGE('',*,*,#2251,.T.);
#1253=ORIENTED_EDGE('',*,*,#2197,.F.);
#1254=ORIENTED_EDGE('',*,*,#2032,.T.);
#1255=ORIENTED_EDGE('',*,*,#2252,.F.);
#1256=ORIENTED_EDGE('',*,*,#2253,.F.);
#1257=ORIENTED_EDGE('',*,*,#2254,.F.);
#1258=ORIENTED_EDGE('',*,*,#2255,.T.);
#1259=ORIENTED_EDGE('',*,*,#2256,.F.);
#1260=ORIENTED_EDGE('',*,*,#2029,.T.);
#1261=ORIENTED_EDGE('',*,*,#2257,.T.);
#1262=ORIENTED_EDGE('',*,*,#2258,.T.);
#1263=ORIENTED_EDGE('',*,*,#2259,.F.);
#1264=ORIENTED_EDGE('',*,*,#2260,.F.);
#1265=ORIENTED_EDGE('',*,*,#2261,.T.);
#1266=ORIENTED_EDGE('',*,*,#2031,.T.);
#1267=ORIENTED_EDGE('',*,*,#2262,.T.);
#1268=ORIENTED_EDGE('',*,*,#2263,.T.);
#1269=ORIENTED_EDGE('',*,*,#2264,.F.);
#1270=ORIENTED_EDGE('',*,*,#2265,.F.);
#1271=ORIENTED_EDGE('',*,*,#2252,.T.);
#1272=ORIENTED_EDGE('',*,*,#2030,.T.);
#1273=ORIENTED_EDGE('',*,*,#2261,.F.);
#1274=ORIENTED_EDGE('',*,*,#2266,.F.);
#1275=ORIENTED_EDGE('',*,*,#2267,.F.);
#1276=ORIENTED_EDGE('',*,*,#2268,.T.);
#1277=ORIENTED_EDGE('',*,*,#2262,.F.);
#1278=ORIENTED_EDGE('',*,*,#2026,.T.);
#1279=ORIENTED_EDGE('',*,*,#2186,.F.);
#1280=ORIENTED_EDGE('',*,*,#2269,.F.);
#1281=ORIENTED_EDGE('',*,*,#2270,.F.);
#1282=ORIENTED_EDGE('',*,*,#2271,.T.);
#1283=ORIENTED_EDGE('',*,*,#2272,.F.);
#1284=ORIENTED_EDGE('',*,*,#2027,.T.);
#1285=ORIENTED_EDGE('',*,*,#2272,.T.);
#1286=ORIENTED_EDGE('',*,*,#2273,.T.);
#1287=ORIENTED_EDGE('',*,*,#2274,.F.);
#1288=ORIENTED_EDGE('',*,*,#2275,.F.);
#1289=ORIENTED_EDGE('',*,*,#2276,.T.);
#1290=ORIENTED_EDGE('',*,*,#2028,.T.);
#1291=ORIENTED_EDGE('',*,*,#2276,.F.);
#1292=ORIENTED_EDGE('',*,*,#2277,.F.);
#1293=ORIENTED_EDGE('',*,*,#2278,.F.);
#1294=ORIENTED_EDGE('',*,*,#2279,.T.);
#1295=ORIENTED_EDGE('',*,*,#2257,.F.);
#1296=ORIENTED_EDGE('',*,*,#2036,.T.);
#1297=ORIENTED_EDGE('',*,*,#2280,.F.);
#1298=ORIENTED_EDGE('',*,*,#2281,.F.);
#1299=ORIENTED_EDGE('',*,*,#2282,.F.);
#1300=ORIENTED_EDGE('',*,*,#2283,.T.);
#1301=ORIENTED_EDGE('',*,*,#2284,.F.);
#1302=ORIENTED_EDGE('',*,*,#2035,.T.);
#1303=ORIENTED_EDGE('',*,*,#2285,.T.);
#1304=ORIENTED_EDGE('',*,*,#2286,.T.);
#1305=ORIENTED_EDGE('',*,*,#2287,.F.);
#1306=ORIENTED_EDGE('',*,*,#2288,.F.);
#1307=ORIENTED_EDGE('',*,*,#2280,.T.);
#1308=ORIENTED_EDGE('',*,*,#2034,.T.);
#1309=ORIENTED_EDGE('',*,*,#2289,.F.);
#1310=ORIENTED_EDGE('',*,*,#2290,.F.);
#1311=ORIENTED_EDGE('',*,*,#2291,.F.);
#1312=ORIENTED_EDGE('',*,*,#2292,.T.);
#1313=ORIENTED_EDGE('',*,*,#2285,.F.);
#1314=ORIENTED_EDGE('',*,*,#2038,.T.);
#1315=ORIENTED_EDGE('',*,*,#2293,.F.);
#1316=ORIENTED_EDGE('',*,*,#2294,.F.);
#1317=ORIENTED_EDGE('',*,*,#2295,.F.);
#1318=ORIENTED_EDGE('',*,*,#2296,.T.);
#1319=ORIENTED_EDGE('',*,*,#2297,.F.);
#1320=ORIENTED_EDGE('',*,*,#2039,.T.);
#1321=ORIENTED_EDGE('',*,*,#2297,.T.);
#1322=ORIENTED_EDGE('',*,*,#2298,.T.);
#1323=ORIENTED_EDGE('',*,*,#2299,.F.);
#1324=ORIENTED_EDGE('',*,*,#2300,.F.);
#1325=ORIENTED_EDGE('',*,*,#2301,.T.);
#1326=ORIENTED_EDGE('',*,*,#2037,.T.);
#1327=ORIENTED_EDGE('',*,*,#2284,.T.);
#1328=ORIENTED_EDGE('',*,*,#2302,.T.);
#1329=ORIENTED_EDGE('',*,*,#2303,.F.);
#1330=ORIENTED_EDGE('',*,*,#2304,.F.);
#1331=ORIENTED_EDGE('',*,*,#2293,.T.);
#1332=ORIENTED_EDGE('',*,*,#2033,.T.);
#1333=ORIENTED_EDGE('',*,*,#2256,.T.);
#1334=ORIENTED_EDGE('',*,*,#2305,.T.);
#1335=ORIENTED_EDGE('',*,*,#2306,.F.);
#1336=ORIENTED_EDGE('',*,*,#2307,.F.);
#1337=ORIENTED_EDGE('',*,*,#2289,.T.);
#1338=ORIENTED_EDGE('',*,*,#2040,.T.);
#1339=ORIENTED_EDGE('',*,*,#2301,.F.);
#1340=ORIENTED_EDGE('',*,*,#2308,.F.);
#1341=ORIENTED_EDGE('',*,*,#2309,.F.);
#1342=ORIENTED_EDGE('',*,*,#2310,.T.);
#1343=ORIENTED_EDGE('',*,*,#2192,.F.);
#1344=ORIENTED_EDGE('',*,*,#2060,.T.);
#1345=ORIENTED_EDGE('',*,*,#2311,.F.);
#1346=ORIENTED_EDGE('',*,*,#2312,.F.);
#1347=ORIENTED_EDGE('',*,*,#2313,.F.);
#1348=ORIENTED_EDGE('',*,*,#2314,.T.);
#1349=ORIENTED_EDGE('',*,*,#2315,.F.);
#1350=ORIENTED_EDGE('',*,*,#2059,.T.);
#1351=ORIENTED_EDGE('',*,*,#2316,.T.);
#1352=ORIENTED_EDGE('',*,*,#2317,.T.);
#1353=ORIENTED_EDGE('',*,*,#2318,.F.);
#1354=ORIENTED_EDGE('',*,*,#2319,.F.);
#1355=ORIENTED_EDGE('',*,*,#2311,.T.);
#1356=ORIENTED_EDGE('',*,*,#2058,.T.);
#1357=ORIENTED_EDGE('',*,*,#2320,.F.);
#1358=ORIENTED_EDGE('',*,*,#2321,.F.);
#1359=ORIENTED_EDGE('',*,*,#2322,.F.);
#1360=ORIENTED_EDGE('',*,*,#2323,.T.);
#1361=ORIENTED_EDGE('',*,*,#2316,.F.);
#1362=ORIENTED_EDGE('',*,*,#2062,.T.);
#1363=ORIENTED_EDGE('',*,*,#2324,.F.);
#1364=ORIENTED_EDGE('',*,*,#2325,.F.);
#1365=ORIENTED_EDGE('',*,*,#2326,.F.);
#1366=ORIENTED_EDGE('',*,*,#2327,.T.);
#1367=ORIENTED_EDGE('',*,*,#2328,.F.);
#1368=ORIENTED_EDGE('',*,*,#2061,.T.);
#1369=ORIENTED_EDGE('',*,*,#2315,.T.);
#1370=ORIENTED_EDGE('',*,*,#2329,.T.);
#1371=ORIENTED_EDGE('',*,*,#2330,.F.);
#1372=ORIENTED_EDGE('',*,*,#2331,.F.);
#1373=ORIENTED_EDGE('',*,*,#2324,.T.);
#1374=ORIENTED_EDGE('',*,*,#2012,.T.);
#1375=ORIENTED_EDGE('',*,*,#2332,.F.);
#1376=ORIENTED_EDGE('',*,*,#2333,.F.);
#1377=ORIENTED_EDGE('',*,*,#2334,.F.);
#1378=ORIENTED_EDGE('',*,*,#2335,.T.);
#1379=ORIENTED_EDGE('',*,*,#2336,.F.);
#1380=ORIENTED_EDGE('',*,*,#2011,.T.);
#1381=ORIENTED_EDGE('',*,*,#2337,.T.);
#1382=ORIENTED_EDGE('',*,*,#2338,.T.);
#1383=ORIENTED_EDGE('',*,*,#2339,.F.);
#1384=ORIENTED_EDGE('',*,*,#2340,.F.);
#1385=ORIENTED_EDGE('',*,*,#2332,.T.);
#1386=ORIENTED_EDGE('',*,*,#2014,.T.);
#1387=ORIENTED_EDGE('',*,*,#2341,.F.);
#1388=ORIENTED_EDGE('',*,*,#2342,.F.);
#1389=ORIENTED_EDGE('',*,*,#2343,.F.);
#1390=ORIENTED_EDGE('',*,*,#2344,.T.);
#1391=ORIENTED_EDGE('',*,*,#2345,.F.);
#1392=ORIENTED_EDGE('',*,*,#2015,.T.);
#1393=ORIENTED_EDGE('',*,*,#2345,.T.);
#1394=ORIENTED_EDGE('',*,*,#2346,.T.);
#1395=ORIENTED_EDGE('',*,*,#2347,.F.);
#1396=ORIENTED_EDGE('',*,*,#2348,.F.);
#1397=ORIENTED_EDGE('',*,*,#2349,.T.);
#1398=ORIENTED_EDGE('',*,*,#2013,.T.);
#1399=ORIENTED_EDGE('',*,*,#2336,.T.);
#1400=ORIENTED_EDGE('',*,*,#2350,.T.);
#1401=ORIENTED_EDGE('',*,*,#2351,.F.);
#1402=ORIENTED_EDGE('',*,*,#2352,.F.);
#1403=ORIENTED_EDGE('',*,*,#2341,.T.);
#1404=ORIENTED_EDGE('',*,*,#2057,.T.);
#1405=ORIENTED_EDGE('',*,*,#2191,.T.);
#1406=ORIENTED_EDGE('',*,*,#2353,.T.);
#1407=ORIENTED_EDGE('',*,*,#2354,.F.);
#1408=ORIENTED_EDGE('',*,*,#2355,.F.);
#1409=ORIENTED_EDGE('',*,*,#2320,.T.);
#1410=ORIENTED_EDGE('',*,*,#2016,.T.);
#1411=ORIENTED_EDGE('',*,*,#2349,.F.);
#1412=ORIENTED_EDGE('',*,*,#2356,.F.);
#1413=ORIENTED_EDGE('',*,*,#2357,.F.);
#1414=ORIENTED_EDGE('',*,*,#2358,.T.);
#1415=ORIENTED_EDGE('',*,*,#2158,.F.);
#1416=ORIENTED_EDGE('',*,*,#2019,.T.);
#1417=ORIENTED_EDGE('',*,*,#2157,.F.);
#1418=ORIENTED_EDGE('',*,*,#2359,.T.);
#1419=ORIENTED_EDGE('',*,*,#2360,.F.);
#1420=ORIENTED_EDGE('',*,*,#2361,.F.);
#1421=ORIENTED_EDGE('',*,*,#2179,.T.);
#1422=ORIENTED_EDGE('',*,*,#2095,.T.);
#1423=ORIENTED_EDGE('',*,*,#2362,.F.);
#1424=ORIENTED_EDGE('',*,*,#2363,.F.);
#1425=ORIENTED_EDGE('',*,*,#2086,.T.);
#1426=ORIENTED_EDGE('',*,*,#2364,.F.);
#1427=ORIENTED_EDGE('',*,*,#2365,.F.);
#1428=ORIENTED_EDGE('',*,*,#2092,.T.);
#1429=ORIENTED_EDGE('',*,*,#2366,.F.);
#1430=ORIENTED_EDGE('',*,*,#2367,.F.);
#1431=ORIENTED_EDGE('',*,*,#2089,.T.);
#1432=ORIENTED_EDGE('',*,*,#2368,.F.);
#1433=ORIENTED_EDGE('',*,*,#2369,.F.);
#1434=ORIENTED_EDGE('',*,*,#2083,.T.);
#1435=ORIENTED_EDGE('',*,*,#2370,.F.);
#1436=ORIENTED_EDGE('',*,*,#2371,.F.);
#1437=ORIENTED_EDGE('',*,*,#2071,.T.);
#1438=ORIENTED_EDGE('',*,*,#2372,.F.);
#1439=ORIENTED_EDGE('',*,*,#2373,.F.);
#1440=ORIENTED_EDGE('',*,*,#2074,.T.);
#1441=ORIENTED_EDGE('',*,*,#2374,.F.);
#1442=ORIENTED_EDGE('',*,*,#2375,.F.);
#1443=ORIENTED_EDGE('',*,*,#2068,.T.);
#1444=ORIENTED_EDGE('',*,*,#2376,.F.);
#1445=ORIENTED_EDGE('',*,*,#2377,.F.);
#1446=ORIENTED_EDGE('',*,*,#2077,.T.);
#1447=ORIENTED_EDGE('',*,*,#2378,.F.);
#1448=ORIENTED_EDGE('',*,*,#2379,.F.);
#1449=ORIENTED_EDGE('',*,*,#2065,.T.);
#1450=ORIENTED_EDGE('',*,*,#2380,.F.);
#1451=ORIENTED_EDGE('',*,*,#2381,.F.);
#1452=ORIENTED_EDGE('',*,*,#2001,.T.);
#1453=ORIENTED_EDGE('',*,*,#2063,.T.);
#1454=ORIENTED_EDGE('',*,*,#2363,.T.);
#1455=ORIENTED_EDGE('',*,*,#2382,.F.);
#1456=ORIENTED_EDGE('',*,*,#2383,.F.);
#1457=ORIENTED_EDGE('',*,*,#2384,.F.);
#1458=ORIENTED_EDGE('',*,*,#2385,.T.);
#1459=ORIENTED_EDGE('',*,*,#2386,.F.);
#1460=ORIENTED_EDGE('',*,*,#1986,.T.);
#1461=ORIENTED_EDGE('',*,*,#2387,.T.);
#1462=ORIENTED_EDGE('',*,*,#2388,.T.);
#1463=ORIENTED_EDGE('',*,*,#2389,.F.);
#1464=ORIENTED_EDGE('',*,*,#2390,.F.);
#1465=ORIENTED_EDGE('',*,*,#2391,.T.);
#1466=ORIENTED_EDGE('',*,*,#2364,.T.);
#1467=ORIENTED_EDGE('',*,*,#2085,.T.);
#1468=ORIENTED_EDGE('',*,*,#1983,.T.);
#1469=ORIENTED_EDGE('',*,*,#2392,.T.);
#1470=ORIENTED_EDGE('',*,*,#2393,.T.);
#1471=ORIENTED_EDGE('',*,*,#2394,.F.);
#1472=ORIENTED_EDGE('',*,*,#2395,.F.);
#1473=ORIENTED_EDGE('',*,*,#2396,.T.);
#1474=ORIENTED_EDGE('',*,*,#2366,.T.);
#1475=ORIENTED_EDGE('',*,*,#2091,.T.);
#1476=ORIENTED_EDGE('',*,*,#1977,.T.);
#1477=ORIENTED_EDGE('',*,*,#2397,.T.);
#1478=ORIENTED_EDGE('',*,*,#2398,.T.);
#1479=ORIENTED_EDGE('',*,*,#2399,.F.);
#1480=ORIENTED_EDGE('',*,*,#2400,.F.);
#1481=ORIENTED_EDGE('',*,*,#2382,.T.);
#1482=ORIENTED_EDGE('',*,*,#2362,.T.);
#1483=ORIENTED_EDGE('',*,*,#2094,.T.);
#1484=ORIENTED_EDGE('',*,*,#1979,.T.);
#1485=ORIENTED_EDGE('',*,*,#2093,.T.);
#1486=ORIENTED_EDGE('',*,*,#2367,.T.);
#1487=ORIENTED_EDGE('',*,*,#2396,.F.);
#1488=ORIENTED_EDGE('',*,*,#2401,.F.);
#1489=ORIENTED_EDGE('',*,*,#2402,.F.);
#1490=ORIENTED_EDGE('',*,*,#2403,.T.);
#1491=ORIENTED_EDGE('',*,*,#2397,.F.);
#1492=ORIENTED_EDGE('',*,*,#1980,.T.);
#1493=ORIENTED_EDGE('',*,*,#2087,.T.);
#1494=ORIENTED_EDGE('',*,*,#2365,.T.);
#1495=ORIENTED_EDGE('',*,*,#2391,.F.);
#1496=ORIENTED_EDGE('',*,*,#2404,.F.);
#1497=ORIENTED_EDGE('',*,*,#2405,.F.);
#1498=ORIENTED_EDGE('',*,*,#2406,.T.);
#1499=ORIENTED_EDGE('',*,*,#2407,.F.);
#1500=ORIENTED_EDGE('',*,*,#1981,.T.);
#1501=ORIENTED_EDGE('',*,*,#2407,.T.);
#1502=ORIENTED_EDGE('',*,*,#2408,.T.);
#1503=ORIENTED_EDGE('',*,*,#2409,.F.);
#1504=ORIENTED_EDGE('',*,*,#2410,.F.);
#1505=ORIENTED_EDGE('',*,*,#2411,.T.);
#1506=ORIENTED_EDGE('',*,*,#2368,.T.);
#1507=ORIENTED_EDGE('',*,*,#2088,.T.);
#1508=ORIENTED_EDGE('',*,*,#1985,.T.);
#1509=ORIENTED_EDGE('',*,*,#2090,.T.);
#1510=ORIENTED_EDGE('',*,*,#2369,.T.);
#1511=ORIENTED_EDGE('',*,*,#2411,.F.);
#1512=ORIENTED_EDGE('',*,*,#2412,.F.);
#1513=ORIENTED_EDGE('',*,*,#2413,.F.);
#1514=ORIENTED_EDGE('',*,*,#2414,.T.);
#1515=ORIENTED_EDGE('',*,*,#2392,.F.);
#1516=ORIENTED_EDGE('',*,*,#2004,.T.);
#1517=ORIENTED_EDGE('',*,*,#2328,.T.);
#1518=ORIENTED_EDGE('',*,*,#2415,.T.);
#1519=ORIENTED_EDGE('',*,*,#2416,.F.);
#1520=ORIENTED_EDGE('',*,*,#2417,.F.);
#1521=ORIENTED_EDGE('',*,*,#2418,.T.);
#1522=ORIENTED_EDGE('',*,*,#2370,.T.);
#1523=ORIENTED_EDGE('',*,*,#2082,.T.);
#1524=ORIENTED_EDGE('',*,*,#1988,.T.);
#1525=ORIENTED_EDGE('',*,*,#2084,.T.);
#1526=ORIENTED_EDGE('',*,*,#2371,.T.);
#1527=ORIENTED_EDGE('',*,*,#2418,.F.);
#1528=ORIENTED_EDGE('',*,*,#2419,.F.);
#1529=ORIENTED_EDGE('',*,*,#2420,.F.);
#1530=ORIENTED_EDGE('',*,*,#2421,.T.);
#1531=ORIENTED_EDGE('',*,*,#2387,.F.);
#1532=ORIENTED_EDGE('',*,*,#1998,.T.);
#1533=ORIENTED_EDGE('',*,*,#2075,.T.);
#1534=ORIENTED_EDGE('',*,*,#2375,.T.);
#1535=ORIENTED_EDGE('',*,*,#2422,.F.);
#1536=ORIENTED_EDGE('',*,*,#2423,.F.);
#1537=ORIENTED_EDGE('',*,*,#2424,.F.);
#1538=ORIENTED_EDGE('',*,*,#2425,.T.);
#1539=ORIENTED_EDGE('',*,*,#2426,.F.);
#1540=ORIENTED_EDGE('',*,*,#1995,.T.);
#1541=ORIENTED_EDGE('',*,*,#2427,.T.);
#1542=ORIENTED_EDGE('',*,*,#2428,.T.);
#1543=ORIENTED_EDGE('',*,*,#2429,.F.);
#1544=ORIENTED_EDGE('',*,*,#2430,.F.);
#1545=ORIENTED_EDGE('',*,*,#2431,.T.);
#1546=ORIENTED_EDGE('',*,*,#2372,.T.);
#1547=ORIENTED_EDGE('',*,*,#2070,.T.);
#1548=ORIENTED_EDGE('',*,*,#1989,.T.);
#1549=ORIENTED_EDGE('',*,*,#2432,.T.);
#1550=ORIENTED_EDGE('',*,*,#2433,.T.);
#1551=ORIENTED_EDGE('',*,*,#2434,.F.);
#1552=ORIENTED_EDGE('',*,*,#2435,.F.);
#1553=ORIENTED_EDGE('',*,*,#2422,.T.);
#1554=ORIENTED_EDGE('',*,*,#2374,.T.);
#1555=ORIENTED_EDGE('',*,*,#2073,.T.);
#1556=ORIENTED_EDGE('',*,*,#1991,.T.);
#1557=ORIENTED_EDGE('',*,*,#2072,.T.);
#1558=ORIENTED_EDGE('',*,*,#2373,.T.);
#1559=ORIENTED_EDGE('',*,*,#2431,.F.);
#1560=ORIENTED_EDGE('',*,*,#2436,.F.);
#1561=ORIENTED_EDGE('',*,*,#2437,.F.);
#1562=ORIENTED_EDGE('',*,*,#2438,.T.);
#1563=ORIENTED_EDGE('',*,*,#2432,.F.);
#1564=ORIENTED_EDGE('',*,*,#1992,.T.);
#1565=ORIENTED_EDGE('',*,*,#2066,.T.);
#1566=ORIENTED_EDGE('',*,*,#2381,.T.);
#1567=ORIENTED_EDGE('',*,*,#2439,.F.);
#1568=ORIENTED_EDGE('',*,*,#2440,.F.);
#1569=ORIENTED_EDGE('',*,*,#2441,.F.);
#1570=ORIENTED_EDGE('',*,*,#2442,.T.);
#1571=ORIENTED_EDGE('',*,*,#2443,.F.);
#1572=ORIENTED_EDGE('',*,*,#1993,.T.);
#1573=ORIENTED_EDGE('',*,*,#2443,.T.);
#1574=ORIENTED_EDGE('',*,*,#2444,.T.);
#1575=ORIENTED_EDGE('',*,*,#2445,.F.);
#1576=ORIENTED_EDGE('',*,*,#2446,.F.);
#1577=ORIENTED_EDGE('',*,*,#2447,.T.);
#1578=ORIENTED_EDGE('',*,*,#2376,.T.);
#1579=ORIENTED_EDGE('',*,*,#2067,.T.);
#1580=ORIENTED_EDGE('',*,*,#1997,.T.);
#1581=ORIENTED_EDGE('',*,*,#2069,.T.);
#1582=ORIENTED_EDGE('',*,*,#2377,.T.);
#1583=ORIENTED_EDGE('',*,*,#2447,.F.);
#1584=ORIENTED_EDGE('',*,*,#2448,.F.);
#1585=ORIENTED_EDGE('',*,*,#2449,.F.);
#1586=ORIENTED_EDGE('',*,*,#2450,.T.);
#1587=ORIENTED_EDGE('',*,*,#2427,.F.);
#1588=ORIENTED_EDGE('',*,*,#2010,.T.);
#1589=ORIENTED_EDGE('',*,*,#2078,.T.);
#1590=ORIENTED_EDGE('',*,*,#2379,.T.);
#1591=ORIENTED_EDGE('',*,*,#2451,.F.);
#1592=ORIENTED_EDGE('',*,*,#2452,.F.);
#1593=ORIENTED_EDGE('',*,*,#2453,.F.);
#1594=ORIENTED_EDGE('',*,*,#2454,.T.);
#1595=ORIENTED_EDGE('',*,*,#2337,.F.);
#1596=ORIENTED_EDGE('',*,*,#1999,.T.);
#1597=ORIENTED_EDGE('',*,*,#2426,.T.);
#1598=ORIENTED_EDGE('',*,*,#2455,.T.);
#1599=ORIENTED_EDGE('',*,*,#2456,.F.);
#1600=ORIENTED_EDGE('',*,*,#2457,.F.);
#1601=ORIENTED_EDGE('',*,*,#2451,.T.);
#1602=ORIENTED_EDGE('',*,*,#2378,.T.);
#1603=ORIENTED_EDGE('',*,*,#2076,.T.);
#1604=ORIENTED_EDGE('',*,*,#2002,.T.);
#1605=ORIENTED_EDGE('',*,*,#2386,.T.);
#1606=ORIENTED_EDGE('',*,*,#2458,.T.);
#1607=ORIENTED_EDGE('',*,*,#2459,.F.);
#1608=ORIENTED_EDGE('',*,*,#2460,.F.);
#1609=ORIENTED_EDGE('',*,*,#2439,.T.);
#1610=ORIENTED_EDGE('',*,*,#2380,.T.);
#1611=ORIENTED_EDGE('',*,*,#2064,.T.);
#1612=ORIENTED_EDGE('',*,*,#2461,.T.);
#1613=ORIENTED_EDGE('',*,*,#2154,.T.);
#1614=ORIENTED_EDGE('',*,*,#2161,.T.);
#1615=ORIENTED_EDGE('',*,*,#2344,.F.);
#1616=ORIENTED_EDGE('',*,*,#2462,.T.);
#1617=ORIENTED_EDGE('',*,*,#2346,.F.);
#1618=ORIENTED_EDGE('',*,*,#2463,.T.);
#1619=ORIENTED_EDGE('',*,*,#2338,.F.);
#1620=ORIENTED_EDGE('',*,*,#2454,.F.);
#1621=ORIENTED_EDGE('',*,*,#2335,.F.);
#1622=ORIENTED_EDGE('',*,*,#2464,.T.);
#1623=ORIENTED_EDGE('',*,*,#2350,.F.);
#1624=ORIENTED_EDGE('',*,*,#2442,.F.);
#1625=ORIENTED_EDGE('',*,*,#2465,.T.);
#1626=ORIENTED_EDGE('',*,*,#2444,.F.);
#1627=ORIENTED_EDGE('',*,*,#2466,.T.);
#1628=ORIENTED_EDGE('',*,*,#2433,.F.);
#1629=ORIENTED_EDGE('',*,*,#2438,.F.);
#1630=ORIENTED_EDGE('',*,*,#2467,.T.);
#1631=ORIENTED_EDGE('',*,*,#2428,.F.);
#1632=ORIENTED_EDGE('',*,*,#2450,.F.);
#1633=ORIENTED_EDGE('',*,*,#2425,.F.);
#1634=ORIENTED_EDGE('',*,*,#2468,.T.);
#1635=ORIENTED_EDGE('',*,*,#2455,.F.);
#1636=ORIENTED_EDGE('',*,*,#2327,.F.);
#1637=ORIENTED_EDGE('',*,*,#2469,.T.);
#1638=ORIENTED_EDGE('',*,*,#2415,.F.);
#1639=ORIENTED_EDGE('',*,*,#2470,.T.);
#1640=ORIENTED_EDGE('',*,*,#2317,.F.);
#1641=ORIENTED_EDGE('',*,*,#2323,.F.);
#1642=ORIENTED_EDGE('',*,*,#2314,.F.);
#1643=ORIENTED_EDGE('',*,*,#2471,.T.);
#1644=ORIENTED_EDGE('',*,*,#2329,.F.);
#1645=ORIENTED_EDGE('',*,*,#2406,.F.);
#1646=ORIENTED_EDGE('',*,*,#2472,.T.);
#1647=ORIENTED_EDGE('',*,*,#2408,.F.);
#1648=ORIENTED_EDGE('',*,*,#2473,.T.);
#1649=ORIENTED_EDGE('',*,*,#2398,.F.);
#1650=ORIENTED_EDGE('',*,*,#2403,.F.);
#1651=ORIENTED_EDGE('',*,*,#2474,.T.);
#1652=ORIENTED_EDGE('',*,*,#2393,.F.);
#1653=ORIENTED_EDGE('',*,*,#2414,.F.);
#1654=ORIENTED_EDGE('',*,*,#2475,.T.);
#1655=ORIENTED_EDGE('',*,*,#2388,.F.);
#1656=ORIENTED_EDGE('',*,*,#2421,.F.);
#1657=ORIENTED_EDGE('',*,*,#2385,.F.);
#1658=ORIENTED_EDGE('',*,*,#2476,.T.);
#1659=ORIENTED_EDGE('',*,*,#2458,.F.);
#1660=ORIENTED_EDGE('',*,*,#2296,.F.);
#1661=ORIENTED_EDGE('',*,*,#2477,.T.);
#1662=ORIENTED_EDGE('',*,*,#2298,.F.);
#1663=ORIENTED_EDGE('',*,*,#2478,.T.);
#1664=ORIENTED_EDGE('',*,*,#2286,.F.);
#1665=ORIENTED_EDGE('',*,*,#2292,.F.);
#1666=ORIENTED_EDGE('',*,*,#2283,.F.);
#1667=ORIENTED_EDGE('',*,*,#2479,.T.);
#1668=ORIENTED_EDGE('',*,*,#2302,.F.);
#1669=ORIENTED_EDGE('',*,*,#2165,.F.);
#1670=ORIENTED_EDGE('',*,*,#2480,.T.);
#1671=ORIENTED_EDGE('',*,*,#2183,.F.);
#1672=ORIENTED_EDGE('',*,*,#2271,.F.);
#1673=ORIENTED_EDGE('',*,*,#2481,.T.);
#1674=ORIENTED_EDGE('',*,*,#2273,.F.);
#1675=ORIENTED_EDGE('',*,*,#2482,.T.);
#1676=ORIENTED_EDGE('',*,*,#2263,.F.);
#1677=ORIENTED_EDGE('',*,*,#2268,.F.);
#1678=ORIENTED_EDGE('',*,*,#2483,.T.);
#1679=ORIENTED_EDGE('',*,*,#2258,.F.);
#1680=ORIENTED_EDGE('',*,*,#2279,.F.);
#1681=ORIENTED_EDGE('',*,*,#2255,.F.);
#1682=ORIENTED_EDGE('',*,*,#2484,.T.);
#1683=ORIENTED_EDGE('',*,*,#2305,.F.);
#1684=ORIENTED_EDGE('',*,*,#2240,.F.);
#1685=ORIENTED_EDGE('',*,*,#2485,.T.);
#1686=ORIENTED_EDGE('',*,*,#2242,.F.);
#1687=ORIENTED_EDGE('',*,*,#2486,.T.);
#1688=ORIENTED_EDGE('',*,*,#2231,.F.);
#1689=ORIENTED_EDGE('',*,*,#2236,.F.);
#1690=ORIENTED_EDGE('',*,*,#2228,.F.);
#1691=ORIENTED_EDGE('',*,*,#2487,.T.);
#1692=ORIENTED_EDGE('',*,*,#2246,.F.);
#1693=ORIENTED_EDGE('',*,*,#2216,.F.);
#1694=ORIENTED_EDGE('',*,*,#2488,.T.);
#1695=ORIENTED_EDGE('',*,*,#2218,.F.);
#1696=ORIENTED_EDGE('',*,*,#2489,.T.);
#1697=ORIENTED_EDGE('',*,*,#2208,.F.);
#1698=ORIENTED_EDGE('',*,*,#2213,.F.);
#1699=ORIENTED_EDGE('',*,*,#2490,.T.);
#1700=ORIENTED_EDGE('',*,*,#2203,.F.);
#1701=ORIENTED_EDGE('',*,*,#2224,.F.);
#1702=ORIENTED_EDGE('',*,*,#2491,.T.);
#1703=ORIENTED_EDGE('',*,*,#2198,.F.);
#1704=ORIENTED_EDGE('',*,*,#2251,.F.);
#1705=ORIENTED_EDGE('',*,*,#2492,.T.);
#1706=ORIENTED_EDGE('',*,*,#2193,.F.);
#1707=ORIENTED_EDGE('',*,*,#2310,.F.);
#1708=ORIENTED_EDGE('',*,*,#2190,.F.);
#1709=ORIENTED_EDGE('',*,*,#2493,.T.);
#1710=ORIENTED_EDGE('',*,*,#2353,.F.);
#1711=ORIENTED_EDGE('',*,*,#2494,.T.);
#1712=ORIENTED_EDGE('',*,*,#2163,.T.);
#1713=ORIENTED_EDGE('',*,*,#2170,.T.);
#1714=ORIENTED_EDGE('',*,*,#2495,.T.);
#1715=ORIENTED_EDGE('',*,*,#2176,.T.);
#1716=ORIENTED_EDGE('',*,*,#2174,.T.);
#1717=ORIENTED_EDGE('',*,*,#2496,.T.);
#1718=ORIENTED_EDGE('',*,*,#2180,.T.);
#1719=ORIENTED_EDGE('',*,*,#2361,.T.);
#1720=ORIENTED_EDGE('',*,*,#2178,.F.);
#1721=ORIENTED_EDGE('',*,*,#2497,.T.);
#1722=ORIENTED_EDGE('',*,*,#2168,.F.);
#1723=ORIENTED_EDGE('',*,*,#2182,.F.);
#1724=ORIENTED_EDGE('',*,*,#2498,.T.);
#1725=ORIENTED_EDGE('',*,*,#2172,.F.);
#1726=ORIENTED_EDGE('',*,*,#2096,.F.);
#1727=ORIENTED_EDGE('',*,*,#2499,.T.);
#1728=ORIENTED_EDGE('',*,*,#2500,.T.);
#1729=ORIENTED_EDGE('',*,*,#2188,.T.);
#1730=ORIENTED_EDGE('',*,*,#2210,.T.);
#1731=ORIENTED_EDGE('',*,*,#2501,.T.);
#1732=ORIENTED_EDGE('',*,*,#2211,.T.);
#1733=ORIENTED_EDGE('',*,*,#2205,.T.);
#1734=ORIENTED_EDGE('',*,*,#2502,.T.);
#1735=ORIENTED_EDGE('',*,*,#2214,.T.);
#1736=ORIENTED_EDGE('',*,*,#2200,.T.);
#1737=ORIENTED_EDGE('',*,*,#2503,.T.);
#1738=ORIENTED_EDGE('',*,*,#2222,.T.);
#1739=ORIENTED_EDGE('',*,*,#2220,.T.);
#1740=ORIENTED_EDGE('',*,*,#2504,.T.);
#1741=ORIENTED_EDGE('',*,*,#2226,.T.);
#1742=ORIENTED_EDGE('',*,*,#2233,.T.);
#1743=ORIENTED_EDGE('',*,*,#2505,.T.);
#1744=ORIENTED_EDGE('',*,*,#2234,.T.);
#1745=ORIENTED_EDGE('',*,*,#2195,.T.);
#1746=ORIENTED_EDGE('',*,*,#2506,.T.);
#1747=ORIENTED_EDGE('',*,*,#2238,.T.);
#1748=ORIENTED_EDGE('',*,*,#2248,.T.);
#1749=ORIENTED_EDGE('',*,*,#2507,.T.);
#1750=ORIENTED_EDGE('',*,*,#2249,.T.);
#1751=ORIENTED_EDGE('',*,*,#2244,.T.);
#1752=ORIENTED_EDGE('',*,*,#2508,.T.);
#1753=ORIENTED_EDGE('',*,*,#2253,.T.);
#1754=ORIENTED_EDGE('',*,*,#2265,.T.);
#1755=ORIENTED_EDGE('',*,*,#2509,.T.);
#1756=ORIENTED_EDGE('',*,*,#2266,.T.);
#1757=ORIENTED_EDGE('',*,*,#2260,.T.);
#1758=ORIENTED_EDGE('',*,*,#2510,.T.);
#1759=ORIENTED_EDGE('',*,*,#2269,.T.);
#1760=ORIENTED_EDGE('',*,*,#2185,.T.);
#1761=ORIENTED_EDGE('',*,*,#2511,.T.);
#1762=ORIENTED_EDGE('',*,*,#2277,.T.);
#1763=ORIENTED_EDGE('',*,*,#2275,.T.);
#1764=ORIENTED_EDGE('',*,*,#2512,.T.);
#1765=ORIENTED_EDGE('',*,*,#2281,.T.);
#1766=ORIENTED_EDGE('',*,*,#2288,.T.);
#1767=ORIENTED_EDGE('',*,*,#2513,.T.);
#1768=ORIENTED_EDGE('',*,*,#2290,.T.);
#1769=ORIENTED_EDGE('',*,*,#2307,.T.);
#1770=ORIENTED_EDGE('',*,*,#2514,.T.);
#1771=ORIENTED_EDGE('',*,*,#2294,.T.);
#1772=ORIENTED_EDGE('',*,*,#2304,.T.);
#1773=ORIENTED_EDGE('',*,*,#2515,.T.);
#1774=ORIENTED_EDGE('',*,*,#2308,.T.);
#1775=ORIENTED_EDGE('',*,*,#2300,.T.);
#1776=ORIENTED_EDGE('',*,*,#2516,.T.);
#1777=ORIENTED_EDGE('',*,*,#2383,.T.);
#1778=ORIENTED_EDGE('',*,*,#2400,.T.);
#1779=ORIENTED_EDGE('',*,*,#2517,.T.);
#1780=ORIENTED_EDGE('',*,*,#2401,.T.);
#1781=ORIENTED_EDGE('',*,*,#2395,.T.);
#1782=ORIENTED_EDGE('',*,*,#2518,.T.);
#1783=ORIENTED_EDGE('',*,*,#2404,.T.);
#1784=ORIENTED_EDGE('',*,*,#2390,.T.);
#1785=ORIENTED_EDGE('',*,*,#2519,.T.);
#1786=ORIENTED_EDGE('',*,*,#2412,.T.);
#1787=ORIENTED_EDGE('',*,*,#2410,.T.);
#1788=ORIENTED_EDGE('',*,*,#2520,.T.);
#1789=ORIENTED_EDGE('',*,*,#2312,.T.);
#1790=ORIENTED_EDGE('',*,*,#2319,.T.);
#1791=ORIENTED_EDGE('',*,*,#2521,.T.);
#1792=ORIENTED_EDGE('',*,*,#2321,.T.);
#1793=ORIENTED_EDGE('',*,*,#2355,.T.);
#1794=ORIENTED_EDGE('',*,*,#2522,.T.);
#1795=ORIENTED_EDGE('',*,*,#2325,.T.);
#1796=ORIENTED_EDGE('',*,*,#2331,.T.);
#1797=ORIENTED_EDGE('',*,*,#2523,.T.);
#1798=ORIENTED_EDGE('',*,*,#2419,.T.);
#1799=ORIENTED_EDGE('',*,*,#2417,.T.);
#1800=ORIENTED_EDGE('',*,*,#2524,.T.);
#1801=ORIENTED_EDGE('',*,*,#2423,.T.);
#1802=ORIENTED_EDGE('',*,*,#2435,.T.);
#1803=ORIENTED_EDGE('',*,*,#2525,.T.);
#1804=ORIENTED_EDGE('',*,*,#2436,.T.);
#1805=ORIENTED_EDGE('',*,*,#2430,.T.);
#1806=ORIENTED_EDGE('',*,*,#2526,.T.);
#1807=ORIENTED_EDGE('',*,*,#2440,.T.);
#1808=ORIENTED_EDGE('',*,*,#2460,.T.);
#1809=ORIENTED_EDGE('',*,*,#2527,.T.);
#1810=ORIENTED_EDGE('',*,*,#2448,.T.);
#1811=ORIENTED_EDGE('',*,*,#2446,.T.);
#1812=ORIENTED_EDGE('',*,*,#2528,.T.);
#1813=ORIENTED_EDGE('',*,*,#2333,.T.);
#1814=ORIENTED_EDGE('',*,*,#2340,.T.);
#1815=ORIENTED_EDGE('',*,*,#2529,.T.);
#1816=ORIENTED_EDGE('',*,*,#2452,.T.);
#1817=ORIENTED_EDGE('',*,*,#2457,.T.);
#1818=ORIENTED_EDGE('',*,*,#2530,.T.);
#1819=ORIENTED_EDGE('',*,*,#2342,.T.);
#1820=ORIENTED_EDGE('',*,*,#2352,.T.);
#1821=ORIENTED_EDGE('',*,*,#2531,.T.);
#1822=ORIENTED_EDGE('',*,*,#2356,.T.);
#1823=ORIENTED_EDGE('',*,*,#2348,.T.);
#1824=ORIENTED_EDGE('',*,*,#2499,.F.);
#1825=ORIENTED_EDGE('',*,*,#2155,.T.);
#1826=ORIENTED_EDGE('',*,*,#2461,.F.);
#1827=ORIENTED_EDGE('',*,*,#2160,.T.);
#1828=ORIENTED_EDGE('',*,*,#2532,.F.);
#1829=ORIENTED_EDGE('',*,*,#2357,.T.);
#1830=ORIENTED_EDGE('',*,*,#2531,.F.);
#1831=ORIENTED_EDGE('',*,*,#2347,.T.);
#1832=ORIENTED_EDGE('',*,*,#2462,.F.);
#1833=ORIENTED_EDGE('',*,*,#2343,.T.);
#1834=ORIENTED_EDGE('',*,*,#2530,.F.);
#1835=ORIENTED_EDGE('',*,*,#2351,.T.);
#1836=ORIENTED_EDGE('',*,*,#2464,.F.);
#1837=ORIENTED_EDGE('',*,*,#2334,.T.);
#1838=ORIENTED_EDGE('',*,*,#2528,.F.);
#1839=ORIENTED_EDGE('',*,*,#2339,.T.);
#1840=ORIENTED_EDGE('',*,*,#2463,.F.);
#1841=ORIENTED_EDGE('',*,*,#2453,.T.);
#1842=ORIENTED_EDGE('',*,*,#2529,.F.);
#1843=ORIENTED_EDGE('',*,*,#2456,.T.);
#1844=ORIENTED_EDGE('',*,*,#2468,.F.);
#1845=ORIENTED_EDGE('',*,*,#2424,.T.);
#1846=ORIENTED_EDGE('',*,*,#2524,.F.);
#1847=ORIENTED_EDGE('',*,*,#2434,.T.);
#1848=ORIENTED_EDGE('',*,*,#2466,.F.);
#1849=ORIENTED_EDGE('',*,*,#2437,.T.);
#1850=ORIENTED_EDGE('',*,*,#2525,.F.);
#1851=ORIENTED_EDGE('',*,*,#2429,.T.);
#1852=ORIENTED_EDGE('',*,*,#2467,.F.);
#1853=ORIENTED_EDGE('',*,*,#2449,.T.);
#1854=ORIENTED_EDGE('',*,*,#2527,.F.);
#1855=ORIENTED_EDGE('',*,*,#2445,.T.);
#1856=ORIENTED_EDGE('',*,*,#2465,.F.);
#1857=ORIENTED_EDGE('',*,*,#2441,.T.);
#1858=ORIENTED_EDGE('',*,*,#2526,.F.);
#1859=ORIENTED_EDGE('',*,*,#2459,.T.);
#1860=ORIENTED_EDGE('',*,*,#2476,.F.);
#1861=ORIENTED_EDGE('',*,*,#2384,.T.);
#1862=ORIENTED_EDGE('',*,*,#2516,.F.);
#1863=ORIENTED_EDGE('',*,*,#2399,.T.);
#1864=ORIENTED_EDGE('',*,*,#2473,.F.);
#1865=ORIENTED_EDGE('',*,*,#2402,.T.);
#1866=ORIENTED_EDGE('',*,*,#2517,.F.);
#1867=ORIENTED_EDGE('',*,*,#2394,.T.);
#1868=ORIENTED_EDGE('',*,*,#2474,.F.);
#1869=ORIENTED_EDGE('',*,*,#2413,.T.);
#1870=ORIENTED_EDGE('',*,*,#2519,.F.);
#1871=ORIENTED_EDGE('',*,*,#2409,.T.);
#1872=ORIENTED_EDGE('',*,*,#2472,.F.);
#1873=ORIENTED_EDGE('',*,*,#2405,.T.);
#1874=ORIENTED_EDGE('',*,*,#2518,.F.);
#1875=ORIENTED_EDGE('',*,*,#2389,.T.);
#1876=ORIENTED_EDGE('',*,*,#2475,.F.);
#1877=ORIENTED_EDGE('',*,*,#2420,.T.);
#1878=ORIENTED_EDGE('',*,*,#2523,.F.);
#1879=ORIENTED_EDGE('',*,*,#2416,.T.);
#1880=ORIENTED_EDGE('',*,*,#2469,.F.);
#1881=ORIENTED_EDGE('',*,*,#2326,.T.);
#1882=ORIENTED_EDGE('',*,*,#2522,.F.);
#1883=ORIENTED_EDGE('',*,*,#2330,.T.);
#1884=ORIENTED_EDGE('',*,*,#2471,.F.);
#1885=ORIENTED_EDGE('',*,*,#2313,.T.);
#1886=ORIENTED_EDGE('',*,*,#2520,.F.);
#1887=ORIENTED_EDGE('',*,*,#2318,.T.);
#1888=ORIENTED_EDGE('',*,*,#2470,.F.);
#1889=ORIENTED_EDGE('',*,*,#2322,.T.);
#1890=ORIENTED_EDGE('',*,*,#2521,.F.);
#1891=ORIENTED_EDGE('',*,*,#2354,.T.);
#1892=ORIENTED_EDGE('',*,*,#2493,.F.);
#1893=ORIENTED_EDGE('',*,*,#2189,.T.);
#1894=ORIENTED_EDGE('',*,*,#2500,.F.);
#1895=ORIENTED_EDGE('',*,*,#2209,.T.);
#1896=ORIENTED_EDGE('',*,*,#2489,.F.);
#1897=ORIENTED_EDGE('',*,*,#2212,.T.);
#1898=ORIENTED_EDGE('',*,*,#2501,.F.);
#1899=ORIENTED_EDGE('',*,*,#2204,.T.);
#1900=ORIENTED_EDGE('',*,*,#2490,.F.);
#1901=ORIENTED_EDGE('',*,*,#2223,.T.);
#1902=ORIENTED_EDGE('',*,*,#2503,.F.);
#1903=ORIENTED_EDGE('',*,*,#2219,.T.);
#1904=ORIENTED_EDGE('',*,*,#2488,.F.);
#1905=ORIENTED_EDGE('',*,*,#2215,.T.);
#1906=ORIENTED_EDGE('',*,*,#2502,.F.);
#1907=ORIENTED_EDGE('',*,*,#2199,.T.);
#1908=ORIENTED_EDGE('',*,*,#2491,.F.);
#1909=ORIENTED_EDGE('',*,*,#2250,.T.);
#1910=ORIENTED_EDGE('',*,*,#2507,.F.);
#1911=ORIENTED_EDGE('',*,*,#2243,.T.);
#1912=ORIENTED_EDGE('',*,*,#2485,.F.);
#1913=ORIENTED_EDGE('',*,*,#2239,.T.);
#1914=ORIENTED_EDGE('',*,*,#2506,.F.);
#1915=ORIENTED_EDGE('',*,*,#2247,.T.);
#1916=ORIENTED_EDGE('',*,*,#2487,.F.);
#1917=ORIENTED_EDGE('',*,*,#2227,.T.);
#1918=ORIENTED_EDGE('',*,*,#2504,.F.);
#1919=ORIENTED_EDGE('',*,*,#2232,.T.);
#1920=ORIENTED_EDGE('',*,*,#2486,.F.);
#1921=ORIENTED_EDGE('',*,*,#2235,.T.);
#1922=ORIENTED_EDGE('',*,*,#2505,.F.);
#1923=ORIENTED_EDGE('',*,*,#2194,.T.);
#1924=ORIENTED_EDGE('',*,*,#2492,.F.);
#1925=ORIENTED_EDGE('',*,*,#2309,.T.);
#1926=ORIENTED_EDGE('',*,*,#2515,.F.);
#1927=ORIENTED_EDGE('',*,*,#2299,.T.);
#1928=ORIENTED_EDGE('',*,*,#2477,.F.);
#1929=ORIENTED_EDGE('',*,*,#2295,.T.);
#1930=ORIENTED_EDGE('',*,*,#2514,.F.);
#1931=ORIENTED_EDGE('',*,*,#2303,.T.);
#1932=ORIENTED_EDGE('',*,*,#2479,.F.);
#1933=ORIENTED_EDGE('',*,*,#2282,.T.);
#1934=ORIENTED_EDGE('',*,*,#2512,.F.);
#1935=ORIENTED_EDGE('',*,*,#2287,.T.);
#1936=ORIENTED_EDGE('',*,*,#2478,.F.);
#1937=ORIENTED_EDGE('',*,*,#2291,.T.);
#1938=ORIENTED_EDGE('',*,*,#2513,.F.);
#1939=ORIENTED_EDGE('',*,*,#2306,.T.);
#1940=ORIENTED_EDGE('',*,*,#2484,.F.);
#1941=ORIENTED_EDGE('',*,*,#2254,.T.);
#1942=ORIENTED_EDGE('',*,*,#2508,.F.);
#1943=ORIENTED_EDGE('',*,*,#2264,.T.);
#1944=ORIENTED_EDGE('',*,*,#2482,.F.);
#1945=ORIENTED_EDGE('',*,*,#2267,.T.);
#1946=ORIENTED_EDGE('',*,*,#2509,.F.);
#1947=ORIENTED_EDGE('',*,*,#2259,.T.);
#1948=ORIENTED_EDGE('',*,*,#2483,.F.);
#1949=ORIENTED_EDGE('',*,*,#2278,.T.);
#1950=ORIENTED_EDGE('',*,*,#2511,.F.);
#1951=ORIENTED_EDGE('',*,*,#2274,.T.);
#1952=ORIENTED_EDGE('',*,*,#2481,.F.);
#1953=ORIENTED_EDGE('',*,*,#2270,.T.);
#1954=ORIENTED_EDGE('',*,*,#2510,.F.);
#1955=ORIENTED_EDGE('',*,*,#2184,.T.);
#1956=ORIENTED_EDGE('',*,*,#2480,.F.);
#1957=ORIENTED_EDGE('',*,*,#2164,.T.);
#1958=ORIENTED_EDGE('',*,*,#2494,.F.);
#1959=ORIENTED_EDGE('',*,*,#2169,.T.);
#1960=ORIENTED_EDGE('',*,*,#2497,.F.);
#1961=ORIENTED_EDGE('',*,*,#2177,.T.);
#1962=ORIENTED_EDGE('',*,*,#2495,.F.);
#1963=ORIENTED_EDGE('',*,*,#2173,.T.);
#1964=ORIENTED_EDGE('',*,*,#2498,.F.);
#1965=ORIENTED_EDGE('',*,*,#2181,.T.);
#1966=ORIENTED_EDGE('',*,*,#2496,.F.);
#1967=ORIENTED_EDGE('',*,*,#2360,.T.);
#1968=ORIENTED_EDGE('',*,*,#2533,.F.);
#1969=ORIENTED_EDGE('',*,*,#2358,.F.);
#1970=ORIENTED_EDGE('',*,*,#2532,.T.);
#1971=ORIENTED_EDGE('',*,*,#2159,.F.);
#1972=ORIENTED_EDGE('',*,*,#2533,.T.);
#1973=ORIENTED_EDGE('',*,*,#2359,.F.);
#1974=ORIENTED_EDGE('',*,*,#2156,.F.);
#1975=ORIENTED_EDGE('',*,*,#2104,.F.);
#1976=ORIENTED_EDGE('',*,*,#2102,.F.);
#1977=EDGE_CURVE('',#2534,#2535,#2923,.T.);
#1978=EDGE_CURVE('',#2536,#2534,#762,.T.);
#1979=EDGE_CURVE('',#2535,#2536,#2924,.T.);
#1980=EDGE_CURVE('',#2537,#2538,#2925,.T.);
#1981=EDGE_CURVE('',#2539,#2537,#2926,.T.);
#1982=EDGE_CURVE('',#2538,#2539,#763,.T.);
#1983=EDGE_CURVE('',#2540,#2541,#2927,.T.);
#1984=EDGE_CURVE('',#2542,#2540,#764,.T.);
#1985=EDGE_CURVE('',#2541,#2542,#2928,.T.);
#1986=EDGE_CURVE('',#2543,#2544,#2929,.T.);
#1987=EDGE_CURVE('',#2545,#2543,#765,.T.);
#1988=EDGE_CURVE('',#2544,#2545,#2930,.T.);
#1989=EDGE_CURVE('',#2546,#2547,#2931,.T.);
#1990=EDGE_CURVE('',#2548,#2546,#766,.T.);
#1991=EDGE_CURVE('',#2547,#2548,#2932,.T.);
#1992=EDGE_CURVE('',#2549,#2550,#2933,.T.);
#1993=EDGE_CURVE('',#2551,#2549,#2934,.T.);
#1994=EDGE_CURVE('',#2550,#2551,#767,.T.);
#1995=EDGE_CURVE('',#2552,#2553,#2935,.T.);
#1996=EDGE_CURVE('',#2554,#2552,#768,.T.);
#1997=EDGE_CURVE('',#2553,#2554,#2936,.T.);
#1998=EDGE_CURVE('',#2555,#2556,#2937,.T.);
#1999=EDGE_CURVE('',#2557,#2555,#2938,.T.);
#2000=EDGE_CURVE('',#2556,#2557,#769,.T.);
#2001=EDGE_CURVE('',#2558,#2559,#2939,.T.);
#2002=EDGE_CURVE('',#2560,#2558,#2940,.T.);
#2003=EDGE_CURVE('',#2559,#2560,#770,.T.);
#2004=EDGE_CURVE('',#2561,#2562,#2941,.T.);
#2005=EDGE_CURVE('',#2563,#2561,#771,.T.);
#2006=EDGE_CURVE('',#2563,#2564,#138,.F.);
#2007=EDGE_CURVE('',#2565,#2564,#772,.T.);
#2008=EDGE_CURVE('',#2566,#2565,#139,.F.);
#2009=EDGE_CURVE('',#2567,#2566,#773,.T.);
#2010=EDGE_CURVE('',#2568,#2567,#2942,.T.);
#2011=EDGE_CURVE('',#2569,#2568,#2943,.T.);
#2012=EDGE_CURVE('',#2570,#2569,#2944,.T.);
#2013=EDGE_CURVE('',#2571,#2570,#2945,.T.);
#2014=EDGE_CURVE('',#2572,#2571,#2946,.T.);
#2015=EDGE_CURVE('',#2573,#2572,#2947,.T.);
#2016=EDGE_CURVE('',#2574,#2573,#2948,.T.);
#2017=EDGE_CURVE('',#2575,#2574,#2949,.T.);
#2018=EDGE_CURVE('',#2576,#2575,#2950,.T.);
#2019=EDGE_CURVE('',#2577,#2576,#2951,.T.);
#2020=EDGE_CURVE('',#2578,#2577,#2952,.T.);
#2021=EDGE_CURVE('',#2579,#2578,#2953,.T.);
#2022=EDGE_CURVE('',#2580,#2579,#2954,.T.);
#2023=EDGE_CURVE('',#2581,#2580,#2955,.T.);
#2024=EDGE_CURVE('',#2582,#2581,#2956,.T.);
#2025=EDGE_CURVE('',#2583,#2582,#2957,.T.);
#2026=EDGE_CURVE('',#2584,#2583,#2958,.T.);
#2027=EDGE_CURVE('',#2585,#2584,#2959,.T.);
#2028=EDGE_CURVE('',#2586,#2585,#2960,.T.);
#2029=EDGE_CURVE('',#2587,#2586,#2961,.T.);
#2030=EDGE_CURVE('',#2588,#2587,#2962,.T.);
#2031=EDGE_CURVE('',#2589,#2588,#2963,.T.);
#2032=EDGE_CURVE('',#2590,#2589,#2964,.T.);
#2033=EDGE_CURVE('',#2591,#2590,#2965,.T.);
#2034=EDGE_CURVE('',#2592,#2591,#2966,.T.);
#2035=EDGE_CURVE('',#2593,#2592,#2967,.T.);
#2036=EDGE_CURVE('',#2594,#2593,#2968,.T.);
#2037=EDGE_CURVE('',#2595,#2594,#2969,.T.);
#2038=EDGE_CURVE('',#2596,#2595,#2970,.T.);
#2039=EDGE_CURVE('',#2597,#2596,#2971,.T.);
#2040=EDGE_CURVE('',#2598,#2597,#2972,.T.);
#2041=EDGE_CURVE('',#2599,#2598,#2973,.T.);
#2042=EDGE_CURVE('',#2600,#2599,#2974,.T.);
#2043=EDGE_CURVE('',#2601,#2600,#2975,.T.);
#2044=EDGE_CURVE('',#2602,#2601,#2976,.T.);
#2045=EDGE_CURVE('',#2603,#2602,#2977,.T.);
#2046=EDGE_CURVE('',#2604,#2603,#2978,.T.);
#2047=EDGE_CURVE('',#2605,#2604,#2979,.T.);
#2048=EDGE_CURVE('',#2606,#2605,#2980,.T.);
#2049=EDGE_CURVE('',#2607,#2606,#2981,.T.);
#2050=EDGE_CURVE('',#2608,#2607,#2982,.T.);
#2051=EDGE_CURVE('',#2609,#2608,#2983,.T.);
#2052=EDGE_CURVE('',#2610,#2609,#2984,.T.);
#2053=EDGE_CURVE('',#2611,#2610,#2985,.T.);
#2054=EDGE_CURVE('',#2612,#2611,#2986,.T.);
#2055=EDGE_CURVE('',#2613,#2612,#2987,.T.);
#2056=EDGE_CURVE('',#2614,#2613,#2988,.T.);
#2057=EDGE_CURVE('',#2615,#2614,#2989,.T.);
#2058=EDGE_CURVE('',#2616,#2615,#2990,.T.);
#2059=EDGE_CURVE('',#2617,#2616,#2991,.T.);
#2060=EDGE_CURVE('',#2618,#2617,#2992,.T.);
#2061=EDGE_CURVE('',#2619,#2618,#2993,.T.);
#2062=EDGE_CURVE('',#2562,#2619,#2994,.T.);
#2063=EDGE_CURVE('',#2559,#2620,#140,.T.);
#2064=EDGE_CURVE('',#2621,#2560,#141,.T.);
#2065=EDGE_CURVE('',#2622,#2621,#142,.T.);
#2066=EDGE_CURVE('',#2550,#2622,#143,.T.);
#2067=EDGE_CURVE('',#2623,#2551,#144,.T.);
#2068=EDGE_CURVE('',#2624,#2623,#145,.T.);
#2069=EDGE_CURVE('',#2554,#2624,#146,.T.);
#2070=EDGE_CURVE('',#2625,#2552,#147,.T.);
#2071=EDGE_CURVE('',#2626,#2625,#148,.T.);
#2072=EDGE_CURVE('',#2548,#2626,#149,.T.);
#2073=EDGE_CURVE('',#2627,#2546,#150,.T.);
#2074=EDGE_CURVE('',#2628,#2627,#151,.T.);
#2075=EDGE_CURVE('',#2556,#2628,#152,.T.);
#2076=EDGE_CURVE('',#2629,#2557,#153,.T.);
#2077=EDGE_CURVE('',#2630,#2629,#154,.T.);
#2078=EDGE_CURVE('',#2567,#2630,#155,.T.);
#2079=EDGE_CURVE('',#2631,#2566,#156,.T.);
#2080=EDGE_CURVE('',#2632,#2631,#157,.T.);
#2081=EDGE_CURVE('',#2632,#2563,#158,.T.);
#2082=EDGE_CURVE('',#2633,#2561,#159,.T.);
#2083=EDGE_CURVE('',#2634,#2633,#160,.T.);
#2084=EDGE_CURVE('',#2545,#2634,#161,.T.);
#2085=EDGE_CURVE('',#2635,#2543,#162,.T.);
#2086=EDGE_CURVE('',#2636,#2635,#163,.T.);
#2087=EDGE_CURVE('',#2538,#2636,#164,.T.);
#2088=EDGE_CURVE('',#2637,#2539,#165,.T.);
#2089=EDGE_CURVE('',#2638,#2637,#166,.T.);
#2090=EDGE_CURVE('',#2542,#2638,#167,.T.);
#2091=EDGE_CURVE('',#2639,#2540,#168,.T.);
#2092=EDGE_CURVE('',#2640,#2639,#169,.T.);
#2093=EDGE_CURVE('',#2536,#2640,#170,.T.);
#2094=EDGE_CURVE('',#2641,#2534,#171,.T.);
#2095=EDGE_CURVE('',#2620,#2641,#172,.T.);
#2096=EDGE_CURVE('',#2642,#2642,#774,.F.);
#2097=EDGE_CURVE('',#2643,#2564,#173,.T.);
#2098=EDGE_CURVE('',#2643,#2644,#174,.T.);
#2099=EDGE_CURVE('',#2644,#2565,#175,.T.);
#2100=EDGE_CURVE('',#2632,#2643,#176,.T.);
#2101=EDGE_CURVE('',#2631,#2644,#177,.T.);
#2102=EDGE_CURVE('',#2645,#2645,#775,.T.);
#2103=EDGE_CURVE('',#2646,#2646,#776,.T.);
#2104=EDGE_CURVE('',#2647,#2647,#777,.F.);
#2105=EDGE_CURVE('',#2648,#2648,#778,.F.);
#2106=EDGE_CURVE('',#2649,#2649,#779,.F.);
#2107=EDGE_CURVE('',#2650,#2650,#780,.F.);
#2108=EDGE_CURVE('',#2651,#2651,#781,.F.);
#2109=EDGE_CURVE('',#2652,#2652,#782,.F.);
#2110=EDGE_CURVE('',#2653,#2653,#783,.F.);
#2111=EDGE_CURVE('',#2654,#2654,#784,.F.);
#2112=EDGE_CURVE('',#2655,#2655,#785,.F.);
#2113=EDGE_CURVE('',#2656,#2656,#786,.F.);
#2114=EDGE_CURVE('',#2657,#2657,#787,.F.);
#2115=EDGE_CURVE('',#2658,#2658,#788,.F.);
#2116=EDGE_CURVE('',#2659,#2659,#789,.F.);
#2117=EDGE_CURVE('',#2660,#2660,#790,.F.);
#2118=EDGE_CURVE('',#2661,#2661,#791,.F.);
#2119=EDGE_CURVE('',#2662,#2662,#792,.F.);
#2120=EDGE_CURVE('',#2663,#2663,#793,.F.);
#2121=EDGE_CURVE('',#2664,#2664,#794,.F.);
#2122=EDGE_CURVE('',#2665,#2665,#795,.F.);
#2123=EDGE_CURVE('',#2666,#2666,#796,.F.);
#2124=EDGE_CURVE('',#2667,#2667,#797,.F.);
#2125=EDGE_CURVE('',#2668,#2668,#798,.F.);
#2126=EDGE_CURVE('',#2669,#2669,#799,.F.);
#2127=EDGE_CURVE('',#2670,#2670,#800,.F.);
#2128=EDGE_CURVE('',#2671,#2671,#801,.F.);
#2129=EDGE_CURVE('',#2672,#2672,#802,.F.);
#2130=EDGE_CURVE('',#2673,#2673,#803,.F.);
#2131=EDGE_CURVE('',#2674,#2674,#804,.F.);
#2132=EDGE_CURVE('',#2675,#2675,#805,.F.);
#2133=EDGE_CURVE('',#2676,#2676,#806,.F.);
#2134=EDGE_CURVE('',#2677,#2677,#807,.F.);
#2135=EDGE_CURVE('',#2678,#2678,#808,.F.);
#2136=EDGE_CURVE('',#2679,#2679,#809,.F.);
#2137=EDGE_CURVE('',#2680,#2680,#810,.F.);
#2138=EDGE_CURVE('',#2681,#2681,#811,.F.);
#2139=EDGE_CURVE('',#2682,#2682,#812,.F.);
#2140=EDGE_CURVE('',#2683,#2683,#813,.F.);
#2141=EDGE_CURVE('',#2684,#2684,#814,.F.);
#2142=EDGE_CURVE('',#2685,#2685,#815,.F.);
#2143=EDGE_CURVE('',#2686,#2686,#816,.F.);
#2144=EDGE_CURVE('',#2687,#2687,#817,.F.);
#2145=EDGE_CURVE('',#2688,#2688,#818,.F.);
#2146=EDGE_CURVE('',#2689,#2689,#819,.F.);
#2147=EDGE_CURVE('',#2690,#2690,#820,.F.);
#2148=EDGE_CURVE('',#2691,#2691,#821,.F.);
#2149=EDGE_CURVE('',#2692,#2692,#822,.F.);
#2150=EDGE_CURVE('',#2693,#2693,#823,.F.);
#2151=EDGE_CURVE('',#2694,#2694,#824,.F.);
#2152=EDGE_CURVE('',#2695,#2695,#825,.F.);
#2153=EDGE_CURVE('',#2696,#2575,#178,.T.);
#2154=EDGE_CURVE('',#2697,#2696,#179,.T.);
#2155=EDGE_CURVE('',#2698,#2697,#180,.T.);
#2156=EDGE_CURVE('',#2698,#2699,#2995,.F.);
#2157=EDGE_CURVE('',#2699,#2576,#181,.T.);
#2158=EDGE_CURVE('',#2574,#2700,#182,.T.);
#2159=EDGE_CURVE('',#2700,#2701,#2996,.F.);
#2160=EDGE_CURVE('',#2702,#2701,#183,.T.);
#2161=EDGE_CURVE('',#2696,#2702,#184,.T.);
#2162=EDGE_CURVE('',#2703,#2581,#185,.T.);
#2163=EDGE_CURVE('',#2704,#2703,#186,.T.);
#2164=EDGE_CURVE('',#2705,#2704,#187,.T.);
#2165=EDGE_CURVE('',#2705,#2706,#2997,.F.);
#2166=EDGE_CURVE('',#2582,#2706,#188,.T.);
#2167=EDGE_CURVE('',#2580,#2707,#189,.T.);
#2168=EDGE_CURVE('',#2707,#2708,#2998,.F.);
#2169=EDGE_CURVE('',#2709,#2708,#190,.T.);
#2170=EDGE_CURVE('',#2703,#2709,#191,.T.);
#2171=EDGE_CURVE('',#2578,#2710,#192,.T.);
#2172=EDGE_CURVE('',#2710,#2711,#2999,.F.);
#2173=EDGE_CURVE('',#2712,#2711,#193,.T.);
#2174=EDGE_CURVE('',#2713,#2712,#194,.T.);
#2175=EDGE_CURVE('',#2713,#2579,#195,.T.);
#2176=EDGE_CURVE('',#2714,#2713,#196,.T.);
#2177=EDGE_CURVE('',#2715,#2714,#197,.T.);
#2178=EDGE_CURVE('',#2715,#2707,#3000,.F.);
#2179=EDGE_CURVE('',#2716,#2577,#198,.T.);
#2180=EDGE_CURVE('',#2717,#2716,#199,.T.);
#2181=EDGE_CURVE('',#2718,#2717,#200,.T.);
#2182=EDGE_CURVE('',#2718,#2710,#3001,.F.);
#2183=EDGE_CURVE('',#2706,#2719,#3002,.F.);
#2184=EDGE_CURVE('',#2720,#2719,#201,.T.);
#2185=EDGE_CURVE('',#2721,#2720,#202,.T.);
#2186=EDGE_CURVE('',#2721,#2583,#203,.T.);
#2187=EDGE_CURVE('',#2722,#2613,#204,.T.);
#2188=EDGE_CURVE('',#2723,#2722,#205,.T.);
#2189=EDGE_CURVE('',#2724,#2723,#206,.T.);
#2190=EDGE_CURVE('',#2724,#2725,#3003,.F.);
#2191=EDGE_CURVE('',#2614,#2725,#207,.T.);
#2192=EDGE_CURVE('',#2598,#2726,#208,.T.);
#2193=EDGE_CURVE('',#2726,#2727,#3004,.F.);
#2194=EDGE_CURVE('',#2728,#2727,#209,.T.);
#2195=EDGE_CURVE('',#2729,#2728,#210,.T.);
#2196=EDGE_CURVE('',#2729,#2599,#211,.T.);
#2197=EDGE_CURVE('',#2606,#2730,#212,.T.);
#2198=EDGE_CURVE('',#2730,#2731,#3005,.F.);
#2199=EDGE_CURVE('',#2732,#2731,#213,.T.);
#2200=EDGE_CURVE('',#2733,#2732,#214,.T.);
#2201=EDGE_CURVE('',#2733,#2607,#215,.T.);
#2202=EDGE_CURVE('',#2610,#2734,#216,.T.);
#2203=EDGE_CURVE('',#2734,#2735,#3006,.F.);
#2204=EDGE_CURVE('',#2736,#2735,#217,.T.);
#2205=EDGE_CURVE('',#2737,#2736,#218,.T.);
#2206=EDGE_CURVE('',#2737,#2611,#219,.T.);
#2207=EDGE_CURVE('',#2612,#2738,#220,.T.);
#2208=EDGE_CURVE('',#2738,#2739,#3007,.F.);
#2209=EDGE_CURVE('',#2740,#2739,#221,.T.);
#2210=EDGE_CURVE('',#2722,#2740,#222,.T.);
#2211=EDGE_CURVE('',#2741,#2737,#223,.T.);
#2212=EDGE_CURVE('',#2742,#2741,#224,.T.);
#2213=EDGE_CURVE('',#2742,#2738,#3008,.F.);
#2214=EDGE_CURVE('',#2743,#2733,#225,.T.);
#2215=EDGE_CURVE('',#2744,#2743,#226,.T.);
#2216=EDGE_CURVE('',#2744,#2745,#3009,.F.);
#2217=EDGE_CURVE('',#2608,#2745,#227,.T.);
#2218=EDGE_CURVE('',#2745,#2746,#3010,.F.);
#2219=EDGE_CURVE('',#2747,#2746,#228,.T.);
#2220=EDGE_CURVE('',#2748,#2747,#229,.T.);
#2221=EDGE_CURVE('',#2748,#2609,#230,.T.);
#2222=EDGE_CURVE('',#2749,#2748,#231,.T.);
#2223=EDGE_CURVE('',#2750,#2749,#232,.T.);
#2224=EDGE_CURVE('',#2750,#2734,#3011,.F.);
#2225=EDGE_CURVE('',#2751,#2601,#233,.T.);
#2226=EDGE_CURVE('',#2752,#2751,#234,.T.);
#2227=EDGE_CURVE('',#2753,#2752,#235,.T.);
#2228=EDGE_CURVE('',#2753,#2754,#3012,.F.);
#2229=EDGE_CURVE('',#2602,#2754,#236,.T.);
#2230=EDGE_CURVE('',#2600,#2755,#237,.T.);
#2231=EDGE_CURVE('',#2755,#2756,#3013,.F.);
#2232=EDGE_CURVE('',#2757,#2756,#238,.T.);
#2233=EDGE_CURVE('',#2751,#2757,#239,.T.);
#2234=EDGE_CURVE('',#2758,#2729,#240,.T.);
#2235=EDGE_CURVE('',#2759,#2758,#241,.T.);
#2236=EDGE_CURVE('',#2759,#2755,#3014,.F.);
#2237=EDGE_CURVE('',#2760,#2603,#242,.T.);
#2238=EDGE_CURVE('',#2761,#2760,#243,.T.);
#2239=EDGE_CURVE('',#2762,#2761,#244,.T.);
#2240=EDGE_CURVE('',#2762,#2763,#3015,.F.);
#2241=EDGE_CURVE('',#2604,#2763,#245,.T.);
#2242=EDGE_CURVE('',#2763,#2764,#3016,.F.);
#2243=EDGE_CURVE('',#2765,#2764,#246,.T.);
#2244=EDGE_CURVE('',#2766,#2765,#247,.T.);
#2245=EDGE_CURVE('',#2766,#2605,#248,.T.);
#2246=EDGE_CURVE('',#2754,#2767,#3017,.F.);
#2247=EDGE_CURVE('',#2768,#2767,#249,.T.);
#2248=EDGE_CURVE('',#2760,#2768,#250,.T.);
#2249=EDGE_CURVE('',#2769,#2766,#251,.T.);
#2250=EDGE_CURVE('',#2770,#2769,#252,.T.);
#2251=EDGE_CURVE('',#2770,#2730,#3018,.F.);
#2252=EDGE_CURVE('',#2771,#2589,#253,.T.);
#2253=EDGE_CURVE('',#2772,#2771,#254,.T.);
#2254=EDGE_CURVE('',#2773,#2772,#255,.T.);
#2255=EDGE_CURVE('',#2773,#2774,#3019,.F.);
#2256=EDGE_CURVE('',#2590,#2774,#256,.T.);
#2257=EDGE_CURVE('',#2586,#2775,#257,.T.);
#2258=EDGE_CURVE('',#2775,#2776,#3020,.F.);
#2259=EDGE_CURVE('',#2777,#2776,#258,.T.);
#2260=EDGE_CURVE('',#2778,#2777,#259,.T.);
#2261=EDGE_CURVE('',#2778,#2587,#260,.T.);
#2262=EDGE_CURVE('',#2588,#2779,#261,.T.);
#2263=EDGE_CURVE('',#2779,#2780,#3021,.F.);
#2264=EDGE_CURVE('',#2781,#2780,#262,.T.);
#2265=EDGE_CURVE('',#2771,#2781,#263,.T.);
#2266=EDGE_CURVE('',#2782,#2778,#264,.T.);
#2267=EDGE_CURVE('',#2783,#2782,#265,.T.);
#2268=EDGE_CURVE('',#2783,#2779,#3022,.F.);
#2269=EDGE_CURVE('',#2784,#2721,#266,.T.);
#2270=EDGE_CURVE('',#2785,#2784,#267,.T.);
#2271=EDGE_CURVE('',#2785,#2786,#3023,.F.);
#2272=EDGE_CURVE('',#2584,#2786,#268,.T.);
#2273=EDGE_CURVE('',#2786,#2787,#3024,.F.);
#2274=EDGE_CURVE('',#2788,#2787,#269,.T.);
#2275=EDGE_CURVE('',#2789,#2788,#270,.T.);
#2276=EDGE_CURVE('',#2789,#2585,#271,.T.);
#2277=EDGE_CURVE('',#2790,#2789,#272,.T.);
#2278=EDGE_CURVE('',#2791,#2790,#273,.T.);
#2279=EDGE_CURVE('',#2791,#2775,#3025,.F.);
#2280=EDGE_CURVE('',#2792,#2593,#274,.T.);
#2281=EDGE_CURVE('',#2793,#2792,#275,.T.);
#2282=EDGE_CURVE('',#2794,#2793,#276,.T.);
#2283=EDGE_CURVE('',#2794,#2795,#3026,.F.);
#2284=EDGE_CURVE('',#2594,#2795,#277,.T.);
#2285=EDGE_CURVE('',#2592,#2796,#278,.T.);
#2286=EDGE_CURVE('',#2796,#2797,#3027,.F.);
#2287=EDGE_CURVE('',#2798,#2797,#279,.T.);
#2288=EDGE_CURVE('',#2792,#2798,#280,.T.);
#2289=EDGE_CURVE('',#2799,#2591,#281,.T.);
#2290=EDGE_CURVE('',#2800,#2799,#282,.T.);
#2291=EDGE_CURVE('',#2801,#2800,#283,.T.);
#2292=EDGE_CURVE('',#2801,#2796,#3028,.F.);
#2293=EDGE_CURVE('',#2802,#2595,#284,.T.);
#2294=EDGE_CURVE('',#2803,#2802,#285,.T.);
#2295=EDGE_CURVE('',#2804,#2803,#286,.T.);
#2296=EDGE_CURVE('',#2804,#2805,#3029,.F.);
#2297=EDGE_CURVE('',#2596,#2805,#287,.T.);
#2298=EDGE_CURVE('',#2805,#2806,#3030,.F.);
#2299=EDGE_CURVE('',#2807,#2806,#288,.T.);
#2300=EDGE_CURVE('',#2808,#2807,#289,.T.);
#2301=EDGE_CURVE('',#2808,#2597,#290,.T.);
#2302=EDGE_CURVE('',#2795,#2809,#3031,.F.);
#2303=EDGE_CURVE('',#2810,#2809,#291,.T.);
#2304=EDGE_CURVE('',#2802,#2810,#292,.T.);
#2305=EDGE_CURVE('',#2774,#2811,#3032,.F.);
#2306=EDGE_CURVE('',#2812,#2811,#293,.T.);
#2307=EDGE_CURVE('',#2799,#2812,#294,.T.);
#2308=EDGE_CURVE('',#2813,#2808,#295,.T.);
#2309=EDGE_CURVE('',#2814,#2813,#296,.T.);
#2310=EDGE_CURVE('',#2814,#2726,#3033,.F.);
#2311=EDGE_CURVE('',#2815,#2617,#297,.T.);
#2312=EDGE_CURVE('',#2816,#2815,#298,.T.);
#2313=EDGE_CURVE('',#2817,#2816,#299,.T.);
#2314=EDGE_CURVE('',#2817,#2818,#3034,.F.);
#2315=EDGE_CURVE('',#2618,#2818,#300,.T.);
#2316=EDGE_CURVE('',#2616,#2819,#301,.T.);
#2317=EDGE_CURVE('',#2819,#2820,#3035,.F.);
#2318=EDGE_CURVE('',#2821,#2820,#302,.T.);
#2319=EDGE_CURVE('',#2815,#2821,#303,.T.);
#2320=EDGE_CURVE('',#2822,#2615,#304,.T.);
#2321=EDGE_CURVE('',#2823,#2822,#305,.T.);
#2322=EDGE_CURVE('',#2824,#2823,#306,.T.);
#2323=EDGE_CURVE('',#2824,#2819,#3036,.F.);
#2324=EDGE_CURVE('',#2825,#2619,#307,.T.);
#2325=EDGE_CURVE('',#2826,#2825,#308,.T.);
#2326=EDGE_CURVE('',#2827,#2826,#309,.T.);
#2327=EDGE_CURVE('',#2827,#2828,#3037,.F.);
#2328=EDGE_CURVE('',#2562,#2828,#310,.T.);
#2329=EDGE_CURVE('',#2818,#2829,#3038,.F.);
#2330=EDGE_CURVE('',#2830,#2829,#311,.T.);
#2331=EDGE_CURVE('',#2825,#2830,#312,.T.);
#2332=EDGE_CURVE('',#2831,#2569,#313,.T.);
#2333=EDGE_CURVE('',#2832,#2831,#314,.T.);
#2334=EDGE_CURVE('',#2833,#2832,#315,.T.);
#2335=EDGE_CURVE('',#2833,#2834,#3039,.F.);
#2336=EDGE_CURVE('',#2570,#2834,#316,.T.);
#2337=EDGE_CURVE('',#2568,#2835,#317,.T.);
#2338=EDGE_CURVE('',#2835,#2836,#3040,.F.);
#2339=EDGE_CURVE('',#2837,#2836,#318,.T.);
#2340=EDGE_CURVE('',#2831,#2837,#319,.T.);
#2341=EDGE_CURVE('',#2838,#2571,#320,.T.);
#2342=EDGE_CURVE('',#2839,#2838,#321,.T.);
#2343=EDGE_CURVE('',#2840,#2839,#322,.T.);
#2344=EDGE_CURVE('',#2840,#2841,#3041,.F.);
#2345=EDGE_CURVE('',#2572,#2841,#323,.T.);
#2346=EDGE_CURVE('',#2841,#2842,#3042,.F.);
#2347=EDGE_CURVE('',#2843,#2842,#324,.T.);
#2348=EDGE_CURVE('',#2844,#2843,#325,.T.);
#2349=EDGE_CURVE('',#2844,#2573,#326,.T.);
#2350=EDGE_CURVE('',#2834,#2845,#3043,.F.);
#2351=EDGE_CURVE('',#2846,#2845,#327,.T.);
#2352=EDGE_CURVE('',#2838,#2846,#328,.T.);
#2353=EDGE_CURVE('',#2725,#2847,#3044,.F.);
#2354=EDGE_CURVE('',#2848,#2847,#329,.T.);
#2355=EDGE_CURVE('',#2822,#2848,#330,.T.);
#2356=EDGE_CURVE('',#2849,#2844,#331,.T.);
#2357=EDGE_CURVE('',#2850,#2849,#332,.T.);
#2358=EDGE_CURVE('',#2850,#2700,#3045,.F.);
#2359=EDGE_CURVE('',#2699,#2851,#3046,.F.);
#2360=EDGE_CURVE('',#2852,#2851,#333,.T.);
#2361=EDGE_CURVE('',#2716,#2852,#334,.T.);
#2362=EDGE_CURVE('',#2853,#2641,#335,.T.);
#2363=EDGE_CURVE('',#2620,#2853,#336,.T.);
#2364=EDGE_CURVE('',#2854,#2635,#337,.T.);
#2365=EDGE_CURVE('',#2636,#2854,#338,.T.);
#2366=EDGE_CURVE('',#2855,#2639,#339,.T.);
#2367=EDGE_CURVE('',#2640,#2855,#340,.T.);
#2368=EDGE_CURVE('',#2856,#2637,#341,.T.);
#2369=EDGE_CURVE('',#2638,#2856,#342,.T.);
#2370=EDGE_CURVE('',#2857,#2633,#343,.T.);
#2371=EDGE_CURVE('',#2634,#2857,#344,.T.);
#2372=EDGE_CURVE('',#2858,#2625,#345,.T.);
#2373=EDGE_CURVE('',#2626,#2858,#346,.T.);
#2374=EDGE_CURVE('',#2859,#2627,#347,.T.);
#2375=EDGE_CURVE('',#2628,#2859,#348,.T.);
#2376=EDGE_CURVE('',#2860,#2623,#349,.T.);
#2377=EDGE_CURVE('',#2624,#2860,#350,.T.);
#2378=EDGE_CURVE('',#2861,#2629,#351,.T.);
#2379=EDGE_CURVE('',#2630,#2861,#352,.T.);
#2380=EDGE_CURVE('',#2862,#2621,#353,.T.);
#2381=EDGE_CURVE('',#2622,#2862,#354,.T.);
#2382=EDGE_CURVE('',#2863,#2853,#355,.T.);
#2383=EDGE_CURVE('',#2864,#2863,#356,.T.);
#2384=EDGE_CURVE('',#2865,#2864,#357,.T.);
#2385=EDGE_CURVE('',#2865,#2866,#3047,.F.);
#2386=EDGE_CURVE('',#2558,#2866,#358,.T.);
#2387=EDGE_CURVE('',#2544,#2867,#359,.T.);
#2388=EDGE_CURVE('',#2867,#2868,#3048,.F.);
#2389=EDGE_CURVE('',#2869,#2868,#360,.T.);
#2390=EDGE_CURVE('',#2870,#2869,#361,.T.);
#2391=EDGE_CURVE('',#2870,#2854,#362,.T.);
#2392=EDGE_CURVE('',#2541,#2871,#363,.T.);
#2393=EDGE_CURVE('',#2871,#2872,#3049,.F.);
#2394=EDGE_CURVE('',#2873,#2872,#364,.T.);
#2395=EDGE_CURVE('',#2874,#2873,#365,.T.);
#2396=EDGE_CURVE('',#2874,#2855,#366,.T.);
#2397=EDGE_CURVE('',#2535,#2875,#367,.T.);
#2398=EDGE_CURVE('',#2875,#2876,#3050,.F.);
#2399=EDGE_CURVE('',#2877,#2876,#368,.T.);
#2400=EDGE_CURVE('',#2863,#2877,#369,.T.);
#2401=EDGE_CURVE('',#2878,#2874,#370,.T.);
#2402=EDGE_CURVE('',#2879,#2878,#371,.T.);
#2403=EDGE_CURVE('',#2879,#2875,#3051,.F.);
#2404=EDGE_CURVE('',#2880,#2870,#372,.T.);
#2405=EDGE_CURVE('',#2881,#2880,#373,.T.);
#2406=EDGE_CURVE('',#2881,#2882,#3052,.F.);
#2407=EDGE_CURVE('',#2537,#2882,#374,.T.);
#2408=EDGE_CURVE('',#2882,#2883,#3053,.F.);
#2409=EDGE_CURVE('',#2884,#2883,#375,.T.);
#2410=EDGE_CURVE('',#2885,#2884,#376,.T.);
#2411=EDGE_CURVE('',#2885,#2856,#377,.T.);
#2412=EDGE_CURVE('',#2886,#2885,#378,.T.);
#2413=EDGE_CURVE('',#2887,#2886,#379,.T.);
#2414=EDGE_CURVE('',#2887,#2871,#3054,.F.);
#2415=EDGE_CURVE('',#2828,#2888,#3055,.F.);
#2416=EDGE_CURVE('',#2889,#2888,#380,.T.);
#2417=EDGE_CURVE('',#2890,#2889,#381,.T.);
#2418=EDGE_CURVE('',#2890,#2857,#382,.T.);
#2419=EDGE_CURVE('',#2891,#2890,#383,.T.);
#2420=EDGE_CURVE('',#2892,#2891,#384,.T.);
#2421=EDGE_CURVE('',#2892,#2867,#3056,.F.);
#2422=EDGE_CURVE('',#2893,#2859,#385,.T.);
#2423=EDGE_CURVE('',#2894,#2893,#386,.T.);
#2424=EDGE_CURVE('',#2895,#2894,#387,.T.);
#2425=EDGE_CURVE('',#2895,#2896,#3057,.F.);
#2426=EDGE_CURVE('',#2555,#2896,#388,.T.);
#2427=EDGE_CURVE('',#2553,#2897,#389,.T.);
#2428=EDGE_CURVE('',#2897,#2898,#3058,.F.);
#2429=EDGE_CURVE('',#2899,#2898,#390,.T.);
#2430=EDGE_CURVE('',#2900,#2899,#391,.T.);
#2431=EDGE_CURVE('',#2900,#2858,#392,.T.);
#2432=EDGE_CURVE('',#2547,#2901,#393,.T.);
#2433=EDGE_CURVE('',#2901,#2902,#3059,.F.);
#2434=EDGE_CURVE('',#2903,#2902,#394,.T.);
#2435=EDGE_CURVE('',#2893,#2903,#395,.T.);
#2436=EDGE_CURVE('',#2904,#2900,#396,.T.);
#2437=EDGE_CURVE('',#2905,#2904,#397,.T.);
#2438=EDGE_CURVE('',#2905,#2901,#3060,.F.);
#2439=EDGE_CURVE('',#2906,#2862,#398,.T.);
#2440=EDGE_CURVE('',#2907,#2906,#399,.T.);
#2441=EDGE_CURVE('',#2908,#2907,#400,.T.);
#2442=EDGE_CURVE('',#2908,#2909,#3061,.F.);
#2443=EDGE_CURVE('',#2549,#2909,#401,.T.);
#2444=EDGE_CURVE('',#2909,#2910,#3062,.F.);
#2445=EDGE_CURVE('',#2911,#2910,#402,.T.);
#2446=EDGE_CURVE('',#2912,#2911,#403,.T.);
#2447=EDGE_CURVE('',#2912,#2860,#404,.T.);
#2448=EDGE_CURVE('',#2913,#2912,#405,.T.);
#2449=EDGE_CURVE('',#2914,#2913,#406,.T.);
#2450=EDGE_CURVE('',#2914,#2897,#3063,.F.);
#2451=EDGE_CURVE('',#2915,#2861,#407,.T.);
#2452=EDGE_CURVE('',#2916,#2915,#408,.T.);
#2453=EDGE_CURVE('',#2917,#2916,#409,.T.);
#2454=EDGE_CURVE('',#2917,#2835,#3064,.F.);
#2455=EDGE_CURVE('',#2896,#2918,#3065,.F.);
#2456=EDGE_CURVE('',#2919,#2918,#410,.T.);
#2457=EDGE_CURVE('',#2915,#2919,#411,.T.);
#2458=EDGE_CURVE('',#2866,#2920,#3066,.F.);
#2459=EDGE_CURVE('',#2921,#2920,#412,.T.);
#2460=EDGE_CURVE('',#2906,#2921,#413,.T.);
#2461=EDGE_CURVE('',#2702,#2697,#414,.T.);
#2462=EDGE_CURVE('',#2840,#2842,#826,.T.);
#2463=EDGE_CURVE('',#2917,#2836,#827,.T.);
#2464=EDGE_CURVE('',#2833,#2845,#828,.T.);
#2465=EDGE_CURVE('',#2908,#2910,#829,.T.);
#2466=EDGE_CURVE('',#2905,#2902,#830,.T.);
#2467=EDGE_CURVE('',#2914,#2898,#831,.T.);
#2468=EDGE_CURVE('',#2895,#2918,#832,.T.);
#2469=EDGE_CURVE('',#2827,#2888,#833,.T.);
#2470=EDGE_CURVE('',#2824,#2820,#834,.T.);
#2471=EDGE_CURVE('',#2817,#2829,#835,.T.);
#2472=EDGE_CURVE('',#2881,#2883,#836,.T.);
#2473=EDGE_CURVE('',#2879,#2876,#837,.T.);
#2474=EDGE_CURVE('',#2887,#2872,#838,.T.);
#2475=EDGE_CURVE('',#2892,#2868,#839,.T.);
#2476=EDGE_CURVE('',#2865,#2920,#840,.T.);
#2477=EDGE_CURVE('',#2804,#2806,#841,.T.);
#2478=EDGE_CURVE('',#2801,#2797,#842,.T.);
#2479=EDGE_CURVE('',#2794,#2809,#843,.T.);
#2480=EDGE_CURVE('',#2705,#2719,#844,.T.);
#2481=EDGE_CURVE('',#2785,#2787,#845,.T.);
#2482=EDGE_CURVE('',#2783,#2780,#846,.T.);
#2483=EDGE_CURVE('',#2791,#2776,#847,.T.);
#2484=EDGE_CURVE('',#2773,#2811,#848,.T.);
#2485=EDGE_CURVE('',#2762,#2764,#849,.T.);
#2486=EDGE_CURVE('',#2759,#2756,#850,.T.);
#2487=EDGE_CURVE('',#2753,#2767,#851,.T.);
#2488=EDGE_CURVE('',#2744,#2746,#852,.T.);
#2489=EDGE_CURVE('',#2742,#2739,#853,.T.);
#2490=EDGE_CURVE('',#2750,#2735,#854,.T.);
#2491=EDGE_CURVE('',#2770,#2731,#855,.T.);
#2492=EDGE_CURVE('',#2814,#2727,#856,.T.);
#2493=EDGE_CURVE('',#2724,#2847,#857,.T.);
#2494=EDGE_CURVE('',#2709,#2704,#415,.T.);
#2495=EDGE_CURVE('',#2712,#2714,#416,.T.);
#2496=EDGE_CURVE('',#2852,#2717,#417,.T.);
#2497=EDGE_CURVE('',#2715,#2708,#858,.T.);
#2498=EDGE_CURVE('',#2718,#2711,#859,.T.);
#2499=EDGE_CURVE('',#2922,#2922,#860,.F.);
#2500=EDGE_CURVE('',#2740,#2723,#418,.T.);
#2501=EDGE_CURVE('',#2736,#2741,#419,.T.);
#2502=EDGE_CURVE('',#2732,#2743,#420,.T.);
#2503=EDGE_CURVE('',#2747,#2749,#421,.T.);
#2504=EDGE_CURVE('',#2757,#2752,#422,.T.);
#2505=EDGE_CURVE('',#2728,#2758,#423,.T.);
#2506=EDGE_CURVE('',#2768,#2761,#424,.T.);
#2507=EDGE_CURVE('',#2765,#2769,#425,.T.);
#2508=EDGE_CURVE('',#2781,#2772,#426,.T.);
#2509=EDGE_CURVE('',#2777,#2782,#427,.T.);
#2510=EDGE_CURVE('',#2720,#2784,#428,.T.);
#2511=EDGE_CURVE('',#2788,#2790,#429,.T.);
#2512=EDGE_CURVE('',#2798,#2793,#430,.T.);
#2513=EDGE_CURVE('',#2812,#2800,#431,.T.);
#2514=EDGE_CURVE('',#2810,#2803,#432,.T.);
#2515=EDGE_CURVE('',#2807,#2813,#433,.T.);
#2516=EDGE_CURVE('',#2877,#2864,#434,.T.);
#2517=EDGE_CURVE('',#2873,#2878,#435,.T.);
#2518=EDGE_CURVE('',#2869,#2880,#436,.T.);
#2519=EDGE_CURVE('',#2884,#2886,#437,.T.);
#2520=EDGE_CURVE('',#2821,#2816,#438,.T.);
#2521=EDGE_CURVE('',#2848,#2823,#439,.T.);
#2522=EDGE_CURVE('',#2830,#2826,#440,.T.);
#2523=EDGE_CURVE('',#2889,#2891,#441,.T.);
#2524=EDGE_CURVE('',#2903,#2894,#442,.T.);
#2525=EDGE_CURVE('',#2899,#2904,#443,.T.);
#2526=EDGE_CURVE('',#2921,#2907,#444,.T.);
#2527=EDGE_CURVE('',#2911,#2913,#445,.T.);
#2528=EDGE_CURVE('',#2837,#2832,#446,.T.);
#2529=EDGE_CURVE('',#2919,#2916,#447,.T.);
#2530=EDGE_CURVE('',#2846,#2839,#448,.T.);
#2531=EDGE_CURVE('',#2843,#2849,#449,.T.);
#2532=EDGE_CURVE('',#2850,#2701,#861,.T.);
#2533=EDGE_CURVE('',#2698,#2851,#862,.T.);
#2534=VERTEX_POINT('',#5548);
#2535=VERTEX_POINT('',#5549);
#2536=VERTEX_POINT('',#5551);
#2537=VERTEX_POINT('',#5555);
#2538=VERTEX_POINT('',#5556);
#2539=VERTEX_POINT('',#5558);
#2540=VERTEX_POINT('',#5562);
#2541=VERTEX_POINT('',#5563);
#2542=VERTEX_POINT('',#5565);
#2543=VERTEX_POINT('',#5569);
#2544=VERTEX_POINT('',#5570);
#2545=VERTEX_POINT('',#5572);
#2546=VERTEX_POINT('',#5576);
#2547=VERTEX_POINT('',#5577);
#2548=VERTEX_POINT('',#5579);
#2549=VERTEX_POINT('',#5583);
#2550=VERTEX_POINT('',#5584);
#2551=VERTEX_POINT('',#5586);
#2552=VERTEX_POINT('',#5590);
#2553=VERTEX_POINT('',#5591);
#2554=VERTEX_POINT('',#5593);
#2555=VERTEX_POINT('',#5597);
#2556=VERTEX_POINT('',#5598);
#2557=VERTEX_POINT('',#5600);
#2558=VERTEX_POINT('',#5604);
#2559=VERTEX_POINT('',#5605);
#2560=VERTEX_POINT('',#5607);
#2561=VERTEX_POINT('',#5611);
#2562=VERTEX_POINT('',#5612);
#2563=VERTEX_POINT('',#5614);
#2564=VERTEX_POINT('',#5616);
#2565=VERTEX_POINT('',#5618);
#2566=VERTEX_POINT('',#5620);
#2567=VERTEX_POINT('',#5622);
#2568=VERTEX_POINT('',#5624);
#2569=VERTEX_POINT('',#5626);
#2570=VERTEX_POINT('',#5628);
#2571=VERTEX_POINT('',#5630);
#2572=VERTEX_POINT('',#5632);
#2573=VERTEX_POINT('',#5634);
#2574=VERTEX_POINT('',#5636);
#2575=VERTEX_POINT('',#5638);
#2576=VERTEX_POINT('',#5640);
#2577=VERTEX_POINT('',#5642);
#2578=VERTEX_POINT('',#5644);
#2579=VERTEX_POINT('',#5646);
#2580=VERTEX_POINT('',#5648);
#2581=VERTEX_POINT('',#5650);
#2582=VERTEX_POINT('',#5652);
#2583=VERTEX_POINT('',#5654);
#2584=VERTEX_POINT('',#5656);
#2585=VERTEX_POINT('',#5658);
#2586=VERTEX_POINT('',#5660);
#2587=VERTEX_POINT('',#5662);
#2588=VERTEX_POINT('',#5664);
#2589=VERTEX_POINT('',#5666);
#2590=VERTEX_POINT('',#5668);
#2591=VERTEX_POINT('',#5670);
#2592=VERTEX_POINT('',#5672);
#2593=VERTEX_POINT('',#5674);
#2594=VERTEX_POINT('',#5676);
#2595=VERTEX_POINT('',#5678);
#2596=VERTEX_POINT('',#5680);
#2597=VERTEX_POINT('',#5682);
#2598=VERTEX_POINT('',#5684);
#2599=VERTEX_POINT('',#5686);
#2600=VERTEX_POINT('',#5688);
#2601=VERTEX_POINT('',#5690);
#2602=VERTEX_POINT('',#5692);
#2603=VERTEX_POINT('',#5694);
#2604=VERTEX_POINT('',#5696);
#2605=VERTEX_POINT('',#5698);
#2606=VERTEX_POINT('',#5700);
#2607=VERTEX_POINT('',#5702);
#2608=VERTEX_POINT('',#5704);
#2609=VERTEX_POINT('',#5706);
#2610=VERTEX_POINT('',#5708);
#2611=VERTEX_POINT('',#5710);
#2612=VERTEX_POINT('',#5712);
#2613=VERTEX_POINT('',#5714);
#2614=VERTEX_POINT('',#5716);
#2615=VERTEX_POINT('',#5718);
#2616=VERTEX_POINT('',#5720);
#2617=VERTEX_POINT('',#5722);
#2618=VERTEX_POINT('',#5724);
#2619=VERTEX_POINT('',#5726);
#2620=VERTEX_POINT('',#5730);
#2621=VERTEX_POINT('',#5732);
#2622=VERTEX_POINT('',#5734);
#2623=VERTEX_POINT('',#5737);
#2624=VERTEX_POINT('',#5739);
#2625=VERTEX_POINT('',#5742);
#2626=VERTEX_POINT('',#5744);
#2627=VERTEX_POINT('',#5747);
#2628=VERTEX_POINT('',#5749);
#2629=VERTEX_POINT('',#5752);
#2630=VERTEX_POINT('',#5754);
#2631=VERTEX_POINT('',#5757);
#2632=VERTEX_POINT('',#5759);
#2633=VERTEX_POINT('',#5762);
#2634=VERTEX_POINT('',#5764);
#2635=VERTEX_POINT('',#5767);
#2636=VERTEX_POINT('',#5769);
#2637=VERTEX_POINT('',#5772);
#2638=VERTEX_POINT('',#5774);
#2639=VERTEX_POINT('',#5777);
#2640=VERTEX_POINT('',#5779);
#2641=VERTEX_POINT('',#5782);
#2642=VERTEX_POINT('',#5786);
#2643=VERTEX_POINT('',#5788);
#2644=VERTEX_POINT('',#5790);
#2645=VERTEX_POINT('',#5798);
#2646=VERTEX_POINT('',#5800);
#2647=VERTEX_POINT('',#5803);
#2648=VERTEX_POINT('',#5805);
#2649=VERTEX_POINT('',#5807);
#2650=VERTEX_POINT('',#5809);
#2651=VERTEX_POINT('',#5811);
#2652=VERTEX_POINT('',#5813);
#2653=VERTEX_POINT('',#5815);
#2654=VERTEX_POINT('',#5817);
#2655=VERTEX_POINT('',#5819);
#2656=VERTEX_POINT('',#5821);
#2657=VERTEX_POINT('',#5823);
#2658=VERTEX_POINT('',#5825);
#2659=VERTEX_POINT('',#5827);
#2660=VERTEX_POINT('',#5829);
#2661=VERTEX_POINT('',#5831);
#2662=VERTEX_POINT('',#5833);
#2663=VERTEX_POINT('',#5835);
#2664=VERTEX_POINT('',#5837);
#2665=VERTEX_POINT('',#5839);
#2666=VERTEX_POINT('',#5841);
#2667=VERTEX_POINT('',#5843);
#2668=VERTEX_POINT('',#5845);
#2669=VERTEX_POINT('',#5847);
#2670=VERTEX_POINT('',#5849);
#2671=VERTEX_POINT('',#5851);
#2672=VERTEX_POINT('',#5854);
#2673=VERTEX_POINT('',#5856);
#2674=VERTEX_POINT('',#5858);
#2675=VERTEX_POINT('',#5860);
#2676=VERTEX_POINT('',#5862);
#2677=VERTEX_POINT('',#5864);
#2678=VERTEX_POINT('',#5866);
#2679=VERTEX_POINT('',#5868);
#2680=VERTEX_POINT('',#5870);
#2681=VERTEX_POINT('',#5872);
#2682=VERTEX_POINT('',#5874);
#2683=VERTEX_POINT('',#5876);
#2684=VERTEX_POINT('',#5878);
#2685=VERTEX_POINT('',#5880);
#2686=VERTEX_POINT('',#5882);
#2687=VERTEX_POINT('',#5884);
#2688=VERTEX_POINT('',#5886);
#2689=VERTEX_POINT('',#5888);
#2690=VERTEX_POINT('',#5890);
#2691=VERTEX_POINT('',#5892);
#2692=VERTEX_POINT('',#5894);
#2693=VERTEX_POINT('',#5896);
#2694=VERTEX_POINT('',#5898);
#2695=VERTEX_POINT('',#5900);
#2696=VERTEX_POINT('',#5927);
#2697=VERTEX_POINT('',#5929);
#2698=VERTEX_POINT('',#5931);
#2699=VERTEX_POINT('',#5933);
#2700=VERTEX_POINT('',#5937);
#2701=VERTEX_POINT('',#5939);
#2702=VERTEX_POINT('',#5941);
#2703=VERTEX_POINT('',#5945);
#2704=VERTEX_POINT('',#5947);
#2705=VERTEX_POINT('',#5949);
#2706=VERTEX_POINT('',#5951);
#2707=VERTEX_POINT('',#5955);
#2708=VERTEX_POINT('',#5957);
#2709=VERTEX_POINT('',#5959);
#2710=VERTEX_POINT('',#5963);
#2711=VERTEX_POINT('',#5965);
#2712=VERTEX_POINT('',#5967);
#2713=VERTEX_POINT('',#5969);
#2714=VERTEX_POINT('',#5973);
#2715=VERTEX_POINT('',#5975);
#2716=VERTEX_POINT('',#5979);
#2717=VERTEX_POINT('',#5981);
#2718=VERTEX_POINT('',#5983);
#2719=VERTEX_POINT('',#5987);
#2720=VERTEX_POINT('',#5989);
#2721=VERTEX_POINT('',#5991);
#2722=VERTEX_POINT('',#5995);
#2723=VERTEX_POINT('',#5997);
#2724=VERTEX_POINT('',#5999);
#2725=VERTEX_POINT('',#6001);
#2726=VERTEX_POINT('',#6005);
#2727=VERTEX_POINT('',#6007);
#2728=VERTEX_POINT('',#6009);
#2729=VERTEX_POINT('',#6011);
#2730=VERTEX_POINT('',#6015);
#2731=VERTEX_POINT('',#6017);
#2732=VERTEX_POINT('',#6019);
#2733=VERTEX_POINT('',#6021);
#2734=VERTEX_POINT('',#6025);
#2735=VERTEX_POINT('',#6027);
#2736=VERTEX_POINT('',#6029);
#2737=VERTEX_POINT('',#6031);
#2738=VERTEX_POINT('',#6035);
#2739=VERTEX_POINT('',#6037);
#2740=VERTEX_POINT('',#6039);
#2741=VERTEX_POINT('',#6043);
#2742=VERTEX_POINT('',#6045);
#2743=VERTEX_POINT('',#6049);
#2744=VERTEX_POINT('',#6051);
#2745=VERTEX_POINT('',#6053);
#2746=VERTEX_POINT('',#6057);
#2747=VERTEX_POINT('',#6059);
#2748=VERTEX_POINT('',#6061);
#2749=VERTEX_POINT('',#6065);
#2750=VERTEX_POINT('',#6067);
#2751=VERTEX_POINT('',#6071);
#2752=VERTEX_POINT('',#6073);
#2753=VERTEX_POINT('',#6075);
#2754=VERTEX_POINT('',#6077);
#2755=VERTEX_POINT('',#6081);
#2756=VERTEX_POINT('',#6083);
#2757=VERTEX_POINT('',#6085);
#2758=VERTEX_POINT('',#6089);
#2759=VERTEX_POINT('',#6091);
#2760=VERTEX_POINT('',#6095);
#2761=VERTEX_POINT('',#6097);
#2762=VERTEX_POINT('',#6099);
#2763=VERTEX_POINT('',#6101);
#2764=VERTEX_POINT('',#6105);
#2765=VERTEX_POINT('',#6107);
#2766=VERTEX_POINT('',#6109);
#2767=VERTEX_POINT('',#6113);
#2768=VERTEX_POINT('',#6115);
#2769=VERTEX_POINT('',#6119);
#2770=VERTEX_POINT('',#6121);
#2771=VERTEX_POINT('',#6125);
#2772=VERTEX_POINT('',#6127);
#2773=VERTEX_POINT('',#6129);
#2774=VERTEX_POINT('',#6131);
#2775=VERTEX_POINT('',#6135);
#2776=VERTEX_POINT('',#6137);
#2777=VERTEX_POINT('',#6139);
#2778=VERTEX_POINT('',#6141);
#2779=VERTEX_POINT('',#6145);
#2780=VERTEX_POINT('',#6147);
#2781=VERTEX_POINT('',#6149);
#2782=VERTEX_POINT('',#6153);
#2783=VERTEX_POINT('',#6155);
#2784=VERTEX_POINT('',#6159);
#2785=VERTEX_POINT('',#6161);
#2786=VERTEX_POINT('',#6163);
#2787=VERTEX_POINT('',#6167);
#2788=VERTEX_POINT('',#6169);
#2789=VERTEX_POINT('',#6171);
#2790=VERTEX_POINT('',#6175);
#2791=VERTEX_POINT('',#6177);
#2792=VERTEX_POINT('',#6181);
#2793=VERTEX_POINT('',#6183);
#2794=VERTEX_POINT('',#6185);
#2795=VERTEX_POINT('',#6187);
#2796=VERTEX_POINT('',#6191);
#2797=VERTEX_POINT('',#6193);
#2798=VERTEX_POINT('',#6195);
#2799=VERTEX_POINT('',#6199);
#2800=VERTEX_POINT('',#6201);
#2801=VERTEX_POINT('',#6203);
#2802=VERTEX_POINT('',#6207);
#2803=VERTEX_POINT('',#6209);
#2804=VERTEX_POINT('',#6211);
#2805=VERTEX_POINT('',#6213);
#2806=VERTEX_POINT('',#6217);
#2807=VERTEX_POINT('',#6219);
#2808=VERTEX_POINT('',#6221);
#2809=VERTEX_POINT('',#6225);
#2810=VERTEX_POINT('',#6227);
#2811=VERTEX_POINT('',#6231);
#2812=VERTEX_POINT('',#6233);
#2813=VERTEX_POINT('',#6237);
#2814=VERTEX_POINT('',#6239);
#2815=VERTEX_POINT('',#6243);
#2816=VERTEX_POINT('',#6245);
#2817=VERTEX_POINT('',#6247);
#2818=VERTEX_POINT('',#6249);
#2819=VERTEX_POINT('',#6253);
#2820=VERTEX_POINT('',#6255);
#2821=VERTEX_POINT('',#6257);
#2822=VERTEX_POINT('',#6261);
#2823=VERTEX_POINT('',#6263);
#2824=VERTEX_POINT('',#6265);
#2825=VERTEX_POINT('',#6269);
#2826=VERTEX_POINT('',#6271);
#2827=VERTEX_POINT('',#6273);
#2828=VERTEX_POINT('',#6275);
#2829=VERTEX_POINT('',#6279);
#2830=VERTEX_POINT('',#6281);
#2831=VERTEX_POINT('',#6285);
#2832=VERTEX_POINT('',#6287);
#2833=VERTEX_POINT('',#6289);
#2834=VERTEX_POINT('',#6291);
#2835=VERTEX_POINT('',#6295);
#2836=VERTEX_POINT('',#6297);
#2837=VERTEX_POINT('',#6299);
#2838=VERTEX_POINT('',#6303);
#2839=VERTEX_POINT('',#6305);
#2840=VERTEX_POINT('',#6307);
#2841=VERTEX_POINT('',#6309);
#2842=VERTEX_POINT('',#6313);
#2843=VERTEX_POINT('',#6315);
#2844=VERTEX_POINT('',#6317);
#2845=VERTEX_POINT('',#6321);
#2846=VERTEX_POINT('',#6323);
#2847=VERTEX_POINT('',#6327);
#2848=VERTEX_POINT('',#6329);
#2849=VERTEX_POINT('',#6333);
#2850=VERTEX_POINT('',#6335);
#2851=VERTEX_POINT('',#6339);
#2852=VERTEX_POINT('',#6341);
#2853=VERTEX_POINT('',#6345);
#2854=VERTEX_POINT('',#6349);
#2855=VERTEX_POINT('',#6353);
#2856=VERTEX_POINT('',#6357);
#2857=VERTEX_POINT('',#6361);
#2858=VERTEX_POINT('',#6365);
#2859=VERTEX_POINT('',#6369);
#2860=VERTEX_POINT('',#6373);
#2861=VERTEX_POINT('',#6377);
#2862=VERTEX_POINT('',#6381);
#2863=VERTEX_POINT('',#6385);
#2864=VERTEX_POINT('',#6387);
#2865=VERTEX_POINT('',#6389);
#2866=VERTEX_POINT('',#6391);
#2867=VERTEX_POINT('',#6395);
#2868=VERTEX_POINT('',#6397);
#2869=VERTEX_POINT('',#6399);
#2870=VERTEX_POINT('',#6401);
#2871=VERTEX_POINT('',#6405);
#2872=VERTEX_POINT('',#6407);
#2873=VERTEX_POINT('',#6409);
#2874=VERTEX_POINT('',#6411);
#2875=VERTEX_POINT('',#6415);
#2876=VERTEX_POINT('',#6417);
#2877=VERTEX_POINT('',#6419);
#2878=VERTEX_POINT('',#6423);
#2879=VERTEX_POINT('',#6425);
#2880=VERTEX_POINT('',#6429);
#2881=VERTEX_POINT('',#6431);
#2882=VERTEX_POINT('',#6433);
#2883=VERTEX_POINT('',#6437);
#2884=VERTEX_POINT('',#6439);
#2885=VERTEX_POINT('',#6441);
#2886=VERTEX_POINT('',#6445);
#2887=VERTEX_POINT('',#6447);
#2888=VERTEX_POINT('',#6451);
#2889=VERTEX_POINT('',#6453);
#2890=VERTEX_POINT('',#6455);
#2891=VERTEX_POINT('',#6459);
#2892=VERTEX_POINT('',#6461);
#2893=VERTEX_POINT('',#6465);
#2894=VERTEX_POINT('',#6467);
#2895=VERTEX_POINT('',#6469);
#2896=VERTEX_POINT('',#6471);
#2897=VERTEX_POINT('',#6475);
#2898=VERTEX_POINT('',#6477);
#2899=VERTEX_POINT('',#6479);
#2900=VERTEX_POINT('',#6481);
#2901=VERTEX_POINT('',#6485);
#2902=VERTEX_POINT('',#6487);
#2903=VERTEX_POINT('',#6489);
#2904=VERTEX_POINT('',#6493);
#2905=VERTEX_POINT('',#6495);
#2906=VERTEX_POINT('',#6499);
#2907=VERTEX_POINT('',#6501);
#2908=VERTEX_POINT('',#6503);
#2909=VERTEX_POINT('',#6505);
#2910=VERTEX_POINT('',#6509);
#2911=VERTEX_POINT('',#6511);
#2912=VERTEX_POINT('',#6513);
#2913=VERTEX_POINT('',#6517);
#2914=VERTEX_POINT('',#6519);
#2915=VERTEX_POINT('',#6523);
#2916=VERTEX_POINT('',#6525);
#2917=VERTEX_POINT('',#6527);
#2918=VERTEX_POINT('',#6531);
#2919=VERTEX_POINT('',#6533);
#2920=VERTEX_POINT('',#6537);
#2921=VERTEX_POINT('',#6539);
#2922=VERTEX_POINT('',#6619);
#2923=ELLIPSE('',#3903,0.029698484809835,0.021);
#2924=ELLIPSE('',#3905,0.029698484809835,0.021);
#2925=ELLIPSE('',#3907,0.029698484809835,0.021);
#2926=ELLIPSE('',#3908,0.029698484809835,0.021);
#2927=ELLIPSE('',#3911,0.029698484809835,0.021);
#2928=ELLIPSE('',#3913,0.029698484809835,0.021);
#2929=ELLIPSE('',#3915,0.029698484809835,0.021);
#2930=ELLIPSE('',#3917,0.029698484809835,0.021);
#2931=ELLIPSE('',#3919,0.029698484809835,0.021);
#2932=ELLIPSE('',#3921,0.029698484809835,0.021);
#2933=ELLIPSE('',#3923,0.029698484809835,0.021);
#2934=ELLIPSE('',#3924,0.029698484809835,0.021);
#2935=ELLIPSE('',#3927,0.029698484809835,0.021);
#2936=ELLIPSE('',#3929,0.029698484809835,0.021);
#2937=ELLIPSE('',#3931,0.029698484809835,0.021);
#2938=ELLIPSE('',#3932,0.029698484809835,0.021);
#2939=ELLIPSE('',#3935,0.029698484809835,0.021);
#2940=ELLIPSE('',#3936,0.029698484809835,0.021);
#2941=ELLIPSE('',#3939,0.029698484809835,0.021);
#2942=ELLIPSE('',#3943,0.029698484809835,0.021);
#2943=ELLIPSE('',#3944,0.029698484809835,0.021);
#2944=ELLIPSE('',#3945,0.029698484809835,0.021);
#2945=ELLIPSE('',#3946,0.029698484809835,0.021);
#2946=ELLIPSE('',#3947,0.029698484809835,0.021);
#2947=ELLIPSE('',#3948,0.029698484809835,0.021);
#2948=ELLIPSE('',#3949,0.029698484809835,0.021);
#2949=ELLIPSE('',#3950,0.029698484809835,0.021);
#2950=ELLIPSE('',#3951,0.029698484809835,0.021);
#2951=ELLIPSE('',#3952,0.029698484809835,0.021);
#2952=ELLIPSE('',#3953,0.029698484809835,0.021);
#2953=ELLIPSE('',#3954,0.029698484809835,0.021);
#2954=ELLIPSE('',#3955,0.029698484809835,0.021);
#2955=ELLIPSE('',#3956,0.029698484809835,0.021);
#2956=ELLIPSE('',#3957,0.029698484809835,0.021);
#2957=ELLIPSE('',#3958,0.029698484809835,0.021);
#2958=ELLIPSE('',#3959,0.029698484809835,0.021);
#2959=ELLIPSE('',#3960,0.029698484809835,0.021);
#2960=ELLIPSE('',#3961,0.029698484809835,0.021);
#2961=ELLIPSE('',#3962,0.029698484809835,0.021);
#2962=ELLIPSE('',#3963,0.029698484809835,0.021);
#2963=ELLIPSE('',#3964,0.029698484809835,0.021);
#2964=ELLIPSE('',#3965,0.029698484809835,0.021);
#2965=ELLIPSE('',#3966,0.029698484809835,0.021);
#2966=ELLIPSE('',#3967,0.029698484809835,0.021);
#2967=ELLIPSE('',#3968,0.029698484809835,0.021);
#2968=ELLIPSE('',#3969,0.029698484809835,0.021);
#2969=ELLIPSE('',#3970,0.029698484809835,0.021);
#2970=ELLIPSE('',#3971,0.029698484809835,0.021);
#2971=ELLIPSE('',#3972,0.029698484809835,0.021);
#2972=ELLIPSE('',#3973,0.029698484809835,0.021);
#2973=ELLIPSE('',#3974,0.029698484809835,0.021);
#2974=ELLIPSE('',#3975,0.029698484809835,0.021);
#2975=ELLIPSE('',#3976,0.029698484809835,0.021);
#2976=ELLIPSE('',#3977,0.029698484809835,0.021);
#2977=ELLIPSE('',#3978,0.029698484809835,0.021);
#2978=ELLIPSE('',#3979,0.029698484809835,0.021);
#2979=ELLIPSE('',#3980,0.029698484809835,0.021);
#2980=ELLIPSE('',#3981,0.029698484809835,0.021);
#2981=ELLIPSE('',#3982,0.029698484809835,0.021);
#2982=ELLIPSE('',#3983,0.029698484809835,0.021);
#2983=ELLIPSE('',#3984,0.029698484809835,0.021);
#2984=ELLIPSE('',#3985,0.029698484809835,0.021);
#2985=ELLIPSE('',#3986,0.029698484809835,0.021);
#2986=ELLIPSE('',#3987,0.029698484809835,0.021);
#2987=ELLIPSE('',#3988,0.029698484809835,0.021);
#2988=ELLIPSE('',#3989,0.029698484809835,0.021);
#2989=ELLIPSE('',#3990,0.029698484809835,0.021);
#2990=ELLIPSE('',#3991,0.029698484809835,0.021);
#2991=ELLIPSE('',#3992,0.029698484809835,0.021);
#2992=ELLIPSE('',#3993,0.029698484809835,0.021);
#2993=ELLIPSE('',#3994,0.029698484809835,0.021);
#2994=ELLIPSE('',#3995,0.029698484809835,0.021);
#2995=ELLIPSE('',#4080,0.0197989898732233,0.014);
#2996=ELLIPSE('',#4082,0.0197989898732233,0.014);
#2997=ELLIPSE('',#4084,0.0197989898732233,0.014);
#2998=ELLIPSE('',#4086,0.0197989898732233,0.014);
#2999=ELLIPSE('',#4088,0.0197989898732233,0.014);
#3000=ELLIPSE('',#4090,0.0197989898732233,0.014);
#3001=ELLIPSE('',#4092,0.0197989898732233,0.014);
#3002=ELLIPSE('',#4094,0.0197989898732233,0.014);
#3003=ELLIPSE('',#4096,0.0197989898732233,0.014);
#3004=ELLIPSE('',#4098,0.0197989898732233,0.014);
#3005=ELLIPSE('',#4100,0.0197989898732233,0.014);
#3006=ELLIPSE('',#4102,0.0197989898732233,0.014);
#3007=ELLIPSE('',#4104,0.0197989898732233,0.014);
#3008=ELLIPSE('',#4106,0.0197989898732233,0.014);
#3009=ELLIPSE('',#4108,0.0197989898732233,0.014);
#3010=ELLIPSE('',#4110,0.0197989898732233,0.014);
#3011=ELLIPSE('',#4112,0.0197989898732233,0.014);
#3012=ELLIPSE('',#4114,0.0197989898732233,0.014);
#3013=ELLIPSE('',#4116,0.0197989898732233,0.014);
#3014=ELLIPSE('',#4118,0.0197989898732233,0.014);
#3015=ELLIPSE('',#4120,0.0197989898732233,0.014);
#3016=ELLIPSE('',#4122,0.0197989898732233,0.014);
#3017=ELLIPSE('',#4124,0.0197989898732233,0.014);
#3018=ELLIPSE('',#4126,0.0197989898732233,0.014);
#3019=ELLIPSE('',#4128,0.0197989898732233,0.014);
#3020=ELLIPSE('',#4130,0.0197989898732233,0.014);
#3021=ELLIPSE('',#4132,0.0197989898732233,0.014);
#3022=ELLIPSE('',#4134,0.0197989898732233,0.014);
#3023=ELLIPSE('',#4136,0.0197989898732233,0.014);
#3024=ELLIPSE('',#4138,0.0197989898732233,0.014);
#3025=ELLIPSE('',#4140,0.0197989898732233,0.014);
#3026=ELLIPSE('',#4142,0.0197989898732233,0.014);
#3027=ELLIPSE('',#4144,0.0197989898732233,0.014);
#3028=ELLIPSE('',#4146,0.0197989898732233,0.014);
#3029=ELLIPSE('',#4148,0.0197989898732233,0.014);
#3030=ELLIPSE('',#4150,0.0197989898732233,0.014);
#3031=ELLIPSE('',#4152,0.0197989898732233,0.014);
#3032=ELLIPSE('',#4154,0.0197989898732233,0.014);
#3033=ELLIPSE('',#4156,0.0197989898732233,0.014);
#3034=ELLIPSE('',#4158,0.0197989898732233,0.014);
#3035=ELLIPSE('',#4160,0.0197989898732233,0.014);
#3036=ELLIPSE('',#4162,0.0197989898732233,0.014);
#3037=ELLIPSE('',#4164,0.0197989898732233,0.014);
#3038=ELLIPSE('',#4166,0.0197989898732233,0.014);
#3039=ELLIPSE('',#4168,0.0197989898732233,0.014);
#3040=ELLIPSE('',#4170,0.0197989898732233,0.014);
#3041=ELLIPSE('',#4172,0.0197989898732233,0.014);
#3042=ELLIPSE('',#4174,0.0197989898732233,0.014);
#3043=ELLIPSE('',#4176,0.0197989898732233,0.014);
#3044=ELLIPSE('',#4178,0.0197989898732233,0.014);
#3045=ELLIPSE('',#4180,0.0197989898732233,0.014);
#3046=ELLIPSE('',#4182,0.0197989898732233,0.014);
#3047=ELLIPSE('',#4194,0.0197989898732233,0.014);
#3048=ELLIPSE('',#4196,0.0197989898732233,0.014);
#3049=ELLIPSE('',#4198,0.0197989898732233,0.014);
#3050=ELLIPSE('',#4200,0.0197989898732233,0.014);
#3051=ELLIPSE('',#4202,0.0197989898732233,0.014);
#3052=ELLIPSE('',#4204,0.0197989898732233,0.014);
#3053=ELLIPSE('',#4206,0.0197989898732233,0.014);
#3054=ELLIPSE('',#4208,0.0197989898732233,0.014);
#3055=ELLIPSE('',#4210,0.0197989898732233,0.014);
#3056=ELLIPSE('',#4212,0.0197989898732233,0.014);
#3057=ELLIPSE('',#4214,0.0197989898732233,0.014);
#3058=ELLIPSE('',#4216,0.0197989898732233,0.014);
#3059=ELLIPSE('',#4218,0.0197989898732233,0.014);
#3060=ELLIPSE('',#4220,0.0197989898732233,0.014);
#3061=ELLIPSE('',#4222,0.0197989898732233,0.014);
#3062=ELLIPSE('',#4224,0.0197989898732233,0.014);
#3063=ELLIPSE('',#4226,0.0197989898732233,0.014);
#3064=ELLIPSE('',#4228,0.0197989898732233,0.014);
#3065=ELLIPSE('',#4230,0.0197989898732233,0.014);
#3066=ELLIPSE('',#4232,0.0197989898732233,0.014);
#3067=EDGE_LOOP('',(#863,#864,#865));
#3068=EDGE_LOOP('',(#866,#867,#868));
#3069=EDGE_LOOP('',(#869,#870,#871));
#3070=EDGE_LOOP('',(#872,#873,#874));
#3071=EDGE_LOOP('',(#875,#876,#877));
#3072=EDGE_LOOP('',(#878,#879,#880));
#3073=EDGE_LOOP('',(#881,#882,#883));
#3074=EDGE_LOOP('',(#884,#885,#886));
#3075=EDGE_LOOP('',(#887,#888,#889));
#3076=EDGE_LOOP('',(#890,#891,#892,#893,#894,#895,#896,#897,#898,#899,#900,
#901,#902,#903,#904,#905,#906,#907,#908,#909,#910,#911,#912,#913,#914,#915,
#916,#917,#918,#919,#920,#921,#922,#923,#924,#925,#926,#927,#928,#929,#930,
#931,#932,#933,#934,#935,#936,#937,#938,#939,#940,#941,#942,#943,#944,#945,
#946,#947,#948));
#3077=EDGE_LOOP('',(#949,#950,#951,#952,#953,#954,#955,#956,#957,#958,#959,
#960,#961,#962,#963,#964,#965,#966,#967,#968,#969,#970,#971,#972,#973,#974,
#975,#976,#977,#978,#979,#980,#981,#982,#983,#984,#985,#986,#987,#988,#989,
#990,#991,#992));
#3078=EDGE_LOOP('',(#993));
#3079=EDGE_LOOP('',(#994,#995,#996,#997));
#3080=EDGE_LOOP('',(#998,#999,#1000,#1001));
#3081=EDGE_LOOP('',(#1002,#1003,#1004,#1005));
#3082=EDGE_LOOP('',(#1006));
#3083=EDGE_LOOP('',(#1007));
#3084=EDGE_LOOP('',(#1008));
#3085=EDGE_LOOP('',(#1009));
#3086=EDGE_LOOP('',(#1010));
#3087=EDGE_LOOP('',(#1011));
#3088=EDGE_LOOP('',(#1012));
#3089=EDGE_LOOP('',(#1013));
#3090=EDGE_LOOP('',(#1014));
#3091=EDGE_LOOP('',(#1015));
#3092=EDGE_LOOP('',(#1016));
#3093=EDGE_LOOP('',(#1017));
#3094=EDGE_LOOP('',(#1018));
#3095=EDGE_LOOP('',(#1019));
#3096=EDGE_LOOP('',(#1020));
#3097=EDGE_LOOP('',(#1021));
#3098=EDGE_LOOP('',(#1022));
#3099=EDGE_LOOP('',(#1023));
#3100=EDGE_LOOP('',(#1024));
#3101=EDGE_LOOP('',(#1025));
#3102=EDGE_LOOP('',(#1026));
#3103=EDGE_LOOP('',(#1027));
#3104=EDGE_LOOP('',(#1028));
#3105=EDGE_LOOP('',(#1029));
#3106=EDGE_LOOP('',(#1030));
#3107=EDGE_LOOP('',(#1031));
#3108=EDGE_LOOP('',(#1032));
#3109=EDGE_LOOP('',(#1033,#1034,#1035,#1036));
#3110=EDGE_LOOP('',(#1037));
#3111=EDGE_LOOP('',(#1038));
#3112=EDGE_LOOP('',(#1039));
#3113=EDGE_LOOP('',(#1040));
#3114=EDGE_LOOP('',(#1041));
#3115=EDGE_LOOP('',(#1042));
#3116=EDGE_LOOP('',(#1043));
#3117=EDGE_LOOP('',(#1044));
#3118=EDGE_LOOP('',(#1045));
#3119=EDGE_LOOP('',(#1046));
#3120=EDGE_LOOP('',(#1047));
#3121=EDGE_LOOP('',(#1048));
#3122=EDGE_LOOP('',(#1049));
#3123=EDGE_LOOP('',(#1050));
#3124=EDGE_LOOP('',(#1051));
#3125=EDGE_LOOP('',(#1052));
#3126=EDGE_LOOP('',(#1053));
#3127=EDGE_LOOP('',(#1054));
#3128=EDGE_LOOP('',(#1055));
#3129=EDGE_LOOP('',(#1056));
#3130=EDGE_LOOP('',(#1057));
#3131=EDGE_LOOP('',(#1058));
#3132=EDGE_LOOP('',(#1059));
#3133=EDGE_LOOP('',(#1060));
#3134=EDGE_LOOP('',(#1061));
#3135=EDGE_LOOP('',(#1062));
#3136=EDGE_LOOP('',(#1063));
#3137=EDGE_LOOP('',(#1064));
#3138=EDGE_LOOP('',(#1065));
#3139=EDGE_LOOP('',(#1066));
#3140=EDGE_LOOP('',(#1067));
#3141=EDGE_LOOP('',(#1068));
#3142=EDGE_LOOP('',(#1069));
#3143=EDGE_LOOP('',(#1070));
#3144=EDGE_LOOP('',(#1071));
#3145=EDGE_LOOP('',(#1072));
#3146=EDGE_LOOP('',(#1073));
#3147=EDGE_LOOP('',(#1074));
#3148=EDGE_LOOP('',(#1075));
#3149=EDGE_LOOP('',(#1076));
#3150=EDGE_LOOP('',(#1077));
#3151=EDGE_LOOP('',(#1078));
#3152=EDGE_LOOP('',(#1079));
#3153=EDGE_LOOP('',(#1080));
#3154=EDGE_LOOP('',(#1081));
#3155=EDGE_LOOP('',(#1082));
#3156=EDGE_LOOP('',(#1083));
#3157=EDGE_LOOP('',(#1084));
#3158=EDGE_LOOP('',(#1085));
#3159=EDGE_LOOP('',(#1086));
#3160=EDGE_LOOP('',(#1087));
#3161=EDGE_LOOP('',(#1088));
#3162=EDGE_LOOP('',(#1089));
#3163=EDGE_LOOP('',(#1090));
#3164=EDGE_LOOP('',(#1091));
#3165=EDGE_LOOP('',(#1092));
#3166=EDGE_LOOP('',(#1093));
#3167=EDGE_LOOP('',(#1094));
#3168=EDGE_LOOP('',(#1095));
#3169=EDGE_LOOP('',(#1096));
#3170=EDGE_LOOP('',(#1097));
#3171=EDGE_LOOP('',(#1098));
#3172=EDGE_LOOP('',(#1099));
#3173=EDGE_LOOP('',(#1100));
#3174=EDGE_LOOP('',(#1101));
#3175=EDGE_LOOP('',(#1102));
#3176=EDGE_LOOP('',(#1103));
#3177=EDGE_LOOP('',(#1104));
#3178=EDGE_LOOP('',(#1105));
#3179=EDGE_LOOP('',(#1106));
#3180=EDGE_LOOP('',(#1107));
#3181=EDGE_LOOP('',(#1108));
#3182=EDGE_LOOP('',(#1109));
#3183=EDGE_LOOP('',(#1110,#1111,#1112,#1113,#1114,#1115));
#3184=EDGE_LOOP('',(#1116,#1117,#1118,#1119,#1120,#1121));
#3185=EDGE_LOOP('',(#1122,#1123,#1124,#1125,#1126,#1127));
#3186=EDGE_LOOP('',(#1128,#1129,#1130,#1131,#1132,#1133));
#3187=EDGE_LOOP('',(#1134,#1135,#1136,#1137,#1138,#1139));
#3188=EDGE_LOOP('',(#1140,#1141,#1142,#1143,#1144,#1145));
#3189=EDGE_LOOP('',(#1146,#1147,#1148,#1149,#1150,#1151));
#3190=EDGE_LOOP('',(#1152,#1153,#1154,#1155,#1156,#1157));
#3191=EDGE_LOOP('',(#1158,#1159,#1160,#1161,#1162,#1163));
#3192=EDGE_LOOP('',(#1164,#1165,#1166,#1167,#1168,#1169));
#3193=EDGE_LOOP('',(#1170,#1171,#1172,#1173,#1174,#1175));
#3194=EDGE_LOOP('',(#1176,#1177,#1178,#1179,#1180,#1181));
#3195=EDGE_LOOP('',(#1182,#1183,#1184,#1185,#1186,#1187));
#3196=EDGE_LOOP('',(#1188,#1189,#1190,#1191,#1192,#1193));
#3197=EDGE_LOOP('',(#1194,#1195,#1196,#1197,#1198,#1199));
#3198=EDGE_LOOP('',(#1200,#1201,#1202,#1203,#1204,#1205));
#3199=EDGE_LOOP('',(#1206,#1207,#1208,#1209,#1210,#1211));
#3200=EDGE_LOOP('',(#1212,#1213,#1214,#1215,#1216,#1217));
#3201=EDGE_LOOP('',(#1218,#1219,#1220,#1221,#1222,#1223));
#3202=EDGE_LOOP('',(#1224,#1225,#1226,#1227,#1228,#1229));
#3203=EDGE_LOOP('',(#1230,#1231,#1232,#1233,#1234,#1235));
#3204=EDGE_LOOP('',(#1236,#1237,#1238,#1239,#1240,#1241));
#3205=EDGE_LOOP('',(#1242,#1243,#1244,#1245,#1246,#1247));
#3206=EDGE_LOOP('',(#1248,#1249,#1250,#1251,#1252,#1253));
#3207=EDGE_LOOP('',(#1254,#1255,#1256,#1257,#1258,#1259));
#3208=EDGE_LOOP('',(#1260,#1261,#1262,#1263,#1264,#1265));
#3209=EDGE_LOOP('',(#1266,#1267,#1268,#1269,#1270,#1271));
#3210=EDGE_LOOP('',(#1272,#1273,#1274,#1275,#1276,#1277));
#3211=EDGE_LOOP('',(#1278,#1279,#1280,#1281,#1282,#1283));
#3212=EDGE_LOOP('',(#1284,#1285,#1286,#1287,#1288,#1289));
#3213=EDGE_LOOP('',(#1290,#1291,#1292,#1293,#1294,#1295));
#3214=EDGE_LOOP('',(#1296,#1297,#1298,#1299,#1300,#1301));
#3215=EDGE_LOOP('',(#1302,#1303,#1304,#1305,#1306,#1307));
#3216=EDGE_LOOP('',(#1308,#1309,#1310,#1311,#1312,#1313));
#3217=EDGE_LOOP('',(#1314,#1315,#1316,#1317,#1318,#1319));
#3218=EDGE_LOOP('',(#1320,#1321,#1322,#1323,#1324,#1325));
#3219=EDGE_LOOP('',(#1326,#1327,#1328,#1329,#1330,#1331));
#3220=EDGE_LOOP('',(#1332,#1333,#1334,#1335,#1336,#1337));
#3221=EDGE_LOOP('',(#1338,#1339,#1340,#1341,#1342,#1343));
#3222=EDGE_LOOP('',(#1344,#1345,#1346,#1347,#1348,#1349));
#3223=EDGE_LOOP('',(#1350,#1351,#1352,#1353,#1354,#1355));
#3224=EDGE_LOOP('',(#1356,#1357,#1358,#1359,#1360,#1361));
#3225=EDGE_LOOP('',(#1362,#1363,#1364,#1365,#1366,#1367));
#3226=EDGE_LOOP('',(#1368,#1369,#1370,#1371,#1372,#1373));
#3227=EDGE_LOOP('',(#1374,#1375,#1376,#1377,#1378,#1379));
#3228=EDGE_LOOP('',(#1380,#1381,#1382,#1383,#1384,#1385));
#3229=EDGE_LOOP('',(#1386,#1387,#1388,#1389,#1390,#1391));
#3230=EDGE_LOOP('',(#1392,#1393,#1394,#1395,#1396,#1397));
#3231=EDGE_LOOP('',(#1398,#1399,#1400,#1401,#1402,#1403));
#3232=EDGE_LOOP('',(#1404,#1405,#1406,#1407,#1408,#1409));
#3233=EDGE_LOOP('',(#1410,#1411,#1412,#1413,#1414,#1415));
#3234=EDGE_LOOP('',(#1416,#1417,#1418,#1419,#1420,#1421));
#3235=EDGE_LOOP('',(#1422,#1423,#1424));
#3236=EDGE_LOOP('',(#1425,#1426,#1427));
#3237=EDGE_LOOP('',(#1428,#1429,#1430));
#3238=EDGE_LOOP('',(#1431,#1432,#1433));
#3239=EDGE_LOOP('',(#1434,#1435,#1436));
#3240=EDGE_LOOP('',(#1437,#1438,#1439));
#3241=EDGE_LOOP('',(#1440,#1441,#1442));
#3242=EDGE_LOOP('',(#1443,#1444,#1445));
#3243=EDGE_LOOP('',(#1446,#1447,#1448));
#3244=EDGE_LOOP('',(#1449,#1450,#1451));
#3245=EDGE_LOOP('',(#1452,#1453,#1454,#1455,#1456,#1457,#1458,#1459));
#3246=EDGE_LOOP('',(#1460,#1461,#1462,#1463,#1464,#1465,#1466,#1467));
#3247=EDGE_LOOP('',(#1468,#1469,#1470,#1471,#1472,#1473,#1474,#1475));
#3248=EDGE_LOOP('',(#1476,#1477,#1478,#1479,#1480,#1481,#1482,#1483));
#3249=EDGE_LOOP('',(#1484,#1485,#1486,#1487,#1488,#1489,#1490,#1491));
#3250=EDGE_LOOP('',(#1492,#1493,#1494,#1495,#1496,#1497,#1498,#1499));
#3251=EDGE_LOOP('',(#1500,#1501,#1502,#1503,#1504,#1505,#1506,#1507));
#3252=EDGE_LOOP('',(#1508,#1509,#1510,#1511,#1512,#1513,#1514,#1515));
#3253=EDGE_LOOP('',(#1516,#1517,#1518,#1519,#1520,#1521,#1522,#1523));
#3254=EDGE_LOOP('',(#1524,#1525,#1526,#1527,#1528,#1529,#1530,#1531));
#3255=EDGE_LOOP('',(#1532,#1533,#1534,#1535,#1536,#1537,#1538,#1539));
#3256=EDGE_LOOP('',(#1540,#1541,#1542,#1543,#1544,#1545,#1546,#1547));
#3257=EDGE_LOOP('',(#1548,#1549,#1550,#1551,#1552,#1553,#1554,#1555));
#3258=EDGE_LOOP('',(#1556,#1557,#1558,#1559,#1560,#1561,#1562,#1563));
#3259=EDGE_LOOP('',(#1564,#1565,#1566,#1567,#1568,#1569,#1570,#1571));
#3260=EDGE_LOOP('',(#1572,#1573,#1574,#1575,#1576,#1577,#1578,#1579));
#3261=EDGE_LOOP('',(#1580,#1581,#1582,#1583,#1584,#1585,#1586,#1587));
#3262=EDGE_LOOP('',(#1588,#1589,#1590,#1591,#1592,#1593,#1594,#1595));
#3263=EDGE_LOOP('',(#1596,#1597,#1598,#1599,#1600,#1601,#1602,#1603));
#3264=EDGE_LOOP('',(#1604,#1605,#1606,#1607,#1608,#1609,#1610,#1611));
#3265=EDGE_LOOP('',(#1612,#1613,#1614));
#3266=EDGE_LOOP('',(#1615,#1616,#1617));
#3267=EDGE_LOOP('',(#1618,#1619,#1620));
#3268=EDGE_LOOP('',(#1621,#1622,#1623));
#3269=EDGE_LOOP('',(#1624,#1625,#1626));
#3270=EDGE_LOOP('',(#1627,#1628,#1629));
#3271=EDGE_LOOP('',(#1630,#1631,#1632));
#3272=EDGE_LOOP('',(#1633,#1634,#1635));
#3273=EDGE_LOOP('',(#1636,#1637,#1638));
#3274=EDGE_LOOP('',(#1639,#1640,#1641));
#3275=EDGE_LOOP('',(#1642,#1643,#1644));
#3276=EDGE_LOOP('',(#1645,#1646,#1647));
#3277=EDGE_LOOP('',(#1648,#1649,#1650));
#3278=EDGE_LOOP('',(#1651,#1652,#1653));
#3279=EDGE_LOOP('',(#1654,#1655,#1656));
#3280=EDGE_LOOP('',(#1657,#1658,#1659));
#3281=EDGE_LOOP('',(#1660,#1661,#1662));
#3282=EDGE_LOOP('',(#1663,#1664,#1665));
#3283=EDGE_LOOP('',(#1666,#1667,#1668));
#3284=EDGE_LOOP('',(#1669,#1670,#1671));
#3285=EDGE_LOOP('',(#1672,#1673,#1674));
#3286=EDGE_LOOP('',(#1675,#1676,#1677));
#3287=EDGE_LOOP('',(#1678,#1679,#1680));
#3288=EDGE_LOOP('',(#1681,#1682,#1683));
#3289=EDGE_LOOP('',(#1684,#1685,#1686));
#3290=EDGE_LOOP('',(#1687,#1688,#1689));
#3291=EDGE_LOOP('',(#1690,#1691,#1692));
#3292=EDGE_LOOP('',(#1693,#1694,#1695));
#3293=EDGE_LOOP('',(#1696,#1697,#1698));
#3294=EDGE_LOOP('',(#1699,#1700,#1701));
#3295=EDGE_LOOP('',(#1702,#1703,#1704));
#3296=EDGE_LOOP('',(#1705,#1706,#1707));
#3297=EDGE_LOOP('',(#1708,#1709,#1710));
#3298=EDGE_LOOP('',(#1711,#1712,#1713));
#3299=EDGE_LOOP('',(#1714,#1715,#1716));
#3300=EDGE_LOOP('',(#1717,#1718,#1719));
#3301=EDGE_LOOP('',(#1720,#1721,#1722));
#3302=EDGE_LOOP('',(#1723,#1724,#1725));
#3303=EDGE_LOOP('',(#1726));
#3304=EDGE_LOOP('',(#1727));
#3305=EDGE_LOOP('',(#1728,#1729,#1730));
#3306=EDGE_LOOP('',(#1731,#1732,#1733));
#3307=EDGE_LOOP('',(#1734,#1735,#1736));
#3308=EDGE_LOOP('',(#1737,#1738,#1739));
#3309=EDGE_LOOP('',(#1740,#1741,#1742));
#3310=EDGE_LOOP('',(#1743,#1744,#1745));
#3311=EDGE_LOOP('',(#1746,#1747,#1748));
#3312=EDGE_LOOP('',(#1749,#1750,#1751));
#3313=EDGE_LOOP('',(#1752,#1753,#1754));
#3314=EDGE_LOOP('',(#1755,#1756,#1757));
#3315=EDGE_LOOP('',(#1758,#1759,#1760));
#3316=EDGE_LOOP('',(#1761,#1762,#1763));
#3317=EDGE_LOOP('',(#1764,#1765,#1766));
#3318=EDGE_LOOP('',(#1767,#1768,#1769));
#3319=EDGE_LOOP('',(#1770,#1771,#1772));
#3320=EDGE_LOOP('',(#1773,#1774,#1775));
#3321=EDGE_LOOP('',(#1776,#1777,#1778));
#3322=EDGE_LOOP('',(#1779,#1780,#1781));
#3323=EDGE_LOOP('',(#1782,#1783,#1784));
#3324=EDGE_LOOP('',(#1785,#1786,#1787));
#3325=EDGE_LOOP('',(#1788,#1789,#1790));
#3326=EDGE_LOOP('',(#1791,#1792,#1793));
#3327=EDGE_LOOP('',(#1794,#1795,#1796));
#3328=EDGE_LOOP('',(#1797,#1798,#1799));
#3329=EDGE_LOOP('',(#1800,#1801,#1802));
#3330=EDGE_LOOP('',(#1803,#1804,#1805));
#3331=EDGE_LOOP('',(#1806,#1807,#1808));
#3332=EDGE_LOOP('',(#1809,#1810,#1811));
#3333=EDGE_LOOP('',(#1812,#1813,#1814));
#3334=EDGE_LOOP('',(#1815,#1816,#1817));
#3335=EDGE_LOOP('',(#1818,#1819,#1820));
#3336=EDGE_LOOP('',(#1821,#1822,#1823));
#3337=EDGE_LOOP('',(#1824));
#3338=EDGE_LOOP('',(#1825,#1826,#1827,#1828,#1829,#1830,#1831,#1832,#1833,
#1834,#1835,#1836,#1837,#1838,#1839,#1840,#1841,#1842,#1843,#1844,#1845,
#1846,#1847,#1848,#1849,#1850,#1851,#1852,#1853,#1854,#1855,#1856,#1857,
#1858,#1859,#1860,#1861,#1862,#1863,#1864,#1865,#1866,#1867,#1868,#1869,
#1870,#1871,#1872,#1873,#1874,#1875,#1876,#1877,#1878,#1879,#1880,#1881,
#1882,#1883,#1884,#1885,#1886,#1887,#1888,#1889,#1890,#1891,#1892,#1893,
#1894,#1895,#1896,#1897,#1898,#1899,#1900,#1901,#1902,#1903,#1904,#1905,
#1906,#1907,#1908,#1909,#1910,#1911,#1912,#1913,#1914,#1915,#1916,#1917,
#1918,#1919,#1920,#1921,#1922,#1923,#1924,#1925,#1926,#1927,#1928,#1929,
#1930,#1931,#1932,#1933,#1934,#1935,#1936,#1937,#1938,#1939,#1940,#1941,
#1942,#1943,#1944,#1945,#1946,#1947,#1948,#1949,#1950,#1951,#1952,#1953,
#1954,#1955,#1956,#1957,#1958,#1959,#1960,#1961,#1962,#1963,#1964,#1965,
#1966,#1967,#1968));
#3339=EDGE_LOOP('',(#1969,#1970,#1971));
#3340=EDGE_LOOP('',(#1972,#1973,#1974));
#3341=EDGE_LOOP('',(#1975));
#3342=EDGE_LOOP('',(#1976));
#3343=FACE_BOUND('',#3067,.T.);
#3344=FACE_BOUND('',#3068,.T.);
#3345=FACE_BOUND('',#3069,.T.);
#3346=FACE_BOUND('',#3070,.T.);
#3347=FACE_BOUND('',#3071,.T.);
#3348=FACE_BOUND('',#3072,.T.);
#3349=FACE_BOUND('',#3073,.T.);
#3350=FACE_BOUND('',#3074,.T.);
#3351=FACE_BOUND('',#3075,.T.);
#3352=FACE_BOUND('',#3076,.T.);
#3353=FACE_BOUND('',#3077,.T.);
#3354=FACE_BOUND('',#3078,.T.);
#3355=FACE_BOUND('',#3079,.T.);
#3356=FACE_BOUND('',#3080,.T.);
#3357=FACE_BOUND('',#3081,.T.);
#3358=FACE_BOUND('',#3082,.T.);
#3359=FACE_BOUND('',#3083,.T.);
#3360=FACE_BOUND('',#3084,.T.);
#3361=FACE_BOUND('',#3085,.T.);
#3362=FACE_BOUND('',#3086,.T.);
#3363=FACE_BOUND('',#3087,.T.);
#3364=FACE_BOUND('',#3088,.T.);
#3365=FACE_BOUND('',#3089,.T.);
#3366=FACE_BOUND('',#3090,.T.);
#3367=FACE_BOUND('',#3091,.T.);
#3368=FACE_BOUND('',#3092,.T.);
#3369=FACE_BOUND('',#3093,.T.);
#3370=FACE_BOUND('',#3094,.T.);
#3371=FACE_BOUND('',#3095,.T.);
#3372=FACE_BOUND('',#3096,.T.);
#3373=FACE_BOUND('',#3097,.T.);
#3374=FACE_BOUND('',#3098,.T.);
#3375=FACE_BOUND('',#3099,.T.);
#3376=FACE_BOUND('',#3100,.T.);
#3377=FACE_BOUND('',#3101,.T.);
#3378=FACE_BOUND('',#3102,.T.);
#3379=FACE_BOUND('',#3103,.T.);
#3380=FACE_BOUND('',#3104,.T.);
#3381=FACE_BOUND('',#3105,.T.);
#3382=FACE_BOUND('',#3106,.T.);
#3383=FACE_BOUND('',#3107,.T.);
#3384=FACE_BOUND('',#3108,.T.);
#3385=FACE_BOUND('',#3109,.T.);
#3386=FACE_BOUND('',#3110,.T.);
#3387=FACE_BOUND('',#3111,.T.);
#3388=FACE_BOUND('',#3112,.T.);
#3389=FACE_BOUND('',#3113,.T.);
#3390=FACE_BOUND('',#3114,.T.);
#3391=FACE_BOUND('',#3115,.T.);
#3392=FACE_BOUND('',#3116,.T.);
#3393=FACE_BOUND('',#3117,.T.);
#3394=FACE_BOUND('',#3118,.T.);
#3395=FACE_BOUND('',#3119,.T.);
#3396=FACE_BOUND('',#3120,.T.);
#3397=FACE_BOUND('',#3121,.T.);
#3398=FACE_BOUND('',#3122,.T.);
#3399=FACE_BOUND('',#3123,.T.);
#3400=FACE_BOUND('',#3124,.T.);
#3401=FACE_BOUND('',#3125,.T.);
#3402=FACE_BOUND('',#3126,.T.);
#3403=FACE_BOUND('',#3127,.T.);
#3404=FACE_BOUND('',#3128,.T.);
#3405=FACE_BOUND('',#3129,.T.);
#3406=FACE_BOUND('',#3130,.T.);
#3407=FACE_BOUND('',#3131,.T.);
#3408=FACE_BOUND('',#3132,.T.);
#3409=FACE_BOUND('',#3133,.T.);
#3410=FACE_BOUND('',#3134,.T.);
#3411=FACE_BOUND('',#3135,.T.);
#3412=FACE_BOUND('',#3136,.T.);
#3413=FACE_BOUND('',#3137,.T.);
#3414=FACE_BOUND('',#3138,.T.);
#3415=FACE_BOUND('',#3139,.T.);
#3416=FACE_BOUND('',#3140,.T.);
#3417=FACE_BOUND('',#3141,.T.);
#3418=FACE_BOUND('',#3142,.T.);
#3419=FACE_BOUND('',#3143,.T.);
#3420=FACE_BOUND('',#3144,.T.);
#3421=FACE_BOUND('',#3145,.T.);
#3422=FACE_BOUND('',#3146,.T.);
#3423=FACE_BOUND('',#3147,.T.);
#3424=FACE_BOUND('',#3148,.T.);
#3425=FACE_BOUND('',#3149,.T.);
#3426=FACE_BOUND('',#3150,.T.);
#3427=FACE_BOUND('',#3151,.T.);
#3428=FACE_BOUND('',#3152,.T.);
#3429=FACE_BOUND('',#3153,.T.);
#3430=FACE_BOUND('',#3154,.T.);
#3431=FACE_BOUND('',#3155,.T.);
#3432=FACE_BOUND('',#3156,.T.);
#3433=FACE_BOUND('',#3157,.T.);
#3434=FACE_BOUND('',#3158,.T.);
#3435=FACE_BOUND('',#3159,.T.);
#3436=FACE_BOUND('',#3160,.T.);
#3437=FACE_BOUND('',#3161,.T.);
#3438=FACE_BOUND('',#3162,.T.);
#3439=FACE_BOUND('',#3163,.T.);
#3440=FACE_BOUND('',#3164,.T.);
#3441=FACE_BOUND('',#3165,.T.);
#3442=FACE_BOUND('',#3166,.T.);
#3443=FACE_BOUND('',#3167,.T.);
#3444=FACE_BOUND('',#3168,.T.);
#3445=FACE_BOUND('',#3169,.T.);
#3446=FACE_BOUND('',#3170,.T.);
#3447=FACE_BOUND('',#3171,.T.);
#3448=FACE_BOUND('',#3172,.T.);
#3449=FACE_BOUND('',#3173,.T.);
#3450=FACE_BOUND('',#3174,.T.);
#3451=FACE_BOUND('',#3175,.T.);
#3452=FACE_BOUND('',#3176,.T.);
#3453=FACE_BOUND('',#3177,.T.);
#3454=FACE_BOUND('',#3178,.T.);
#3455=FACE_BOUND('',#3179,.T.);
#3456=FACE_BOUND('',#3180,.T.);
#3457=FACE_BOUND('',#3181,.T.);
#3458=FACE_BOUND('',#3182,.T.);
#3459=FACE_BOUND('',#3183,.T.);
#3460=FACE_BOUND('',#3184,.T.);
#3461=FACE_BOUND('',#3185,.T.);
#3462=FACE_BOUND('',#3186,.T.);
#3463=FACE_BOUND('',#3187,.T.);
#3464=FACE_BOUND('',#3188,.T.);
#3465=FACE_BOUND('',#3189,.T.);
#3466=FACE_BOUND('',#3190,.T.);
#3467=FACE_BOUND('',#3191,.T.);
#3468=FACE_BOUND('',#3192,.T.);
#3469=FACE_BOUND('',#3193,.T.);
#3470=FACE_BOUND('',#3194,.T.);
#3471=FACE_BOUND('',#3195,.T.);
#3472=FACE_BOUND('',#3196,.T.);
#3473=FACE_BOUND('',#3197,.T.);
#3474=FACE_BOUND('',#3198,.T.);
#3475=FACE_BOUND('',#3199,.T.);
#3476=FACE_BOUND('',#3200,.T.);
#3477=FACE_BOUND('',#3201,.T.);
#3478=FACE_BOUND('',#3202,.T.);
#3479=FACE_BOUND('',#3203,.T.);
#3480=FACE_BOUND('',#3204,.T.);
#3481=FACE_BOUND('',#3205,.T.);
#3482=FACE_BOUND('',#3206,.T.);
#3483=FACE_BOUND('',#3207,.T.);
#3484=FACE_BOUND('',#3208,.T.);
#3485=FACE_BOUND('',#3209,.T.);
#3486=FACE_BOUND('',#3210,.T.);
#3487=FACE_BOUND('',#3211,.T.);
#3488=FACE_BOUND('',#3212,.T.);
#3489=FACE_BOUND('',#3213,.T.);
#3490=FACE_BOUND('',#3214,.T.);
#3491=FACE_BOUND('',#3215,.T.);
#3492=FACE_BOUND('',#3216,.T.);
#3493=FACE_BOUND('',#3217,.T.);
#3494=FACE_BOUND('',#3218,.T.);
#3495=FACE_BOUND('',#3219,.T.);
#3496=FACE_BOUND('',#3220,.T.);
#3497=FACE_BOUND('',#3221,.T.);
#3498=FACE_BOUND('',#3222,.T.);
#3499=FACE_BOUND('',#3223,.T.);
#3500=FACE_BOUND('',#3224,.T.);
#3501=FACE_BOUND('',#3225,.T.);
#3502=FACE_BOUND('',#3226,.T.);
#3503=FACE_BOUND('',#3227,.T.);
#3504=FACE_BOUND('',#3228,.T.);
#3505=FACE_BOUND('',#3229,.T.);
#3506=FACE_BOUND('',#3230,.T.);
#3507=FACE_BOUND('',#3231,.T.);
#3508=FACE_BOUND('',#3232,.T.);
#3509=FACE_BOUND('',#3233,.T.);
#3510=FACE_BOUND('',#3234,.T.);
#3511=FACE_BOUND('',#3235,.T.);
#3512=FACE_BOUND('',#3236,.T.);
#3513=FACE_BOUND('',#3237,.T.);
#3514=FACE_BOUND('',#3238,.T.);
#3515=FACE_BOUND('',#3239,.T.);
#3516=FACE_BOUND('',#3240,.T.);
#3517=FACE_BOUND('',#3241,.T.);
#3518=FACE_BOUND('',#3242,.T.);
#3519=FACE_BOUND('',#3243,.T.);
#3520=FACE_BOUND('',#3244,.T.);
#3521=FACE_BOUND('',#3245,.T.);
#3522=FACE_BOUND('',#3246,.T.);
#3523=FACE_BOUND('',#3247,.T.);
#3524=FACE_BOUND('',#3248,.T.);
#3525=FACE_BOUND('',#3249,.T.);
#3526=FACE_BOUND('',#3250,.T.);
#3527=FACE_BOUND('',#3251,.T.);
#3528=FACE_BOUND('',#3252,.T.);
#3529=FACE_BOUND('',#3253,.T.);
#3530=FACE_BOUND('',#3254,.T.);
#3531=FACE_BOUND('',#3255,.T.);
#3532=FACE_BOUND('',#3256,.T.);
#3533=FACE_BOUND('',#3257,.T.);
#3534=FACE_BOUND('',#3258,.T.);
#3535=FACE_BOUND('',#3259,.T.);
#3536=FACE_BOUND('',#3260,.T.);
#3537=FACE_BOUND('',#3261,.T.);
#3538=FACE_BOUND('',#3262,.T.);
#3539=FACE_BOUND('',#3263,.T.);
#3540=FACE_BOUND('',#3264,.T.);
#3541=FACE_BOUND('',#3265,.T.);
#3542=FACE_BOUND('',#3266,.T.);
#3543=FACE_BOUND('',#3267,.T.);
#3544=FACE_BOUND('',#3268,.T.);
#3545=FACE_BOUND('',#3269,.T.);
#3546=FACE_BOUND('',#3270,.T.);
#3547=FACE_BOUND('',#3271,.T.);
#3548=FACE_BOUND('',#3272,.T.);
#3549=FACE_BOUND('',#3273,.T.);
#3550=FACE_BOUND('',#3274,.T.);
#3551=FACE_BOUND('',#3275,.T.);
#3552=FACE_BOUND('',#3276,.T.);
#3553=FACE_BOUND('',#3277,.T.);
#3554=FACE_BOUND('',#3278,.T.);
#3555=FACE_BOUND('',#3279,.T.);
#3556=FACE_BOUND('',#3280,.T.);
#3557=FACE_BOUND('',#3281,.T.);
#3558=FACE_BOUND('',#3282,.T.);
#3559=FACE_BOUND('',#3283,.T.);
#3560=FACE_BOUND('',#3284,.T.);
#3561=FACE_BOUND('',#3285,.T.);
#3562=FACE_BOUND('',#3286,.T.);
#3563=FACE_BOUND('',#3287,.T.);
#3564=FACE_BOUND('',#3288,.T.);
#3565=FACE_BOUND('',#3289,.T.);
#3566=FACE_BOUND('',#3290,.T.);
#3567=FACE_BOUND('',#3291,.T.);
#3568=FACE_BOUND('',#3292,.T.);
#3569=FACE_BOUND('',#3293,.T.);
#3570=FACE_BOUND('',#3294,.T.);
#3571=FACE_BOUND('',#3295,.T.);
#3572=FACE_BOUND('',#3296,.T.);
#3573=FACE_BOUND('',#3297,.T.);
#3574=FACE_BOUND('',#3298,.T.);
#3575=FACE_BOUND('',#3299,.T.);
#3576=FACE_BOUND('',#3300,.T.);
#3577=FACE_BOUND('',#3301,.T.);
#3578=FACE_BOUND('',#3302,.T.);
#3579=FACE_BOUND('',#3303,.T.);
#3580=FACE_BOUND('',#3304,.T.);
#3581=FACE_BOUND('',#3305,.T.);
#3582=FACE_BOUND('',#3306,.T.);
#3583=FACE_BOUND('',#3307,.T.);
#3584=FACE_BOUND('',#3308,.T.);
#3585=FACE_BOUND('',#3309,.T.);
#3586=FACE_BOUND('',#3310,.T.);
#3587=FACE_BOUND('',#3311,.T.);
#3588=FACE_BOUND('',#3312,.T.);
#3589=FACE_BOUND('',#3313,.T.);
#3590=FACE_BOUND('',#3314,.T.);
#3591=FACE_BOUND('',#3315,.T.);
#3592=FACE_BOUND('',#3316,.T.);
#3593=FACE_BOUND('',#3317,.T.);
#3594=FACE_BOUND('',#3318,.T.);
#3595=FACE_BOUND('',#3319,.T.);
#3596=FACE_BOUND('',#3320,.T.);
#3597=FACE_BOUND('',#3321,.T.);
#3598=FACE_BOUND('',#3322,.T.);
#3599=FACE_BOUND('',#3323,.T.);
#3600=FACE_BOUND('',#3324,.T.);
#3601=FACE_BOUND('',#3325,.T.);
#3602=FACE_BOUND('',#3326,.T.);
#3603=FACE_BOUND('',#3327,.T.);
#3604=FACE_BOUND('',#3328,.T.);
#3605=FACE_BOUND('',#3329,.T.);
#3606=FACE_BOUND('',#3330,.T.);
#3607=FACE_BOUND('',#3331,.T.);
#3608=FACE_BOUND('',#3332,.T.);
#3609=FACE_BOUND('',#3333,.T.);
#3610=FACE_BOUND('',#3334,.T.);
#3611=FACE_BOUND('',#3335,.T.);
#3612=FACE_BOUND('',#3336,.T.);
#3613=FACE_BOUND('',#3337,.T.);
#3614=FACE_BOUND('',#3338,.T.);
#3615=FACE_BOUND('',#3339,.T.);
#3616=FACE_BOUND('',#3340,.T.);
#3617=FACE_BOUND('',#3341,.T.);
#3618=FACE_BOUND('',#3342,.T.);
#3619=CYLINDRICAL_SURFACE('',#3902,0.021);
#3620=CYLINDRICAL_SURFACE('',#3906,0.021);
#3621=CYLINDRICAL_SURFACE('',#3910,0.021);
#3622=CYLINDRICAL_SURFACE('',#3914,0.021);
#3623=CYLINDRICAL_SURFACE('',#3918,0.021);
#3624=CYLINDRICAL_SURFACE('',#3922,0.021);
#3625=CYLINDRICAL_SURFACE('',#3926,0.021);
#3626=CYLINDRICAL_SURFACE('',#3930,0.021);
#3627=CYLINDRICAL_SURFACE('',#3934,0.021);
#3628=CYLINDRICAL_SURFACE('',#3938,0.021);
#3629=CYLINDRICAL_SURFACE('',#4001,0.036);
#3630=CYLINDRICAL_SURFACE('',#4055,0.0022);
#3631=CYLINDRICAL_SURFACE('',#4056,0.0022);
#3632=CYLINDRICAL_SURFACE('',#4057,0.0022);
#3633=CYLINDRICAL_SURFACE('',#4058,0.0022);
#3634=CYLINDRICAL_SURFACE('',#4059,0.0022);
#3635=CYLINDRICAL_SURFACE('',#4060,0.0022);
#3636=CYLINDRICAL_SURFACE('',#4061,0.0022);
#3637=CYLINDRICAL_SURFACE('',#4062,0.0022);
#3638=CYLINDRICAL_SURFACE('',#4063,0.0022);
#3639=CYLINDRICAL_SURFACE('',#4064,0.0022);
#3640=CYLINDRICAL_SURFACE('',#4065,0.0022);
#3641=CYLINDRICAL_SURFACE('',#4066,0.0022);
#3642=CYLINDRICAL_SURFACE('',#4067,0.0022);
#3643=CYLINDRICAL_SURFACE('',#4068,0.0022);
#3644=CYLINDRICAL_SURFACE('',#4069,0.0022);
#3645=CYLINDRICAL_SURFACE('',#4070,0.0022);
#3646=CYLINDRICAL_SURFACE('',#4071,0.0022);
#3647=CYLINDRICAL_SURFACE('',#4072,0.0022);
#3648=CYLINDRICAL_SURFACE('',#4073,0.0022);
#3649=CYLINDRICAL_SURFACE('',#4074,0.0022);
#3650=CYLINDRICAL_SURFACE('',#4075,0.0022);
#3651=CYLINDRICAL_SURFACE('',#4076,0.0022);
#3652=CYLINDRICAL_SURFACE('',#4077,0.0022);
#3653=CYLINDRICAL_SURFACE('',#4078,0.0022);
#3654=CYLINDRICAL_SURFACE('',#4234,0.014);
#3655=CYLINDRICAL_SURFACE('',#4236,0.014);
#3656=CYLINDRICAL_SURFACE('',#4238,0.014);
#3657=CYLINDRICAL_SURFACE('',#4240,0.014);
#3658=CYLINDRICAL_SURFACE('',#4242,0.014);
#3659=CYLINDRICAL_SURFACE('',#4244,0.014);
#3660=CYLINDRICAL_SURFACE('',#4246,0.014);
#3661=CYLINDRICAL_SURFACE('',#4248,0.014);
#3662=CYLINDRICAL_SURFACE('',#4250,0.014);
#3663=CYLINDRICAL_SURFACE('',#4252,0.014);
#3664=CYLINDRICAL_SURFACE('',#4254,0.014);
#3665=CYLINDRICAL_SURFACE('',#4256,0.014);
#3666=CYLINDRICAL_SURFACE('',#4258,0.014);
#3667=CYLINDRICAL_SURFACE('',#4260,0.014);
#3668=CYLINDRICAL_SURFACE('',#4262,0.014);
#3669=CYLINDRICAL_SURFACE('',#4264,0.014);
#3670=CYLINDRICAL_SURFACE('',#4266,0.014);
#3671=CYLINDRICAL_SURFACE('',#4268,0.014);
#3672=CYLINDRICAL_SURFACE('',#4270,0.014);
#3673=CYLINDRICAL_SURFACE('',#4272,0.014);
#3674=CYLINDRICAL_SURFACE('',#4274,0.014);
#3675=CYLINDRICAL_SURFACE('',#4276,0.014);
#3676=CYLINDRICAL_SURFACE('',#4278,0.014);
#3677=CYLINDRICAL_SURFACE('',#4280,0.014);
#3678=CYLINDRICAL_SURFACE('',#4282,0.014);
#3679=CYLINDRICAL_SURFACE('',#4284,0.014);
#3680=CYLINDRICAL_SURFACE('',#4286,0.014);
#3681=CYLINDRICAL_SURFACE('',#4288,0.014);
#3682=CYLINDRICAL_SURFACE('',#4290,0.014);
#3683=CYLINDRICAL_SURFACE('',#4292,0.014);
#3684=CYLINDRICAL_SURFACE('',#4294,0.014);
#3685=CYLINDRICAL_SURFACE('',#4296,0.014);
#3686=CYLINDRICAL_SURFACE('',#4301,0.014);
#3687=CYLINDRICAL_SURFACE('',#4303,0.014);
#3688=CYLINDRICAL_SURFACE('',#4305,0.0031);
#3689=CYLINDRICAL_SURFACE('',#4342,0.014);
#3690=CYLINDRICAL_SURFACE('',#4343,0.014);
#3691=ADVANCED_FACE('',(#3343),#3619,.T.);
#3692=ADVANCED_FACE('',(#3344),#3620,.T.);
#3693=ADVANCED_FACE('',(#3345),#3621,.T.);
#3694=ADVANCED_FACE('',(#3346),#3622,.T.);
#3695=ADVANCED_FACE('',(#3347),#3623,.T.);
#3696=ADVANCED_FACE('',(#3348),#3624,.T.);
#3697=ADVANCED_FACE('',(#3349),#3625,.T.);
#3698=ADVANCED_FACE('',(#3350),#3626,.T.);
#3699=ADVANCED_FACE('',(#3351),#3627,.T.);
#3700=ADVANCED_FACE('',(#3352),#3628,.T.);
#3701=ADVANCED_FACE('',(#3353),#13,.F.);
#3702=ADVANCED_FACE('',(#3354,#3355),#14,.T.);
#3703=ADVANCED_FACE('',(#3356),#15,.T.);
#3704=ADVANCED_FACE('',(#3357),#16,.F.);
#3705=ADVANCED_FACE('',(#3358,#3359),#3629,.T.);
#3706=ADVANCED_FACE('',(#3360,#3361,#3362,#3363,#3364,#3365,#3366,#3367,
#3368,#3369,#3370,#3371,#3372,#3373,#3374,#3375,#3376,#3377,#3378,#3379,
#3380,#3381,#3382,#3383,#3384,#3385),#17,.F.);
#3707=ADVANCED_FACE('',(#3386,#3387,#3388,#3389,#3390,#3391,#3392,#3393,
#3394,#3395,#3396,#3397,#3398,#3399,#3400,#3401,#3402,#3403,#3404,#3405,
#3406,#3407,#3408,#3409,#3410),#18,.T.);
#3708=ADVANCED_FACE('',(#3411,#3412),#3630,.F.);
#3709=ADVANCED_FACE('',(#3413,#3414),#3631,.F.);
#3710=ADVANCED_FACE('',(#3415,#3416),#3632,.F.);
#3711=ADVANCED_FACE('',(#3417,#3418),#3633,.F.);
#3712=ADVANCED_FACE('',(#3419,#3420),#3634,.F.);
#3713=ADVANCED_FACE('',(#3421,#3422),#3635,.F.);
#3714=ADVANCED_FACE('',(#3423,#3424),#3636,.F.);
#3715=ADVANCED_FACE('',(#3425,#3426),#3637,.F.);
#3716=ADVANCED_FACE('',(#3427,#3428),#3638,.F.);
#3717=ADVANCED_FACE('',(#3429,#3430),#3639,.F.);
#3718=ADVANCED_FACE('',(#3431,#3432),#3640,.F.);
#3719=ADVANCED_FACE('',(#3433,#3434),#3641,.F.);
#3720=ADVANCED_FACE('',(#3435,#3436),#3642,.F.);
#3721=ADVANCED_FACE('',(#3437,#3438),#3643,.F.);
#3722=ADVANCED_FACE('',(#3439,#3440),#3644,.F.);
#3723=ADVANCED_FACE('',(#3441,#3442),#3645,.F.);
#3724=ADVANCED_FACE('',(#3443,#3444),#3646,.F.);
#3725=ADVANCED_FACE('',(#3445,#3446),#3647,.F.);
#3726=ADVANCED_FACE('',(#3447,#3448),#3648,.F.);
#3727=ADVANCED_FACE('',(#3449,#3450),#3649,.F.);
#3728=ADVANCED_FACE('',(#3451,#3452),#3650,.F.);
#3729=ADVANCED_FACE('',(#3453,#3454),#3651,.F.);
#3730=ADVANCED_FACE('',(#3455,#3456),#3652,.F.);
#3731=ADVANCED_FACE('',(#3457,#3458),#3653,.F.);
#3732=ADVANCED_FACE('',(#3459),#19,.T.);
#3733=ADVANCED_FACE('',(#3460),#20,.T.);
#3734=ADVANCED_FACE('',(#3461),#21,.T.);
#3735=ADVANCED_FACE('',(#3462),#22,.T.);
#3736=ADVANCED_FACE('',(#3463),#23,.T.);
#3737=ADVANCED_FACE('',(#3464),#24,.T.);
#3738=ADVANCED_FACE('',(#3465),#25,.T.);
#3739=ADVANCED_FACE('',(#3466),#26,.T.);
#3740=ADVANCED_FACE('',(#3467),#27,.T.);
#3741=ADVANCED_FACE('',(#3468),#28,.T.);
#3742=ADVANCED_FACE('',(#3469),#29,.T.);
#3743=ADVANCED_FACE('',(#3470),#30,.T.);
#3744=ADVANCED_FACE('',(#3471),#31,.T.);
#3745=ADVANCED_FACE('',(#3472),#32,.T.);
#3746=ADVANCED_FACE('',(#3473),#33,.T.);
#3747=ADVANCED_FACE('',(#3474),#34,.T.);
#3748=ADVANCED_FACE('',(#3475),#35,.T.);
#3749=ADVANCED_FACE('',(#3476),#36,.T.);
#3750=ADVANCED_FACE('',(#3477),#37,.T.);
#3751=ADVANCED_FACE('',(#3478),#38,.T.);
#3752=ADVANCED_FACE('',(#3479),#39,.T.);
#3753=ADVANCED_FACE('',(#3480),#40,.T.);
#3754=ADVANCED_FACE('',(#3481),#41,.T.);
#3755=ADVANCED_FACE('',(#3482),#42,.T.);
#3756=ADVANCED_FACE('',(#3483),#43,.T.);
#3757=ADVANCED_FACE('',(#3484),#44,.T.);
#3758=ADVANCED_FACE('',(#3485),#45,.T.);
#3759=ADVANCED_FACE('',(#3486),#46,.T.);
#3760=ADVANCED_FACE('',(#3487),#47,.T.);
#3761=ADVANCED_FACE('',(#3488),#48,.T.);
#3762=ADVANCED_FACE('',(#3489),#49,.T.);
#3763=ADVANCED_FACE('',(#3490),#50,.T.);
#3764=ADVANCED_FACE('',(#3491),#51,.T.);
#3765=ADVANCED_FACE('',(#3492),#52,.T.);
#3766=ADVANCED_FACE('',(#3493),#53,.T.);
#3767=ADVANCED_FACE('',(#3494),#54,.T.);
#3768=ADVANCED_FACE('',(#3495),#55,.T.);
#3769=ADVANCED_FACE('',(#3496),#56,.T.);
#3770=ADVANCED_FACE('',(#3497),#57,.T.);
#3771=ADVANCED_FACE('',(#3498),#58,.T.);
#3772=ADVANCED_FACE('',(#3499),#59,.T.);
#3773=ADVANCED_FACE('',(#3500),#60,.T.);
#3774=ADVANCED_FACE('',(#3501),#61,.T.);
#3775=ADVANCED_FACE('',(#3502),#62,.T.);
#3776=ADVANCED_FACE('',(#3503),#63,.T.);
#3777=ADVANCED_FACE('',(#3504),#64,.T.);
#3778=ADVANCED_FACE('',(#3505),#65,.T.);
#3779=ADVANCED_FACE('',(#3506),#66,.T.);
#3780=ADVANCED_FACE('',(#3507),#67,.T.);
#3781=ADVANCED_FACE('',(#3508),#68,.T.);
#3782=ADVANCED_FACE('',(#3509),#69,.T.);
#3783=ADVANCED_FACE('',(#3510),#70,.T.);
#3784=ADVANCED_FACE('',(#3511),#71,.T.);
#3785=ADVANCED_FACE('',(#3512),#72,.T.);
#3786=ADVANCED_FACE('',(#3513),#73,.T.);
#3787=ADVANCED_FACE('',(#3514),#74,.T.);
#3788=ADVANCED_FACE('',(#3515),#75,.T.);
#3789=ADVANCED_FACE('',(#3516),#76,.T.);
#3790=ADVANCED_FACE('',(#3517),#77,.T.);
#3791=ADVANCED_FACE('',(#3518),#78,.T.);
#3792=ADVANCED_FACE('',(#3519),#79,.T.);
#3793=ADVANCED_FACE('',(#3520),#80,.T.);
#3794=ADVANCED_FACE('',(#3521),#81,.T.);
#3795=ADVANCED_FACE('',(#3522),#82,.T.);
#3796=ADVANCED_FACE('',(#3523),#83,.T.);
#3797=ADVANCED_FACE('',(#3524),#84,.T.);
#3798=ADVANCED_FACE('',(#3525),#85,.T.);
#3799=ADVANCED_FACE('',(#3526),#86,.T.);
#3800=ADVANCED_FACE('',(#3527),#87,.T.);
#3801=ADVANCED_FACE('',(#3528),#88,.T.);
#3802=ADVANCED_FACE('',(#3529),#89,.T.);
#3803=ADVANCED_FACE('',(#3530),#90,.T.);
#3804=ADVANCED_FACE('',(#3531),#91,.T.);
#3805=ADVANCED_FACE('',(#3532),#92,.T.);
#3806=ADVANCED_FACE('',(#3533),#93,.T.);
#3807=ADVANCED_FACE('',(#3534),#94,.T.);
#3808=ADVANCED_FACE('',(#3535),#95,.T.);
#3809=ADVANCED_FACE('',(#3536),#96,.T.);
#3810=ADVANCED_FACE('',(#3537),#97,.T.);
#3811=ADVANCED_FACE('',(#3538),#98,.T.);
#3812=ADVANCED_FACE('',(#3539),#99,.T.);
#3813=ADVANCED_FACE('',(#3540),#100,.T.);
#3814=ADVANCED_FACE('',(#3541),#101,.F.);
#3815=ADVANCED_FACE('',(#3542),#3654,.F.);
#3816=ADVANCED_FACE('',(#3543),#3655,.F.);
#3817=ADVANCED_FACE('',(#3544),#3656,.F.);
#3818=ADVANCED_FACE('',(#3545),#3657,.F.);
#3819=ADVANCED_FACE('',(#3546),#3658,.F.);
#3820=ADVANCED_FACE('',(#3547),#3659,.F.);
#3821=ADVANCED_FACE('',(#3548),#3660,.F.);
#3822=ADVANCED_FACE('',(#3549),#3661,.F.);
#3823=ADVANCED_FACE('',(#3550),#3662,.F.);
#3824=ADVANCED_FACE('',(#3551),#3663,.F.);
#3825=ADVANCED_FACE('',(#3552),#3664,.F.);
#3826=ADVANCED_FACE('',(#3553),#3665,.F.);
#3827=ADVANCED_FACE('',(#3554),#3666,.F.);
#3828=ADVANCED_FACE('',(#3555),#3667,.F.);
#3829=ADVANCED_FACE('',(#3556),#3668,.F.);
#3830=ADVANCED_FACE('',(#3557),#3669,.F.);
#3831=ADVANCED_FACE('',(#3558),#3670,.F.);
#3832=ADVANCED_FACE('',(#3559),#3671,.F.);
#3833=ADVANCED_FACE('',(#3560),#3672,.F.);
#3834=ADVANCED_FACE('',(#3561),#3673,.F.);
#3835=ADVANCED_FACE('',(#3562),#3674,.F.);
#3836=ADVANCED_FACE('',(#3563),#3675,.F.);
#3837=ADVANCED_FACE('',(#3564),#3676,.F.);
#3838=ADVANCED_FACE('',(#3565),#3677,.F.);
#3839=ADVANCED_FACE('',(#3566),#3678,.F.);
#3840=ADVANCED_FACE('',(#3567),#3679,.F.);
#3841=ADVANCED_FACE('',(#3568),#3680,.F.);
#3842=ADVANCED_FACE('',(#3569),#3681,.F.);
#3843=ADVANCED_FACE('',(#3570),#3682,.F.);
#3844=ADVANCED_FACE('',(#3571),#3683,.F.);
#3845=ADVANCED_FACE('',(#3572),#3684,.F.);
#3846=ADVANCED_FACE('',(#3573),#3685,.F.);
#3847=ADVANCED_FACE('',(#3574),#102,.F.);
#3848=ADVANCED_FACE('',(#3575),#103,.F.);
#3849=ADVANCED_FACE('',(#3576),#104,.F.);
#3850=ADVANCED_FACE('',(#3577),#3686,.F.);
#3851=ADVANCED_FACE('',(#3578),#3687,.F.);
#3852=ADVANCED_FACE('',(#3579,#3580),#3688,.F.);
#3853=ADVANCED_FACE('',(#3581),#105,.F.);
#3854=ADVANCED_FACE('',(#3582),#106,.F.);
#3855=ADVANCED_FACE('',(#3583),#107,.F.);
#3856=ADVANCED_FACE('',(#3584),#108,.F.);
#3857=ADVANCED_FACE('',(#3585),#109,.F.);
#3858=ADVANCED_FACE('',(#3586),#110,.F.);
#3859=ADVANCED_FACE('',(#3587),#111,.F.);
#3860=ADVANCED_FACE('',(#3588),#112,.F.);
#3861=ADVANCED_FACE('',(#3589),#113,.F.);
#3862=ADVANCED_FACE('',(#3590),#114,.F.);
#3863=ADVANCED_FACE('',(#3591),#115,.F.);
#3864=ADVANCED_FACE('',(#3592),#116,.F.);
#3865=ADVANCED_FACE('',(#3593),#117,.F.);
#3866=ADVANCED_FACE('',(#3594),#118,.F.);
#3867=ADVANCED_FACE('',(#3595),#119,.F.);
#3868=ADVANCED_FACE('',(#3596),#120,.F.);
#3869=ADVANCED_FACE('',(#3597),#121,.F.);
#3870=ADVANCED_FACE('',(#3598),#122,.F.);
#3871=ADVANCED_FACE('',(#3599),#123,.F.);
#3872=ADVANCED_FACE('',(#3600),#124,.F.);
#3873=ADVANCED_FACE('',(#3601),#125,.F.);
#3874=ADVANCED_FACE('',(#3602),#126,.F.);
#3875=ADVANCED_FACE('',(#3603),#127,.F.);
#3876=ADVANCED_FACE('',(#3604),#128,.F.);
#3877=ADVANCED_FACE('',(#3605),#129,.F.);
#3878=ADVANCED_FACE('',(#3606),#130,.F.);
#3879=ADVANCED_FACE('',(#3607),#131,.F.);
#3880=ADVANCED_FACE('',(#3608),#132,.F.);
#3881=ADVANCED_FACE('',(#3609),#133,.F.);
#3882=ADVANCED_FACE('',(#3610),#134,.F.);
#3883=ADVANCED_FACE('',(#3611),#135,.F.);
#3884=ADVANCED_FACE('',(#3612),#136,.F.);
#3885=ADVANCED_FACE('',(#3613,#3614),#137,.F.);
#3886=ADVANCED_FACE('',(#3615),#3689,.F.);
#3887=ADVANCED_FACE('',(#3616),#3690,.F.);
#3888=ADVANCED_FACE('',(#3617,#3618),#12,.T.);
#3889=CLOSED_SHELL('',(#3691,#3692,#3693,#3694,#3695,#3696,#3697,#3698,
#3699,#3700,#3701,#3702,#3703,#3704,#3705,#3706,#3707,#3708,#3709,#3710,
#3711,#3712,#3713,#3714,#3715,#3716,#3717,#3718,#3719,#3720,#3721,#3722,
#3723,#3724,#3725,#3726,#3727,#3728,#3729,#3730,#3731,#3732,#3733,#3734,
#3735,#3736,#3737,#3738,#3739,#3740,#3741,#3742,#3743,#3744,#3745,#3746,
#3747,#3748,#3749,#3750,#3751,#3752,#3753,#3754,#3755,#3756,#3757,#3758,
#3759,#3760,#3761,#3762,#3763,#3764,#3765,#3766,#3767,#3768,#3769,#3770,
#3771,#3772,#3773,#3774,#3775,#3776,#3777,#3778,#3779,#3780,#3781,#3782,
#3783,#3784,#3785,#3786,#3787,#3788,#3789,#3790,#3791,#3792,#3793,#3794,
#3795,#3796,#3797,#3798,#3799,#3800,#3801,#3802,#3803,#3804,#3805,#3806,
#3807,#3808,#3809,#3810,#3811,#3812,#3813,#3814,#3815,#3816,#3817,#3818,
#3819,#3820,#3821,#3822,#3823,#3824,#3825,#3826,#3827,#3828,#3829,#3830,
#3831,#3832,#3833,#3834,#3835,#3836,#3837,#3838,#3839,#3840,#3841,#3842,
#3843,#3844,#3845,#3846,#3847,#3848,#3849,#3850,#3851,#3852,#3853,#3854,
#3855,#3856,#3857,#3858,#3859,#3860,#3861,#3862,#3863,#3864,#3865,#3866,
#3867,#3868,#3869,#3870,#3871,#3872,#3873,#3874,#3875,#3876,#3877,#3878,
#3879,#3880,#3881,#3882,#3883,#3884,#3885,#3886,#3887,#3888));
#3890=STYLED_ITEM('',(#3891),#3898);
#3891=PRESENTATION_STYLE_ASSIGNMENT((#3892));
#3892=SURFACE_STYLE_USAGE(.BOTH.,#3893);
#3893=SURFACE_SIDE_STYLE('',(#3894));
#3894=SURFACE_STYLE_FILL_AREA(#3895);
#3895=FILL_AREA_STYLE('',(#3896));
#3896=FILL_AREA_STYLE_COLOUR('',#3897);
#3897=COLOUR_RGB('',0.647058823529412,0.647058823529412,0.647058823529412);
#3898=MANIFOLD_SOLID_BREP('Yaw post',#3889);
#3899=SHAPE_DEFINITION_REPRESENTATION(#6696,#3900);
#3900=SHAPE_REPRESENTATION('Yaw post',(#3901),#6691);
#3901=AXIS2_PLACEMENT_3D('',#5545,#4345,#4346);
#3902=AXIS2_PLACEMENT_3D('',#5546,#4347,#4348);
#3903=AXIS2_PLACEMENT_3D('',#5547,#4349,#4350);
#3904=AXIS2_PLACEMENT_3D('',#5550,#4351,#4352);
#3905=AXIS2_PLACEMENT_3D('',#5552,#4353,#4354);
#3906=AXIS2_PLACEMENT_3D('',#5553,#4355,#4356);
#3907=AXIS2_PLACEMENT_3D('',#5554,#4357,#4358);
#3908=AXIS2_PLACEMENT_3D('',#5557,#4359,#4360);
#3909=AXIS2_PLACEMENT_3D('',#5559,#4361,#4362);
#3910=AXIS2_PLACEMENT_3D('',#5560,#4363,#4364);
#3911=AXIS2_PLACEMENT_3D('',#5561,#4365,#4366);
#3912=AXIS2_PLACEMENT_3D('',#5564,#4367,#4368);
#3913=AXIS2_PLACEMENT_3D('',#5566,#4369,#4370);
#3914=AXIS2_PLACEMENT_3D('',#5567,#4371,#4372);
#3915=AXIS2_PLACEMENT_3D('',#5568,#4373,#4374);
#3916=AXIS2_PLACEMENT_3D('',#5571,#4375,#4376);
#3917=AXIS2_PLACEMENT_3D('',#5573,#4377,#4378);
#3918=AXIS2_PLACEMENT_3D('',#5574,#4379,#4380);
#3919=AXIS2_PLACEMENT_3D('',#5575,#4381,#4382);
#3920=AXIS2_PLACEMENT_3D('',#5578,#4383,#4384);
#3921=AXIS2_PLACEMENT_3D('',#5580,#4385,#4386);
#3922=AXIS2_PLACEMENT_3D('',#5581,#4387,#4388);
#3923=AXIS2_PLACEMENT_3D('',#5582,#4389,#4390);
#3924=AXIS2_PLACEMENT_3D('',#5585,#4391,#4392);
#3925=AXIS2_PLACEMENT_3D('',#5587,#4393,#4394);
#3926=AXIS2_PLACEMENT_3D('',#5588,#4395,#4396);
#3927=AXIS2_PLACEMENT_3D('',#5589,#4397,#4398);
#3928=AXIS2_PLACEMENT_3D('',#5592,#4399,#4400);
#3929=AXIS2_PLACEMENT_3D('',#5594,#4401,#4402);
#3930=AXIS2_PLACEMENT_3D('',#5595,#4403,#4404);
#3931=AXIS2_PLACEMENT_3D('',#5596,#4405,#4406);
#3932=AXIS2_PLACEMENT_3D('',#5599,#4407,#4408);
#3933=AXIS2_PLACEMENT_3D('',#5601,#4409,#4410);
#3934=AXIS2_PLACEMENT_3D('',#5602,#4411,#4412);
#3935=AXIS2_PLACEMENT_3D('',#5603,#4413,#4414);
#3936=AXIS2_PLACEMENT_3D('',#5606,#4415,#4416);
#3937=AXIS2_PLACEMENT_3D('',#5608,#4417,#4418);
#3938=AXIS2_PLACEMENT_3D('',#5609,#4419,#4420);
#3939=AXIS2_PLACEMENT_3D('',#5610,#4421,#4422);
#3940=AXIS2_PLACEMENT_3D('',#5613,#4423,#4424);
#3941=AXIS2_PLACEMENT_3D('',#5617,#4426,#4427);
#3942=AXIS2_PLACEMENT_3D('',#5621,#4429,#4430);
#3943=AXIS2_PLACEMENT_3D('',#5623,#4431,#4432);
#3944=AXIS2_PLACEMENT_3D('',#5625,#4433,#4434);
#3945=AXIS2_PLACEMENT_3D('',#5627,#4435,#4436);
#3946=AXIS2_PLACEMENT_3D('',#5629,#4437,#4438);
#3947=AXIS2_PLACEMENT_3D('',#5631,#4439,#4440);
#3948=AXIS2_PLACEMENT_3D('',#5633,#4441,#4442);
#3949=AXIS2_PLACEMENT_3D('',#5635,#4443,#4444);
#3950=AXIS2_PLACEMENT_3D('',#5637,#4445,#4446);
#3951=AXIS2_PLACEMENT_3D('',#5639,#4447,#4448);
#3952=AXIS2_PLACEMENT_3D('',#5641,#4449,#4450);
#3953=AXIS2_PLACEMENT_3D('',#5643,#4451,#4452);
#3954=AXIS2_PLACEMENT_3D('',#5645,#4453,#4454);
#3955=AXIS2_PLACEMENT_3D('',#5647,#4455,#4456);
#3956=AXIS2_PLACEMENT_3D('',#5649,#4457,#4458);
#3957=AXIS2_PLACEMENT_3D('',#5651,#4459,#4460);
#3958=AXIS2_PLACEMENT_3D('',#5653,#4461,#4462);
#3959=AXIS2_PLACEMENT_3D('',#5655,#4463,#4464);
#3960=AXIS2_PLACEMENT_3D('',#5657,#4465,#4466);
#3961=AXIS2_PLACEMENT_3D('',#5659,#4467,#4468);
#3962=AXIS2_PLACEMENT_3D('',#5661,#4469,#4470);
#3963=AXIS2_PLACEMENT_3D('',#5663,#4471,#4472);
#3964=AXIS2_PLACEMENT_3D('',#5665,#4473,#4474);
#3965=AXIS2_PLACEMENT_3D('',#5667,#4475,#4476);
#3966=AXIS2_PLACEMENT_3D('',#5669,#4477,#4478);
#3967=AXIS2_PLACEMENT_3D('',#5671,#4479,#4480);
#3968=AXIS2_PLACEMENT_3D('',#5673,#4481,#4482);
#3969=AXIS2_PLACEMENT_3D('',#5675,#4483,#4484);
#3970=AXIS2_PLACEMENT_3D('',#5677,#4485,#4486);
#3971=AXIS2_PLACEMENT_3D('',#5679,#4487,#4488);
#3972=AXIS2_PLACEMENT_3D('',#5681,#4489,#4490);
#3973=AXIS2_PLACEMENT_3D('',#5683,#4491,#4492);
#3974=AXIS2_PLACEMENT_3D('',#5685,#4493,#4494);
#3975=AXIS2_PLACEMENT_3D('',#5687,#4495,#4496);
#3976=AXIS2_PLACEMENT_3D('',#5689,#4497,#4498);
#3977=AXIS2_PLACEMENT_3D('',#5691,#4499,#4500);
#3978=AXIS2_PLACEMENT_3D('',#5693,#4501,#4502);
#3979=AXIS2_PLACEMENT_3D('',#5695,#4503,#4504);
#3980=AXIS2_PLACEMENT_3D('',#5697,#4505,#4506);
#3981=AXIS2_PLACEMENT_3D('',#5699,#4507,#4508);
#3982=AXIS2_PLACEMENT_3D('',#5701,#4509,#4510);
#3983=AXIS2_PLACEMENT_3D('',#5703,#4511,#4512);
#3984=AXIS2_PLACEMENT_3D('',#5705,#4513,#4514);
#3985=AXIS2_PLACEMENT_3D('',#5707,#4515,#4516);
#3986=AXIS2_PLACEMENT_3D('',#5709,#4517,#4518);
#3987=AXIS2_PLACEMENT_3D('',#5711,#4519,#4520);
#3988=AXIS2_PLACEMENT_3D('',#5713,#4521,#4522);
#3989=AXIS2_PLACEMENT_3D('',#5715,#4523,#4524);
#3990=AXIS2_PLACEMENT_3D('',#5717,#4525,#4526);
#3991=AXIS2_PLACEMENT_3D('',#5719,#4527,#4528);
#3992=AXIS2_PLACEMENT_3D('',#5721,#4529,#4530);
#3993=AXIS2_PLACEMENT_3D('',#5723,#4531,#4532);
#3994=AXIS2_PLACEMENT_3D('',#5725,#4533,#4534);
#3995=AXIS2_PLACEMENT_3D('',#5727,#4535,#4536);
#3996=AXIS2_PLACEMENT_3D('',#5728,#4537,#4538);
#3997=AXIS2_PLACEMENT_3D('',#5784,#4572,#4573);
#3998=AXIS2_PLACEMENT_3D('',#5785,#4574,#4575);
#3999=AXIS2_PLACEMENT_3D('',#5792,#4579,#4580);
#4000=AXIS2_PLACEMENT_3D('',#5794,#4582,#4583);
#4001=AXIS2_PLACEMENT_3D('',#5796,#4585,#4586);
#4002=AXIS2_PLACEMENT_3D('',#5797,#4587,#4588);
#4003=AXIS2_PLACEMENT_3D('',#5799,#4589,#4590);
#4004=AXIS2_PLACEMENT_3D('',#5801,#4591,#4592);
#4005=AXIS2_PLACEMENT_3D('',#5802,#4593,#4594);
#4006=AXIS2_PLACEMENT_3D('',#5804,#4595,#4596);
#4007=AXIS2_PLACEMENT_3D('',#5806,#4597,#4598);
#4008=AXIS2_PLACEMENT_3D('',#5808,#4599,#4600);
#4009=AXIS2_PLACEMENT_3D('',#5810,#4601,#4602);
#4010=AXIS2_PLACEMENT_3D('',#5812,#4603,#4604);
#4011=AXIS2_PLACEMENT_3D('',#5814,#4605,#4606);
#4012=AXIS2_PLACEMENT_3D('',#5816,#4607,#4608);
#4013=AXIS2_PLACEMENT_3D('',#5818,#4609,#4610);
#4014=AXIS2_PLACEMENT_3D('',#5820,#4611,#4612);
#4015=AXIS2_PLACEMENT_3D('',#5822,#4613,#4614);
#4016=AXIS2_PLACEMENT_3D('',#5824,#4615,#4616);
#4017=AXIS2_PLACEMENT_3D('',#5826,#4617,#4618);
#4018=AXIS2_PLACEMENT_3D('',#5828,#4619,#4620);
#4019=AXIS2_PLACEMENT_3D('',#5830,#4621,#4622);
#4020=AXIS2_PLACEMENT_3D('',#5832,#4623,#4624);
#4021=AXIS2_PLACEMENT_3D('',#5834,#4625,#4626);
#4022=AXIS2_PLACEMENT_3D('',#5836,#4627,#4628);
#4023=AXIS2_PLACEMENT_3D('',#5838,#4629,#4630);
#4024=AXIS2_PLACEMENT_3D('',#5840,#4631,#4632);
#4025=AXIS2_PLACEMENT_3D('',#5842,#4633,#4634);
#4026=AXIS2_PLACEMENT_3D('',#5844,#4635,#4636);
#4027=AXIS2_PLACEMENT_3D('',#5846,#4637,#4638);
#4028=AXIS2_PLACEMENT_3D('',#5848,#4639,#4640);
#4029=AXIS2_PLACEMENT_3D('',#5850,#4641,#4642);
#4030=AXIS2_PLACEMENT_3D('',#5852,#4643,#4644);
#4031=AXIS2_PLACEMENT_3D('',#5853,#4645,#4646);
#4032=AXIS2_PLACEMENT_3D('',#5855,#4647,#4648);
#4033=AXIS2_PLACEMENT_3D('',#5857,#4649,#4650);
#4034=AXIS2_PLACEMENT_3D('',#5859,#4651,#4652);
#4035=AXIS2_PLACEMENT_3D('',#5861,#4653,#4654);
#4036=AXIS2_PLACEMENT_3D('',#5863,#4655,#4656);
#4037=AXIS2_PLACEMENT_3D('',#5865,#4657,#4658);
#4038=AXIS2_PLACEMENT_3D('',#5867,#4659,#4660);
#4039=AXIS2_PLACEMENT_3D('',#5869,#4661,#4662);
#4040=AXIS2_PLACEMENT_3D('',#5871,#4663,#4664);
#4041=AXIS2_PLACEMENT_3D('',#5873,#4665,#4666);
#4042=AXIS2_PLACEMENT_3D('',#5875,#4667,#4668);
#4043=AXIS2_PLACEMENT_3D('',#5877,#4669,#4670);
#4044=AXIS2_PLACEMENT_3D('',#5879,#4671,#4672);
#4045=AXIS2_PLACEMENT_3D('',#5881,#4673,#4674);
#4046=AXIS2_PLACEMENT_3D('',#5883,#4675,#4676);
#4047=AXIS2_PLACEMENT_3D('',#5885,#4677,#4678);
#4048=AXIS2_PLACEMENT_3D('',#5887,#4679,#4680);
#4049=AXIS2_PLACEMENT_3D('',#5889,#4681,#4682);
#4050=AXIS2_PLACEMENT_3D('',#5891,#4683,#4684);
#4051=AXIS2_PLACEMENT_3D('',#5893,#4685,#4686);
#4052=AXIS2_PLACEMENT_3D('',#5895,#4687,#4688);
#4053=AXIS2_PLACEMENT_3D('',#5897,#4689,#4690);
#4054=AXIS2_PLACEMENT_3D('',#5899,#4691,#4692);
#4055=AXIS2_PLACEMENT_3D('',#5901,#4693,#4694);
#4056=AXIS2_PLACEMENT_3D('',#5902,#4695,#4696);
#4057=AXIS2_PLACEMENT_3D('',#5903,#4697,#4698);
#4058=AXIS2_PLACEMENT_3D('',#5904,#4699,#4700);
#4059=AXIS2_PLACEMENT_3D('',#5905,#4701,#4702);
#4060=AXIS2_PLACEMENT_3D('',#5906,#4703,#4704);
#4061=AXIS2_PLACEMENT_3D('',#5907,#4705,#4706);
#4062=AXIS2_PLACEMENT_3D('',#5908,#4707,#4708);
#4063=AXIS2_PLACEMENT_3D('',#5909,#4709,#4710);
#4064=AXIS2_PLACEMENT_3D('',#5910,#4711,#4712);
#4065=AXIS2_PLACEMENT_3D('',#5911,#4713,#4714);
#4066=AXIS2_PLACEMENT_3D('',#5912,#4715,#4716);
#4067=AXIS2_PLACEMENT_3D('',#5913,#4717,#4718);
#4068=AXIS2_PLACEMENT_3D('',#5914,#4719,#4720);
#4069=AXIS2_PLACEMENT_3D('',#5915,#4721,#4722);
#4070=AXIS2_PLACEMENT_3D('',#5916,#4723,#4724);
#4071=AXIS2_PLACEMENT_3D('',#5917,#4725,#4726);
#4072=AXIS2_PLACEMENT_3D('',#5918,#4727,#4728);
#4073=AXIS2_PLACEMENT_3D('',#5919,#4729,#4730);
#4074=AXIS2_PLACEMENT_3D('',#5920,#4731,#4732);
#4075=AXIS2_PLACEMENT_3D('',#5921,#4733,#4734);
#4076=AXIS2_PLACEMENT_3D('',#5922,#4735,#4736);
#4077=AXIS2_PLACEMENT_3D('',#5923,#4737,#4738);
#4078=AXIS2_PLACEMENT_3D('',#5924,#4739,#4740);
#4079=AXIS2_PLACEMENT_3D('',#5925,#4741,#4742);
#4080=AXIS2_PLACEMENT_3D('',#5932,#4746,#4747);
#4081=AXIS2_PLACEMENT_3D('',#5935,#4749,#4750);
#4082=AXIS2_PLACEMENT_3D('',#5938,#4752,#4753);
#4083=AXIS2_PLACEMENT_3D('',#5943,#4756,#4757);
#4084=AXIS2_PLACEMENT_3D('',#5950,#4761,#4762);
#4085=AXIS2_PLACEMENT_3D('',#5953,#4764,#4765);
#4086=AXIS2_PLACEMENT_3D('',#5956,#4767,#4768);
#4087=AXIS2_PLACEMENT_3D('',#5961,#4771,#4772);
#4088=AXIS2_PLACEMENT_3D('',#5964,#4774,#4775);
#4089=AXIS2_PLACEMENT_3D('',#5971,#4779,#4780);
#4090=AXIS2_PLACEMENT_3D('',#5976,#4783,#4784);
#4091=AXIS2_PLACEMENT_3D('',#5977,#4785,#4786);
#4092=AXIS2_PLACEMENT_3D('',#5984,#4790,#4791);
#4093=AXIS2_PLACEMENT_3D('',#5985,#4792,#4793);
#4094=AXIS2_PLACEMENT_3D('',#5986,#4794,#4795);
#4095=AXIS2_PLACEMENT_3D('',#5993,#4799,#4800);
#4096=AXIS2_PLACEMENT_3D('',#6000,#4804,#4805);
#4097=AXIS2_PLACEMENT_3D('',#6003,#4807,#4808);
#4098=AXIS2_PLACEMENT_3D('',#6006,#4810,#4811);
#4099=AXIS2_PLACEMENT_3D('',#6013,#4815,#4816);
#4100=AXIS2_PLACEMENT_3D('',#6016,#4818,#4819);
#4101=AXIS2_PLACEMENT_3D('',#6023,#4823,#4824);
#4102=AXIS2_PLACEMENT_3D('',#6026,#4826,#4827);
#4103=AXIS2_PLACEMENT_3D('',#6033,#4831,#4832);
#4104=AXIS2_PLACEMENT_3D('',#6036,#4834,#4835);
#4105=AXIS2_PLACEMENT_3D('',#6041,#4838,#4839);
#4106=AXIS2_PLACEMENT_3D('',#6046,#4842,#4843);
#4107=AXIS2_PLACEMENT_3D('',#6047,#4844,#4845);
#4108=AXIS2_PLACEMENT_3D('',#6052,#4848,#4849);
#4109=AXIS2_PLACEMENT_3D('',#6055,#4851,#4852);
#4110=AXIS2_PLACEMENT_3D('',#6056,#4853,#4854);
#4111=AXIS2_PLACEMENT_3D('',#6063,#4858,#4859);
#4112=AXIS2_PLACEMENT_3D('',#6068,#4862,#4863);
#4113=AXIS2_PLACEMENT_3D('',#6069,#4864,#4865);
#4114=AXIS2_PLACEMENT_3D('',#6076,#4869,#4870);
#4115=AXIS2_PLACEMENT_3D('',#6079,#4872,#4873);
#4116=AXIS2_PLACEMENT_3D('',#6082,#4875,#4876);
#4117=AXIS2_PLACEMENT_3D('',#6087,#4879,#4880);
#4118=AXIS2_PLACEMENT_3D('',#6092,#4883,#4884);
#4119=AXIS2_PLACEMENT_3D('',#6093,#4885,#4886);
#4120=AXIS2_PLACEMENT_3D('',#6100,#4890,#4891);
#4121=AXIS2_PLACEMENT_3D('',#6103,#4893,#4894);
#4122=AXIS2_PLACEMENT_3D('',#6104,#4895,#4896);
#4123=AXIS2_PLACEMENT_3D('',#6111,#4900,#4901);
#4124=AXIS2_PLACEMENT_3D('',#6112,#4902,#4903);
#4125=AXIS2_PLACEMENT_3D('',#6117,#4906,#4907);
#4126=AXIS2_PLACEMENT_3D('',#6122,#4910,#4911);
#4127=AXIS2_PLACEMENT_3D('',#6123,#4912,#4913);
#4128=AXIS2_PLACEMENT_3D('',#6130,#4917,#4918);
#4129=AXIS2_PLACEMENT_3D('',#6133,#4920,#4921);
#4130=AXIS2_PLACEMENT_3D('',#6136,#4923,#4924);
#4131=AXIS2_PLACEMENT_3D('',#6143,#4928,#4929);
#4132=AXIS2_PLACEMENT_3D('',#6146,#4931,#4932);
#4133=AXIS2_PLACEMENT_3D('',#6151,#4935,#4936);
#4134=AXIS2_PLACEMENT_3D('',#6156,#4939,#4940);
#4135=AXIS2_PLACEMENT_3D('',#6157,#4941,#4942);
#4136=AXIS2_PLACEMENT_3D('',#6162,#4945,#4946);
#4137=AXIS2_PLACEMENT_3D('',#6165,#4948,#4949);
#4138=AXIS2_PLACEMENT_3D('',#6166,#4950,#4951);
#4139=AXIS2_PLACEMENT_3D('',#6173,#4955,#4956);
#4140=AXIS2_PLACEMENT_3D('',#6178,#4959,#4960);
#4141=AXIS2_PLACEMENT_3D('',#6179,#4961,#4962);
#4142=AXIS2_PLACEMENT_3D('',#6186,#4966,#4967);
#4143=AXIS2_PLACEMENT_3D('',#6189,#4969,#4970);
#4144=AXIS2_PLACEMENT_3D('',#6192,#4972,#4973);
#4145=AXIS2_PLACEMENT_3D('',#6197,#4976,#4977);
#4146=AXIS2_PLACEMENT_3D('',#6204,#4981,#4982);
#4147=AXIS2_PLACEMENT_3D('',#6205,#4983,#4984);
#4148=AXIS2_PLACEMENT_3D('',#6212,#4988,#4989);
#4149=AXIS2_PLACEMENT_3D('',#6215,#4991,#4992);
#4150=AXIS2_PLACEMENT_3D('',#6216,#4993,#4994);
#4151=AXIS2_PLACEMENT_3D('',#6223,#4998,#4999);
#4152=AXIS2_PLACEMENT_3D('',#6224,#5000,#5001);
#4153=AXIS2_PLACEMENT_3D('',#6229,#5004,#5005);
#4154=AXIS2_PLACEMENT_3D('',#6230,#5006,#5007);
#4155=AXIS2_PLACEMENT_3D('',#6235,#5010,#5011);
#4156=AXIS2_PLACEMENT_3D('',#6240,#5014,#5015);
#4157=AXIS2_PLACEMENT_3D('',#6241,#5016,#5017);
#4158=AXIS2_PLACEMENT_3D('',#6248,#5021,#5022);
#4159=AXIS2_PLACEMENT_3D('',#6251,#5024,#5025);
#4160=AXIS2_PLACEMENT_3D('',#6254,#5027,#5028);
#4161=AXIS2_PLACEMENT_3D('',#6259,#5031,#5032);
#4162=AXIS2_PLACEMENT_3D('',#6266,#5036,#5037);
#4163=AXIS2_PLACEMENT_3D('',#6267,#5038,#5039);
#4164=AXIS2_PLACEMENT_3D('',#6274,#5043,#5044);
#4165=AXIS2_PLACEMENT_3D('',#6277,#5046,#5047);
#4166=AXIS2_PLACEMENT_3D('',#6278,#5048,#5049);
#4167=AXIS2_PLACEMENT_3D('',#6283,#5052,#5053);
#4168=AXIS2_PLACEMENT_3D('',#6290,#5057,#5058);
#4169=AXIS2_PLACEMENT_3D('',#6293,#5060,#5061);
#4170=AXIS2_PLACEMENT_3D('',#6296,#5063,#5064);
#4171=AXIS2_PLACEMENT_3D('',#6301,#5067,#5068);
#4172=AXIS2_PLACEMENT_3D('',#6308,#5072,#5073);
#4173=AXIS2_PLACEMENT_3D('',#6311,#5075,#5076);
#4174=AXIS2_PLACEMENT_3D('',#6312,#5077,#5078);
#4175=AXIS2_PLACEMENT_3D('',#6319,#5082,#5083);
#4176=AXIS2_PLACEMENT_3D('',#6320,#5084,#5085);
#4177=AXIS2_PLACEMENT_3D('',#6325,#5088,#5089);
#4178=AXIS2_PLACEMENT_3D('',#6326,#5090,#5091);
#4179=AXIS2_PLACEMENT_3D('',#6331,#5094,#5095);
#4180=AXIS2_PLACEMENT_3D('',#6336,#5098,#5099);
#4181=AXIS2_PLACEMENT_3D('',#6337,#5100,#5101);
#4182=AXIS2_PLACEMENT_3D('',#6338,#5102,#5103);
#4183=AXIS2_PLACEMENT_3D('',#6343,#5106,#5107);
#4184=AXIS2_PLACEMENT_3D('',#6347,#5110,#5111);
#4185=AXIS2_PLACEMENT_3D('',#6351,#5114,#5115);
#4186=AXIS2_PLACEMENT_3D('',#6355,#5118,#5119);
#4187=AXIS2_PLACEMENT_3D('',#6359,#5122,#5123);
#4188=AXIS2_PLACEMENT_3D('',#6363,#5126,#5127);
#4189=AXIS2_PLACEMENT_3D('',#6367,#5130,#5131);
#4190=AXIS2_PLACEMENT_3D('',#6371,#5134,#5135);
#4191=AXIS2_PLACEMENT_3D('',#6375,#5138,#5139);
#4192=AXIS2_PLACEMENT_3D('',#6379,#5142,#5143);
#4193=AXIS2_PLACEMENT_3D('',#6383,#5146,#5147);
#4194=AXIS2_PLACEMENT_3D('',#6390,#5151,#5152);
#4195=AXIS2_PLACEMENT_3D('',#6393,#5154,#5155);
#4196=AXIS2_PLACEMENT_3D('',#6396,#5157,#5158);
#4197=AXIS2_PLACEMENT_3D('',#6403,#5162,#5163);
#4198=AXIS2_PLACEMENT_3D('',#6406,#5165,#5166);
#4199=AXIS2_PLACEMENT_3D('',#6413,#5170,#5171);
#4200=AXIS2_PLACEMENT_3D('',#6416,#5173,#5174);
#4201=AXIS2_PLACEMENT_3D('',#6421,#5177,#5178);
#4202=AXIS2_PLACEMENT_3D('',#6426,#5181,#5182);
#4203=AXIS2_PLACEMENT_3D('',#6427,#5183,#5184);
#4204=AXIS2_PLACEMENT_3D('',#6432,#5187,#5188);
#4205=AXIS2_PLACEMENT_3D('',#6435,#5190,#5191);
#4206=AXIS2_PLACEMENT_3D('',#6436,#5192,#5193);
#4207=AXIS2_PLACEMENT_3D('',#6443,#5197,#5198);
#4208=AXIS2_PLACEMENT_3D('',#6448,#5201,#5202);
#4209=AXIS2_PLACEMENT_3D('',#6449,#5203,#5204);
#4210=AXIS2_PLACEMENT_3D('',#6450,#5205,#5206);
#4211=AXIS2_PLACEMENT_3D('',#6457,#5210,#5211);
#4212=AXIS2_PLACEMENT_3D('',#6462,#5214,#5215);
#4213=AXIS2_PLACEMENT_3D('',#6463,#5216,#5217);
#4214=AXIS2_PLACEMENT_3D('',#6470,#5221,#5222);
#4215=AXIS2_PLACEMENT_3D('',#6473,#5224,#5225);
#4216=AXIS2_PLACEMENT_3D('',#6476,#5227,#5228);
#4217=AXIS2_PLACEMENT_3D('',#6483,#5232,#5233);
#4218=AXIS2_PLACEMENT_3D('',#6486,#5235,#5236);
#4219=AXIS2_PLACEMENT_3D('',#6491,#5239,#5240);
#4220=AXIS2_PLACEMENT_3D('',#6496,#5243,#5244);
#4221=AXIS2_PLACEMENT_3D('',#6497,#5245,#5246);
#4222=AXIS2_PLACEMENT_3D('',#6504,#5250,#5251);
#4223=AXIS2_PLACEMENT_3D('',#6507,#5253,#5254);
#4224=AXIS2_PLACEMENT_3D('',#6508,#5255,#5256);
#4225=AXIS2_PLACEMENT_3D('',#6515,#5260,#5261);
#4226=AXIS2_PLACEMENT_3D('',#6520,#5264,#5265);
#4227=AXIS2_PLACEMENT_3D('',#6521,#5266,#5267);
#4228=AXIS2_PLACEMENT_3D('',#6528,#5271,#5272);
#4229=AXIS2_PLACEMENT_3D('',#6529,#5273,#5274);
#4230=AXIS2_PLACEMENT_3D('',#6530,#5275,#5276);
#4231=AXIS2_PLACEMENT_3D('',#6535,#5279,#5280);
#4232=AXIS2_PLACEMENT_3D('',#6536,#5281,#5282);
#4233=AXIS2_PLACEMENT_3D('',#6541,#5285,#5286);
#4234=AXIS2_PLACEMENT_3D('',#6543,#5288,#5289);
#4235=AXIS2_PLACEMENT_3D('',#6544,#5290,#5291);
#4236=AXIS2_PLACEMENT_3D('',#6545,#5292,#5293);
#4237=AXIS2_PLACEMENT_3D('',#6546,#5294,#5295);
#4238=AXIS2_PLACEMENT_3D('',#6547,#5296,#5297);
#4239=AXIS2_PLACEMENT_3D('',#6548,#5298,#5299);
#4240=AXIS2_PLACEMENT_3D('',#6549,#5300,#5301);
#4241=AXIS2_PLACEMENT_3D('',#6550,#5302,#5303);
#4242=AXIS2_PLACEMENT_3D('',#6551,#5304,#5305);
#4243=AXIS2_PLACEMENT_3D('',#6552,#5306,#5307);
#4244=AXIS2_PLACEMENT_3D('',#6553,#5308,#5309);
#4245=AXIS2_PLACEMENT_3D('',#6554,#5310,#5311);
#4246=AXIS2_PLACEMENT_3D('',#6555,#5312,#5313);
#4247=AXIS2_PLACEMENT_3D('',#6556,#5314,#5315);
#4248=AXIS2_PLACEMENT_3D('',#6557,#5316,#5317);
#4249=AXIS2_PLACEMENT_3D('',#6558,#5318,#5319);
#4250=AXIS2_PLACEMENT_3D('',#6559,#5320,#5321);
#4251=AXIS2_PLACEMENT_3D('',#6560,#5322,#5323);
#4252=AXIS2_PLACEMENT_3D('',#6561,#5324,#5325);
#4253=AXIS2_PLACEMENT_3D('',#6562,#5326,#5327);
#4254=AXIS2_PLACEMENT_3D('',#6563,#5328,#5329);
#4255=AXIS2_PLACEMENT_3D('',#6564,#5330,#5331);
#4256=AXIS2_PLACEMENT_3D('',#6565,#5332,#5333);
#4257=AXIS2_PLACEMENT_3D('',#6566,#5334,#5335);
#4258=AXIS2_PLACEMENT_3D('',#6567,#5336,#5337);
#4259=AXIS2_PLACEMENT_3D('',#6568,#5338,#5339);
#4260=AXIS2_PLACEMENT_3D('',#6569,#5340,#5341);
#4261=AXIS2_PLACEMENT_3D('',#6570,#5342,#5343);
#4262=AXIS2_PLACEMENT_3D('',#6571,#5344,#5345);
#4263=AXIS2_PLACEMENT_3D('',#6572,#5346,#5347);
#4264=AXIS2_PLACEMENT_3D('',#6573,#5348,#5349);
#4265=AXIS2_PLACEMENT_3D('',#6574,#5350,#5351);
#4266=AXIS2_PLACEMENT_3D('',#6575,#5352,#5353);
#4267=AXIS2_PLACEMENT_3D('',#6576,#5354,#5355);
#4268=AXIS2_PLACEMENT_3D('',#6577,#5356,#5357);
#4269=AXIS2_PLACEMENT_3D('',#6578,#5358,#5359);
#4270=AXIS2_PLACEMENT_3D('',#6579,#5360,#5361);
#4271=AXIS2_PLACEMENT_3D('',#6580,#5362,#5363);
#4272=AXIS2_PLACEMENT_3D('',#6581,#5364,#5365);
#4273=AXIS2_PLACEMENT_3D('',#6582,#5366,#5367);
#4274=AXIS2_PLACEMENT_3D('',#6583,#5368,#5369);
#4275=AXIS2_PLACEMENT_3D('',#6584,#5370,#5371);
#4276=AXIS2_PLACEMENT_3D('',#6585,#5372,#5373);
#4277=AXIS2_PLACEMENT_3D('',#6586,#5374,#5375);
#4278=AXIS2_PLACEMENT_3D('',#6587,#5376,#5377);
#4279=AXIS2_PLACEMENT_3D('',#6588,#5378,#5379);
#4280=AXIS2_PLACEMENT_3D('',#6589,#5380,#5381);
#4281=AXIS2_PLACEMENT_3D('',#6590,#5382,#5383);
#4282=AXIS2_PLACEMENT_3D('',#6591,#5384,#5385);
#4283=AXIS2_PLACEMENT_3D('',#6592,#5386,#5387);
#4284=AXIS2_PLACEMENT_3D('',#6593,#5388,#5389);
#4285=AXIS2_PLACEMENT_3D('',#6594,#5390,#5391);
#4286=AXIS2_PLACEMENT_3D('',#6595,#5392,#5393);
#4287=AXIS2_PLACEMENT_3D('',#6596,#5394,#5395);
#4288=AXIS2_PLACEMENT_3D('',#6597,#5396,#5397);
#4289=AXIS2_PLACEMENT_3D('',#6598,#5398,#5399);
#4290=AXIS2_PLACEMENT_3D('',#6599,#5400,#5401);
#4291=AXIS2_PLACEMENT_3D('',#6600,#5402,#5403);
#4292=AXIS2_PLACEMENT_3D('',#6601,#5404,#5405);
#4293=AXIS2_PLACEMENT_3D('',#6602,#5406,#5407);
#4294=AXIS2_PLACEMENT_3D('',#6603,#5408,#5409);
#4295=AXIS2_PLACEMENT_3D('',#6604,#5410,#5411);
#4296=AXIS2_PLACEMENT_3D('',#6605,#5412,#5413);
#4297=AXIS2_PLACEMENT_3D('',#6606,#5414,#5415);
#4298=AXIS2_PLACEMENT_3D('',#6607,#5416,#5417);
#4299=AXIS2_PLACEMENT_3D('',#6609,#5419,#5420);
#4300=AXIS2_PLACEMENT_3D('',#6611,#5422,#5423);
#4301=AXIS2_PLACEMENT_3D('',#6613,#5425,#5426);
#4302=AXIS2_PLACEMENT_3D('',#6614,#5427,#5428);
#4303=AXIS2_PLACEMENT_3D('',#6615,#5429,#5430);
#4304=AXIS2_PLACEMENT_3D('',#6616,#5431,#5432);
#4305=AXIS2_PLACEMENT_3D('',#6617,#5433,#5434);
#4306=AXIS2_PLACEMENT_3D('',#6618,#5435,#5436);
#4307=AXIS2_PLACEMENT_3D('',#6620,#5437,#5438);
#4308=AXIS2_PLACEMENT_3D('',#6622,#5440,#5441);
#4309=AXIS2_PLACEMENT_3D('',#6624,#5443,#5444);
#4310=AXIS2_PLACEMENT_3D('',#6626,#5446,#5447);
#4311=AXIS2_PLACEMENT_3D('',#6628,#5449,#5450);
#4312=AXIS2_PLACEMENT_3D('',#6630,#5452,#5453);
#4313=AXIS2_PLACEMENT_3D('',#6632,#5455,#5456);
#4314=AXIS2_PLACEMENT_3D('',#6634,#5458,#5459);
#4315=AXIS2_PLACEMENT_3D('',#6636,#5461,#5462);
#4316=AXIS2_PLACEMENT_3D('',#6638,#5464,#5465);
#4317=AXIS2_PLACEMENT_3D('',#6640,#5467,#5468);
#4318=AXIS2_PLACEMENT_3D('',#6642,#5470,#5471);
#4319=AXIS2_PLACEMENT_3D('',#6644,#5473,#5474);
#4320=AXIS2_PLACEMENT_3D('',#6646,#5476,#5477);
#4321=AXIS2_PLACEMENT_3D('',#6648,#5479,#5480);
#4322=AXIS2_PLACEMENT_3D('',#6650,#5482,#5483);
#4323=AXIS2_PLACEMENT_3D('',#6652,#5485,#5486);
#4324=AXIS2_PLACEMENT_3D('',#6654,#5488,#5489);
#4325=AXIS2_PLACEMENT_3D('',#6656,#5491,#5492);
#4326=AXIS2_PLACEMENT_3D('',#6658,#5494,#5495);
#4327=AXIS2_PLACEMENT_3D('',#6660,#5497,#5498);
#4328=AXIS2_PLACEMENT_3D('',#6662,#5500,#5501);
#4329=AXIS2_PLACEMENT_3D('',#6664,#5503,#5504);
#4330=AXIS2_PLACEMENT_3D('',#6666,#5506,#5507);
#4331=AXIS2_PLACEMENT_3D('',#6668,#5509,#5510);
#4332=AXIS2_PLACEMENT_3D('',#6670,#5512,#5513);
#4333=AXIS2_PLACEMENT_3D('',#6672,#5515,#5516);
#4334=AXIS2_PLACEMENT_3D('',#6674,#5518,#5519);
#4335=AXIS2_PLACEMENT_3D('',#6676,#5521,#5522);
#4336=AXIS2_PLACEMENT_3D('',#6678,#5524,#5525);
#4337=AXIS2_PLACEMENT_3D('',#6680,#5527,#5528);
#4338=AXIS2_PLACEMENT_3D('',#6682,#5530,#5531);
#4339=AXIS2_PLACEMENT_3D('',#6684,#5533,#5534);
#4340=AXIS2_PLACEMENT_3D('',#6685,#5535,#5536);
#4341=AXIS2_PLACEMENT_3D('',#6686,#5537,#5538);
#4342=AXIS2_PLACEMENT_3D('',#6687,#5539,#5540);
#4343=AXIS2_PLACEMENT_3D('',#6688,#5541,#5542);
#4344=AXIS2_PLACEMENT_3D('',#6689,#5543,#5544);
#4345=DIRECTION('',(0.,0.,1.));
#4346=DIRECTION('',(1.,0.,0.));
#4347=DIRECTION('',(0.,-1.,0.));
#4348=DIRECTION('',(0.,0.,-1.));
#4349=DIRECTION('',(0.704416026402759,-0.707106781186548,0.0616284167162194));
#4350=DIRECTION('',(-0.704416026402759,-0.707106781186548,-0.0616284167162194));
#4351=DIRECTION('',(0.,1.,0.));
#4352=DIRECTION('',(0.,0.,1.));
#4353=DIRECTION('',(-0.683012701892219,-0.707106781186548,-0.18301270189222));
#4354=DIRECTION('',(0.683012701892219,-0.707106781186548,0.18301270189222));
#4355=DIRECTION('',(0.,-1.,0.));
#4356=DIRECTION('',(0.,0.,-1.));
#4357=DIRECTION('',(-0.579227965339569,-0.707106781186548,-0.405579787672639));
#4358=DIRECTION('',(0.579227965339569,-0.707106781186548,0.405579787672639));
#4359=DIRECTION('',(0.640856382055789,-0.707106781186548,0.29883623873012));
#4360=DIRECTION('',(-0.640856382055789,-0.707106781186548,-0.29883623873012));
#4361=DIRECTION('',(0.,1.,0.));
#4362=DIRECTION('',(0.,0.,1.));
#4363=DIRECTION('',(0.,-1.,0.));
#4364=DIRECTION('',(0.,0.,-1.));
#4365=DIRECTION('',(0.683012701892219,-0.707106781186548,0.18301270189222));
#4366=DIRECTION('',(-0.683012701892219,-0.707106781186548,-0.18301270189222));
#4367=DIRECTION('',(0.,1.,0.));
#4368=DIRECTION('',(0.,0.,1.));
#4369=DIRECTION('',(-0.640856382055789,-0.707106781186548,-0.29883623873012));
#4370=DIRECTION('',(0.640856382055789,-0.707106781186548,0.298836238730119));
#4371=DIRECTION('',(0.,-1.,0.));
#4372=DIRECTION('',(0.,0.,-1.));
#4373=DIRECTION('',(0.579227965339569,-0.707106781186548,0.405579787672639));
#4374=DIRECTION('',(-0.579227965339569,-0.707106781186548,-0.405579787672639));
#4375=DIRECTION('',(0.,1.,0.));
#4376=DIRECTION('',(0.,0.,1.));
#4377=DIRECTION('',(-0.5,-0.707106781186548,-0.5));
#4378=DIRECTION('',(0.5,-0.707106781186548,0.5));
#4379=DIRECTION('',(0.,-1.,0.));
#4380=DIRECTION('',(0.,0.,-1.));
#4381=DIRECTION('',(0.579227965339569,-0.707106781186548,-0.405579787672639));
#4382=DIRECTION('',(-0.579227965339569,-0.707106781186548,0.405579787672639));
#4383=DIRECTION('',(0.,1.,0.));
#4384=DIRECTION('',(0.,0.,1.));
#4385=DIRECTION('',(-0.640856382055789,-0.707106781186548,0.29883623873012));
#4386=DIRECTION('',(0.640856382055789,-0.707106781186548,-0.29883623873012));
#4387=DIRECTION('',(0.,-1.,0.));
#4388=DIRECTION('',(0.,0.,-1.));
#4389=DIRECTION('',(-0.704416026402759,-0.707106781186548,0.0616284167162194));
#4390=DIRECTION('',(0.704416026402759,-0.707106781186548,-0.0616284167162194));
#4391=DIRECTION('',(0.683012701892219,-0.707106781186548,-0.18301270189222));
#4392=DIRECTION('',(-0.683012701892219,-0.707106781186548,0.18301270189222));
#4393=DIRECTION('',(0.,1.,0.));
#4394=DIRECTION('',(0.,0.,1.));
#4395=DIRECTION('',(0.,-1.,0.));
#4396=DIRECTION('',(0.,0.,-1.));
#4397=DIRECTION('',(0.640856382055788,-0.707106781186548,-0.29883623873012));
#4398=DIRECTION('',(-0.640856382055789,-0.707106781186548,0.29883623873012));
#4399=DIRECTION('',(0.,1.,0.));
#4400=DIRECTION('',(0.,0.,1.));
#4401=DIRECTION('',(-0.683012701892219,-0.707106781186548,0.18301270189222));
#4402=DIRECTION('',(0.683012701892219,-0.707106781186548,-0.18301270189222));
#4403=DIRECTION('',(0.,-1.,0.));
#4404=DIRECTION('',(0.,0.,-1.));
#4405=DIRECTION('',(-0.579227965339569,-0.707106781186548,0.405579787672639));
#4406=DIRECTION('',(0.579227965339569,-0.707106781186548,-0.405579787672639));
#4407=DIRECTION('',(0.5,-0.707106781186548,-0.5));
#4408=DIRECTION('',(-0.5,-0.707106781186548,0.5));
#4409=DIRECTION('',(0.,1.,0.));
#4410=DIRECTION('',(0.,0.,1.));
#4411=DIRECTION('',(0.,-1.,0.));
#4412=DIRECTION('',(0.,0.,-1.));
#4413=DIRECTION('',(-0.704416026402759,-0.707106781186548,-0.0616284167162193));
#4414=DIRECTION('',(0.704416026402759,-0.707106781186548,0.0616284167162193));
#4415=DIRECTION('',(0.704416026402759,-0.707106781186548,-0.0616284167162194));
#4416=DIRECTION('',(-0.704416026402759,-0.707106781186548,0.0616284167162194));
#4417=DIRECTION('',(0.,1.,0.));
#4418=DIRECTION('',(0.,0.,1.));
#4419=DIRECTION('',(0.,-1.,0.));
#4420=DIRECTION('',(0.,0.,-1.));
#4421=DIRECTION('',(0.5,-0.707106781186548,0.5));
#4422=DIRECTION('',(-0.5,-0.707106781186548,-0.5));
#4423=DIRECTION('',(0.,1.,0.));
#4424=DIRECTION('',(0.,0.,1.));
#4425=DIRECTION('',(0.,-1.,0.));
#4426=DIRECTION('',(0.,1.,0.));
#4427=DIRECTION('',(-6.12323399573677E-17,0.,1.));
#4428=DIRECTION('',(0.,-1.,0.));
#4429=DIRECTION('',(0.,1.,0.));
#4430=DIRECTION('',(0.,0.,1.));
#4431=DIRECTION('',(-0.5,-0.707106781186548,0.5));
#4432=DIRECTION('',(0.5,-0.707106781186548,-0.5));
#4433=DIRECTION('',(0.405579787672639,-0.707106781186548,-0.579227965339569));
#4434=DIRECTION('',(-0.405579787672639,-0.707106781186548,0.579227965339569));
#4435=DIRECTION('',(-0.405579787672639,-0.707106781186548,0.579227965339569));
#4436=DIRECTION('',(0.405579787672639,-0.707106781186548,-0.579227965339569));
#4437=DIRECTION('',(0.29883623873012,-0.707106781186548,-0.640856382055789));
#4438=DIRECTION('',(-0.29883623873012,-0.707106781186548,0.640856382055789));
#4439=DIRECTION('',(-0.29883623873012,-0.707106781186548,0.640856382055789));
#4440=DIRECTION('',(0.29883623873012,-0.707106781186548,-0.640856382055789));
#4441=DIRECTION('',(0.18301270189222,-0.707106781186548,-0.683012701892219));
#4442=DIRECTION('',(-0.18301270189222,-0.707106781186548,0.683012701892219));
#4443=DIRECTION('',(-0.18301270189222,-0.707106781186548,0.683012701892219));
#4444=DIRECTION('',(0.18301270189222,-0.707106781186548,-0.683012701892219));
#4445=DIRECTION('',(0.0616284167162194,-0.707106781186548,-0.704416026402759));
#4446=DIRECTION('',(-0.0616284167162194,-0.707106781186548,0.704416026402759));
#4447=DIRECTION('',(-0.0616284167162194,-0.707106781186548,0.704416026402759));
#4448=DIRECTION('',(0.0616284167162194,-0.707106781186548,-0.704416026402759));
#4449=DIRECTION('',(-0.0616284167162194,-0.707106781186548,-0.704416026402759));
#4450=DIRECTION('',(0.0616284167162194,-0.707106781186548,0.704416026402759));
#4451=DIRECTION('',(0.0616284167162194,-0.707106781186548,0.704416026402759));
#4452=DIRECTION('',(-0.0616284167162194,-0.707106781186548,-0.704416026402759));
#4453=DIRECTION('',(-0.183012701892219,-0.707106781186548,-0.683012701892219));
#4454=DIRECTION('',(0.18301270189222,-0.707106781186548,0.683012701892219));
#4455=DIRECTION('',(0.18301270189222,-0.707106781186548,0.683012701892219));
#4456=DIRECTION('',(-0.183012701892219,-0.707106781186548,-0.683012701892219));
#4457=DIRECTION('',(-0.29883623873012,-0.707106781186548,-0.640856382055788));
#4458=DIRECTION('',(0.29883623873012,-0.707106781186547,0.640856382055789));
#4459=DIRECTION('',(0.29883623873012,-0.707106781186548,0.640856382055788));
#4460=DIRECTION('',(-0.29883623873012,-0.707106781186548,-0.640856382055788));
#4461=DIRECTION('',(-0.405579787672639,-0.707106781186548,-0.579227965339569));
#4462=DIRECTION('',(0.405579787672639,-0.707106781186548,0.579227965339569));
#4463=DIRECTION('',(0.405579787672639,-0.707106781186548,0.579227965339569));
#4464=DIRECTION('',(-0.405579787672639,-0.707106781186548,-0.579227965339569));
#4465=DIRECTION('',(-0.5,-0.707106781186548,-0.5));
#4466=DIRECTION('',(0.5,-0.707106781186548,0.5));
#4467=DIRECTION('',(0.5,-0.707106781186548,0.5));
#4468=DIRECTION('',(-0.5,-0.707106781186548,-0.5));
#4469=DIRECTION('',(-0.579227965339569,-0.707106781186548,-0.405579787672639));
#4470=DIRECTION('',(0.579227965339569,-0.707106781186548,0.405579787672639));
#4471=DIRECTION('',(0.579227965339569,-0.707106781186548,0.405579787672639));
#4472=DIRECTION('',(-0.579227965339569,-0.707106781186548,-0.405579787672639));
#4473=DIRECTION('',(-0.640856382055788,-0.707106781186548,-0.29883623873012));
#4474=DIRECTION('',(0.640856382055789,-0.707106781186548,0.29883623873012));
#4475=DIRECTION('',(0.640856382055789,-0.707106781186548,0.29883623873012));
#4476=DIRECTION('',(-0.640856382055788,-0.707106781186548,-0.29883623873012));
#4477=DIRECTION('',(-0.683012701892219,-0.707106781186548,-0.183012701892219));
#4478=DIRECTION('',(0.68301270189222,-0.707106781186547,0.183012701892219));
#4479=DIRECTION('',(0.683012701892219,-0.707106781186548,0.183012701892219));
#4480=DIRECTION('',(-0.683012701892219,-0.707106781186548,-0.183012701892219));
#4481=DIRECTION('',(-0.704416026402759,-0.707106781186548,-0.0616284167162192));
#4482=DIRECTION('',(0.704416026402759,-0.707106781186548,0.0616284167162192));
#4483=DIRECTION('',(0.704416026402759,-0.707106781186548,0.0616284167162193));
#4484=DIRECTION('',(-0.704416026402759,-0.707106781186548,-0.0616284167162193));
#4485=DIRECTION('',(-0.704416026402759,-0.707106781186548,0.0616284167162194));
#4486=DIRECTION('',(0.704416026402759,-0.707106781186548,-0.0616284167162194));
#4487=DIRECTION('',(0.704416026402759,-0.707106781186548,-0.0616284167162193));
#4488=DIRECTION('',(-0.704416026402759,-0.707106781186548,0.0616284167162193));
#4489=DIRECTION('',(-0.683012701892219,-0.707106781186548,0.18301270189222));
#4490=DIRECTION('',(0.68301270189222,-0.707106781186548,-0.18301270189222));
#4491=DIRECTION('',(0.683012701892219,-0.707106781186548,-0.183012701892219));
#4492=DIRECTION('',(-0.683012701892219,-0.707106781186548,0.183012701892219));
#4493=DIRECTION('',(-0.640856382055788,-0.707106781186548,0.29883623873012));
#4494=DIRECTION('',(0.640856382055789,-0.707106781186548,-0.29883623873012));
#4495=DIRECTION('',(0.640856382055788,-0.707106781186548,-0.29883623873012));
#4496=DIRECTION('',(-0.640856382055788,-0.707106781186548,0.29883623873012));
#4497=DIRECTION('',(-0.579227965339569,-0.707106781186548,0.405579787672639));
#4498=DIRECTION('',(0.579227965339569,-0.707106781186548,-0.405579787672639));
#4499=DIRECTION('',(0.579227965339569,-0.707106781186548,-0.405579787672639));
#4500=DIRECTION('',(-0.579227965339569,-0.707106781186548,0.405579787672639));
#4501=DIRECTION('',(-0.5,-0.707106781186548,0.5));
#4502=DIRECTION('',(0.5,-0.707106781186548,-0.5));
#4503=DIRECTION('',(0.5,-0.707106781186548,-0.5));
#4504=DIRECTION('',(-0.5,-0.707106781186548,0.5));
#4505=DIRECTION('',(-0.405579787672639,-0.707106781186548,0.579227965339569));
#4506=DIRECTION('',(0.405579787672639,-0.707106781186548,-0.579227965339569));
#4507=DIRECTION('',(0.405579787672639,-0.707106781186548,-0.579227965339569));
#4508=DIRECTION('',(-0.405579787672639,-0.707106781186548,0.579227965339569));
#4509=DIRECTION('',(-0.298836238730119,-0.707106781186548,0.640856382055789));
#4510=DIRECTION('',(0.29883623873012,-0.707106781186548,-0.640856382055789));
#4511=DIRECTION('',(0.29883623873012,-0.707106781186548,-0.640856382055789));
#4512=DIRECTION('',(-0.298836238730119,-0.707106781186548,0.640856382055789));
#4513=DIRECTION('',(-0.18301270189222,-0.707106781186548,0.683012701892219));
#4514=DIRECTION('',(0.18301270189222,-0.707106781186548,-0.683012701892219));
#4515=DIRECTION('',(0.18301270189222,-0.707106781186548,-0.683012701892219));
#4516=DIRECTION('',(-0.18301270189222,-0.707106781186548,0.683012701892219));
#4517=DIRECTION('',(-0.0616284167162193,-0.707106781186548,0.704416026402759));
#4518=DIRECTION('',(0.0616284167162193,-0.707106781186548,-0.704416026402759));
#4519=DIRECTION('',(0.0616284167162193,-0.707106781186548,-0.704416026402759));
#4520=DIRECTION('',(-0.0616284167162193,-0.707106781186548,0.704416026402759));
#4521=DIRECTION('',(0.0616284167162193,-0.707106781186548,0.704416026402759));
#4522=DIRECTION('',(-0.0616284167162193,-0.707106781186548,-0.704416026402759));
#4523=DIRECTION('',(-0.0616284167162193,-0.707106781186548,-0.704416026402759));
#4524=DIRECTION('',(0.0616284167162193,-0.707106781186548,0.704416026402759));
#4525=DIRECTION('',(0.18301270189222,-0.707106781186548,0.683012701892219));
#4526=DIRECTION('',(-0.18301270189222,-0.707106781186548,-0.683012701892219));
#4527=DIRECTION('',(-0.18301270189222,-0.707106781186548,-0.683012701892219));
#4528=DIRECTION('',(0.18301270189222,-0.707106781186548,0.683012701892219));
#4529=DIRECTION('',(0.298836238730119,-0.707106781186548,0.640856382055789));
#4530=DIRECTION('',(-0.29883623873012,-0.707106781186548,-0.640856382055789));
#4531=DIRECTION('',(-0.29883623873012,-0.707106781186548,-0.640856382055789));
#4532=DIRECTION('',(0.29883623873012,-0.707106781186548,0.640856382055789));
#4533=DIRECTION('',(0.405579787672639,-0.707106781186548,0.579227965339569));
#4534=DIRECTION('',(-0.405579787672639,-0.707106781186548,-0.579227965339569));
#4535=DIRECTION('',(-0.405579787672639,-0.707106781186548,-0.579227965339569));
#4536=DIRECTION('',(0.405579787672639,-0.707106781186548,0.579227965339569));
#4537=DIRECTION('',(0.,1.,0.));
#4538=DIRECTION('',(0.,0.,1.));
#4539=DIRECTION('',(-0.087155742747658,0.,0.996194698091745));
#4540=DIRECTION('',(-0.0871557427476582,0.,-0.996194698091745));
#4541=DIRECTION('',(-0.996194698091746,0.,0.0871557427476582));
#4542=DIRECTION('',(0.0871557427476583,0.,0.996194698091745));
#4543=DIRECTION('',(-0.258819045102521,0.,-0.965925826289068));
#4544=DIRECTION('',(-0.965925826289068,0.,0.258819045102521));
#4545=DIRECTION('',(0.258819045102521,0.,0.965925826289068));
#4546=DIRECTION('',(-0.422618261740699,0.,-0.90630778703665));
#4547=DIRECTION('',(-0.90630778703665,0.,0.422618261740699));
#4548=DIRECTION('',(0.422618261740699,0.,0.90630778703665));
#4549=DIRECTION('',(-0.573576436351046,0.,-0.819152044288992));
#4550=DIRECTION('',(-0.819152044288992,0.,0.573576436351046));
#4551=DIRECTION('',(0.573576436351046,0.,0.819152044288992));
#4552=DIRECTION('',(-0.707106781186548,0.,-0.707106781186548));
#4553=DIRECTION('',(-0.707106781186548,0.,0.707106781186548));
#4554=DIRECTION('',(0.707106781186548,0.,0.707106781186548));
#4555=DIRECTION('',(0.,0.,-1.));
#4556=DIRECTION('',(1.,0.,0.));
#4557=DIRECTION('',(0.,0.,-1.));
#4558=DIRECTION('',(0.707106781186548,0.,-0.707106781186548));
#4559=DIRECTION('',(-0.707106781186548,0.,-0.707106781186548));
#4560=DIRECTION('',(-0.707106781186548,0.,0.707106781186548));
#4561=DIRECTION('',(0.573576436351046,0.,-0.819152044288992));
#4562=DIRECTION('',(-0.819152044288992,0.,-0.573576436351046));
#4563=DIRECTION('',(-0.573576436351046,0.,0.819152044288992));
#4564=DIRECTION('',(0.422618261740699,0.,-0.90630778703665));
#4565=DIRECTION('',(-0.90630778703665,0.,-0.422618261740699));
#4566=DIRECTION('',(-0.422618261740699,0.,0.90630778703665));
#4567=DIRECTION('',(0.258819045102521,0.,-0.965925826289068));
#4568=DIRECTION('',(-0.965925826289068,0.,-0.258819045102521));
#4569=DIRECTION('',(-0.258819045102521,0.,0.965925826289068));
#4570=DIRECTION('',(0.0871557427476582,0.,-0.996194698091745));
#4571=DIRECTION('',(-0.996194698091746,0.,-0.0871557427476581));
#4572=DIRECTION('',(0.,1.,0.));
#4573=DIRECTION('',(0.,0.,1.));
#4574=DIRECTION('',(0.,1.,0.));
#4575=DIRECTION('',(0.,0.,1.));
#4576=DIRECTION('',(0.,0.,-1.));
#4577=DIRECTION('',(1.,0.,0.));
#4578=DIRECTION('',(0.,0.,-1.));
#4579=DIRECTION('',(-1.,0.,0.));
#4580=DIRECTION('',(0.,0.,1.));
#4581=DIRECTION('',(0.,1.,0.));
#4582=DIRECTION('',(-1.,0.,0.));
#4583=DIRECTION('',(0.,0.,1.));
#4584=DIRECTION('',(0.,1.,0.));
#4585=DIRECTION('',(0.,0.,-1.));
#4586=DIRECTION('',(-1.,0.,0.));
#4587=DIRECTION('',(0.,0.,1.));
#4588=DIRECTION('',(1.,0.,0.));
#4589=DIRECTION('',(0.,0.,1.));
#4590=DIRECTION('',(1.,-6.12323399573677E-17,0.));
#4591=DIRECTION('',(0.,0.,1.));
#4592=DIRECTION('',(1.,0.,0.));
#4593=DIRECTION('',(0.,0.,1.));
#4594=DIRECTION('',(1.,0.,0.));
#4595=DIRECTION('',(0.,0.,1.));
#4596=DIRECTION('',(1.,0.,0.));
#4597=DIRECTION('',(0.,0.,1.));
#4598=DIRECTION('',(1.,0.,0.));
#4599=DIRECTION('',(0.,0.,1.));
#4600=DIRECTION('',(1.,0.,0.));
#4601=DIRECTION('',(0.,0.,1.));
#4602=DIRECTION('',(1.,0.,0.));
#4603=DIRECTION('',(0.,0.,1.));
#4604=DIRECTION('',(1.,0.,0.));
#4605=DIRECTION('',(0.,0.,1.));
#4606=DIRECTION('',(1.,0.,0.));
#4607=DIRECTION('',(0.,0.,1.));
#4608=DIRECTION('',(1.,0.,0.));
#4609=DIRECTION('',(0.,0.,1.));
#4610=DIRECTION('',(1.,0.,0.));
#4611=DIRECTION('',(0.,0.,1.));
#4612=DIRECTION('',(1.,0.,0.));
#4613=DIRECTION('',(0.,0.,1.));
#4614=DIRECTION('',(1.,0.,0.));
#4615=DIRECTION('',(0.,0.,1.));
#4616=DIRECTION('',(1.,0.,0.));
#4617=DIRECTION('',(0.,0.,1.));
#4618=DIRECTION('',(1.,0.,0.));
#4619=DIRECTION('',(0.,0.,1.));
#4620=DIRECTION('',(1.,0.,0.));
#4621=DIRECTION('',(0.,0.,1.));
#4622=DIRECTION('',(1.,0.,0.));
#4623=DIRECTION('',(0.,0.,1.));
#4624=DIRECTION('',(1.,0.,0.));
#4625=DIRECTION('',(0.,0.,1.));
#4626=DIRECTION('',(1.,0.,0.));
#4627=DIRECTION('',(0.,0.,1.));
#4628=DIRECTION('',(1.,0.,0.));
#4629=DIRECTION('',(0.,0.,1.));
#4630=DIRECTION('',(1.,0.,0.));
#4631=DIRECTION('',(0.,0.,1.));
#4632=DIRECTION('',(1.,0.,0.));
#4633=DIRECTION('',(0.,0.,1.));
#4634=DIRECTION('',(1.,0.,0.));
#4635=DIRECTION('',(0.,0.,1.));
#4636=DIRECTION('',(1.,0.,0.));
#4637=DIRECTION('',(0.,0.,1.));
#4638=DIRECTION('',(1.,0.,0.));
#4639=DIRECTION('',(0.,0.,1.));
#4640=DIRECTION('',(1.,0.,0.));
#4641=DIRECTION('',(0.,0.,1.));
#4642=DIRECTION('',(1.,0.,0.));
#4643=DIRECTION('',(0.,0.,1.));
#4644=DIRECTION('',(1.,0.,0.));
#4645=DIRECTION('',(0.,0.,1.));
#4646=DIRECTION('',(1.,0.,0.));
#4647=DIRECTION('',(0.,0.,1.));
#4648=DIRECTION('',(1.,0.,0.));
#4649=DIRECTION('',(0.,0.,1.));
#4650=DIRECTION('',(1.,0.,0.));
#4651=DIRECTION('',(0.,0.,1.));
#4652=DIRECTION('',(1.,0.,0.));
#4653=DIRECTION('',(0.,0.,1.));
#4654=DIRECTION('',(1.,0.,0.));
#4655=DIRECTION('',(0.,0.,1.));
#4656=DIRECTION('',(1.,0.,0.));
#4657=DIRECTION('',(0.,0.,1.));
#4658=DIRECTION('',(1.,0.,0.));
#4659=DIRECTION('',(0.,0.,1.));
#4660=DIRECTION('',(1.,0.,0.));
#4661=DIRECTION('',(0.,0.,1.));
#4662=DIRECTION('',(1.,0.,0.));
#4663=DIRECTION('',(0.,0.,1.));
#4664=DIRECTION('',(1.,0.,0.));
#4665=DIRECTION('',(0.,0.,1.));
#4666=DIRECTION('',(1.,0.,0.));
#4667=DIRECTION('',(0.,0.,1.));
#4668=DIRECTION('',(1.,0.,0.));
#4669=DIRECTION('',(0.,0.,1.));
#4670=DIRECTION('',(1.,0.,0.));
#4671=DIRECTION('',(0.,0.,1.));
#4672=DIRECTION('',(1.,0.,0.));
#4673=DIRECTION('',(0.,0.,1.));
#4674=DIRECTION('',(1.,0.,0.));
#4675=DIRECTION('',(0.,0.,1.));
#4676=DIRECTION('',(1.,0.,0.));
#4677=DIRECTION('',(0.,0.,1.));
#4678=DIRECTION('',(1.,0.,0.));
#4679=DIRECTION('',(0.,0.,1.));
#4680=DIRECTION('',(1.,0.,0.));
#4681=DIRECTION('',(0.,0.,1.));
#4682=DIRECTION('',(1.,0.,0.));
#4683=DIRECTION('',(0.,0.,1.));
#4684=DIRECTION('',(1.,0.,0.));
#4685=DIRECTION('',(0.,0.,1.));
#4686=DIRECTION('',(1.,0.,0.));
#4687=DIRECTION('',(0.,0.,1.));
#4688=DIRECTION('',(1.,0.,0.));
#4689=DIRECTION('',(0.,0.,1.));
#4690=DIRECTION('',(1.,0.,0.));
#4691=DIRECTION('',(0.,0.,1.));
#4692=DIRECTION('',(1.,0.,0.));
#4693=DIRECTION('',(0.,0.,-1.));
#4694=DIRECTION('',(-1.,0.,0.));
#4695=DIRECTION('',(0.,0.,-1.));
#4696=DIRECTION('',(-1.,0.,0.));
#4697=DIRECTION('',(0.,0.,-1.));
#4698=DIRECTION('',(-1.,0.,0.));
#4699=DIRECTION('',(0.,0.,-1.));
#4700=DIRECTION('',(-1.,0.,0.));
#4701=DIRECTION('',(0.,0.,-1.));
#4702=DIRECTION('',(-1.,0.,0.));
#4703=DIRECTION('',(0.,0.,-1.));
#4704=DIRECTION('',(-1.,0.,0.));
#4705=DIRECTION('',(0.,0.,-1.));
#4706=DIRECTION('',(-1.,0.,0.));
#4707=DIRECTION('',(0.,0.,-1.));
#4708=DIRECTION('',(-1.,0.,0.));
#4709=DIRECTION('',(0.,0.,-1.));
#4710=DIRECTION('',(-1.,0.,0.));
#4711=DIRECTION('',(0.,0.,-1.));
#4712=DIRECTION('',(-1.,0.,0.));
#4713=DIRECTION('',(0.,0.,-1.));
#4714=DIRECTION('',(-1.,0.,0.));
#4715=DIRECTION('',(0.,0.,-1.));
#4716=DIRECTION('',(-1.,0.,0.));
#4717=DIRECTION('',(0.,0.,-1.));
#4718=DIRECTION('',(-1.,0.,0.));
#4719=DIRECTION('',(0.,0.,-1.));
#4720=DIRECTION('',(-1.,0.,0.));
#4721=DIRECTION('',(0.,0.,-1.));
#4722=DIRECTION('',(-1.,0.,0.));
#4723=DIRECTION('',(0.,0.,-1.));
#4724=DIRECTION('',(-1.,0.,0.));
#4725=DIRECTION('',(0.,0.,-1.));
#4726=DIRECTION('',(-1.,0.,0.));
#4727=DIRECTION('',(0.,0.,-1.));
#4728=DIRECTION('',(-1.,0.,0.));
#4729=DIRECTION('',(0.,0.,-1.));
#4730=DIRECTION('',(-1.,0.,0.));
#4731=DIRECTION('',(0.,0.,-1.));
#4732=DIRECTION('',(-1.,0.,0.));
#4733=DIRECTION('',(0.,0.,-1.));
#4734=DIRECTION('',(-1.,0.,0.));
#4735=DIRECTION('',(0.,0.,-1.));
#4736=DIRECTION('',(-1.,0.,0.));
#4737=DIRECTION('',(0.,0.,-1.));
#4738=DIRECTION('',(-1.,0.,0.));
#4739=DIRECTION('',(0.,0.,-1.));
#4740=DIRECTION('',(-1.,0.,0.));
#4741=DIRECTION('',(-0.0616284167162194,-0.707106781186548,0.704416026402759));
#4742=DIRECTION('',(0.0616284167162194,-0.707106781186548,-0.704416026402759));
#4743=DIRECTION('',(0.996194698091746,5.33675006916149E-18,0.0871557427476582));
#4744=DIRECTION('',(-0.0616284167162194,0.707106781186548,0.704416026402759));
#4745=DIRECTION('',(-0.996194698091745,0.,-0.0871557427476582));
#4746=DIRECTION('',(-0.0616284167162194,-0.707106781186548,0.704416026402759));
#4747=DIRECTION('',(0.0616284167162194,-0.707106781186548,-0.704416026402759));
#4748=DIRECTION('',(0.996223440096615,-0.0868265938642476,-1.8186484749684E-17));
#4749=DIRECTION('',(0.0616284167162194,-0.707106781186548,-0.704416026402759));
#4750=DIRECTION('',(0.996194698091746,5.33675006916149E-18,0.0871557427476582));
#4751=DIRECTION('',(-0.981088567539639,0.0868265938642476,-0.172992384921857));
#4752=DIRECTION('',(0.0616284167162194,-0.707106781186548,-0.704416026402759));
#4753=DIRECTION('',(-0.0616284167162194,-0.707106781186548,0.704416026402759));
#4754=DIRECTION('',(0.996194698091745,0.,0.0871557427476582));
#4755=DIRECTION('',(-0.0616284167162194,-0.707106781186548,0.704416026402759));
#4756=DIRECTION('',(0.29883623873012,-0.707106781186548,0.640856382055788));
#4757=DIRECTION('',(-0.29883623873012,-0.707106781186548,-0.640856382055788));
#4758=DIRECTION('',(0.90630778703665,-2.58779050750983E-17,-0.4226182617407));
#4759=DIRECTION('',(0.29883623873012,0.707106781186548,0.640856382055788));
#4760=DIRECTION('',(-0.90630778703665,0.,0.4226182617407));
#4761=DIRECTION('',(0.29883623873012,-0.707106781186548,0.640856382055788));
#4762=DIRECTION('',(-0.29883623873012,-0.707106781186548,-0.640856382055788));
#4763=DIRECTION('',(-0.862754806969193,0.0868265938642475,0.498111720048308));
#4764=DIRECTION('',(-0.29883623873012,-0.707106781186548,-0.640856382055788));
#4765=DIRECTION('',(0.90630778703665,-2.58779050750983E-17,-0.4226182617407));
#4766=DIRECTION('',(-0.936143815312741,0.0868265938642479,0.340728483766235));
#4767=DIRECTION('',(-0.29883623873012,-0.707106781186548,-0.640856382055788));
#4768=DIRECTION('',(0.29883623873012,-0.707106781186547,0.640856382055789));
#4769=DIRECTION('',(0.90630778703665,0.,-0.4226182617407));
#4770=DIRECTION('',(0.29883623873012,-0.707106781186548,0.640856382055788));
#4771=DIRECTION('',(-0.183012701892219,-0.707106781186548,-0.683012701892219));
#4772=DIRECTION('',(0.965925826289068,-1.58480957571588E-17,-0.258819045102521));
#4773=DIRECTION('',(-0.981088567539639,0.0868265938642475,0.172992384921857));
#4774=DIRECTION('',(-0.183012701892219,-0.707106781186548,-0.683012701892219));
#4775=DIRECTION('',(0.18301270189222,-0.707106781186548,0.683012701892219));
#4776=DIRECTION('',(0.965925826289068,0.,-0.258819045102521));
#4777=DIRECTION('',(0.18301270189222,-0.707106781186548,0.683012701892219));
#4778=DIRECTION('',(0.965925826289068,-1.58480957571588E-17,-0.258819045102521));
#4779=DIRECTION('',(0.18301270189222,-0.707106781186548,0.683012701892219));
#4780=DIRECTION('',(-0.183012701892219,-0.707106781186548,-0.683012701892219));
#4781=DIRECTION('',(0.183012701892219,0.707106781186548,0.683012701892219));
#4782=DIRECTION('',(-0.965925826289068,0.,0.258819045102521));
#4783=DIRECTION('',(0.18301270189222,-0.707106781186548,0.683012701892219));
#4784=DIRECTION('',(-0.183012701892219,-0.707106781186548,-0.683012701892219));
#4785=DIRECTION('',(0.0616284167162194,-0.707106781186548,0.704416026402759));
#4786=DIRECTION('',(-0.0616284167162194,-0.707106781186548,-0.704416026402759));
#4787=DIRECTION('',(0.996194698091746,-5.33675006916149E-18,-0.0871557427476582));
#4788=DIRECTION('',(0.0616284167162194,0.707106781186548,0.704416026402759));
#4789=DIRECTION('',(-0.996194698091745,0.,0.0871557427476582));
#4790=DIRECTION('',(0.0616284167162194,-0.707106781186548,0.704416026402759));
#4791=DIRECTION('',(-0.0616284167162194,-0.707106781186548,-0.704416026402759));
#4792=DIRECTION('',(-0.405579787672639,-0.707106781186548,-0.579227965339569));
#4793=DIRECTION('',(0.819152044288992,-3.51214273421827E-17,-0.573576436351046));
#4794=DIRECTION('',(-0.405579787672639,-0.707106781186548,-0.579227965339569));
#4795=DIRECTION('',(0.405579787672639,-0.707106781186548,0.579227965339569));
#4796=DIRECTION('',(0.819152044288992,0.,-0.573576436351046));
#4797=DIRECTION('',(0.405579787672639,-0.707106781186548,0.579227965339569));
#4798=DIRECTION('',(0.819152044288992,-3.51214273421827E-17,-0.573576436351046));
#4799=DIRECTION('',(-0.0616284167162193,-0.707106781186548,-0.704416026402759));
#4800=DIRECTION('',(0.0616284167162193,-0.707106781186548,0.704416026402759));
#4801=DIRECTION('',(-0.996194698091745,5.33675006916148E-18,0.0871557427476581));
#4802=DIRECTION('',(-0.0616284167162193,0.707106781186548,-0.704416026402759));
#4803=DIRECTION('',(0.996194698091745,0.,-0.0871557427476581));
#4804=DIRECTION('',(-0.0616284167162193,-0.707106781186548,-0.704416026402759));
#4805=DIRECTION('',(0.0616284167162193,-0.707106781186548,0.704416026402759));
#4806=DIRECTION('',(0.981088567539639,0.0868265938642477,-0.172992384921857));
#4807=DIRECTION('',(-0.640856382055788,-0.707106781186548,0.29883623873012));
#4808=DIRECTION('',(-0.4226182617407,-5.54953465218377E-17,-0.90630778703665));
#4809=DIRECTION('',(0.340728483766235,0.086826593864248,0.936143815312741));
#4810=DIRECTION('',(-0.640856382055788,-0.707106781186548,0.29883623873012));
#4811=DIRECTION('',(0.640856382055789,-0.707106781186548,-0.29883623873012));
#4812=DIRECTION('',(-0.4226182617407,0.,-0.90630778703665));
#4813=DIRECTION('',(0.640856382055788,-0.707106781186548,-0.29883623873012));
#4814=DIRECTION('',(-0.4226182617407,-5.54953465218377E-17,-0.90630778703665));
#4815=DIRECTION('',(-0.298836238730119,-0.707106781186548,0.640856382055789));
#4816=DIRECTION('',(-0.90630778703665,-2.58779050750983E-17,-0.422618261740699));
#4817=DIRECTION('',(0.862754806969193,0.0868265938642477,0.498111720048307));
#4818=DIRECTION('',(-0.298836238730119,-0.707106781186548,0.640856382055789));
#4819=DIRECTION('',(0.29883623873012,-0.707106781186548,-0.640856382055789));
#4820=DIRECTION('',(-0.90630778703665,0.,-0.422618261740699));
#4821=DIRECTION('',(0.29883623873012,-0.707106781186548,-0.640856382055789));
#4822=DIRECTION('',(-0.90630778703665,-2.58779050750983E-17,-0.422618261740699));
#4823=DIRECTION('',(-0.0616284167162193,-0.707106781186548,0.704416026402759));
#4824=DIRECTION('',(-0.996194698091746,-5.33675006916148E-18,-0.087155742747658));
#4825=DIRECTION('',(0.981088567539639,0.0868265938642477,0.172992384921857));
#4826=DIRECTION('',(-0.0616284167162193,-0.707106781186548,0.704416026402759));
#4827=DIRECTION('',(0.0616284167162193,-0.707106781186548,-0.704416026402759));
#4828=DIRECTION('',(-0.996194698091745,0.,-0.0871557427476581));
#4829=DIRECTION('',(0.0616284167162193,-0.707106781186548,-0.704416026402759));
#4830=DIRECTION('',(-0.996194698091746,-5.33675006916148E-18,-0.087155742747658));
#4831=DIRECTION('',(0.0616284167162193,-0.707106781186548,0.704416026402759));
#4832=DIRECTION('',(-0.996194698091745,5.33675006916148E-18,0.0871557427476581));
#4833=DIRECTION('',(0.996223440096615,0.0868265938642475,-8.44759648003721E-18));
#4834=DIRECTION('',(0.0616284167162193,-0.707106781186548,0.704416026402759));
#4835=DIRECTION('',(-0.0616284167162193,-0.707106781186548,-0.704416026402759));
#4836=DIRECTION('',(-0.996194698091745,0.,0.0871557427476581));
#4837=DIRECTION('',(-0.0616284167162193,-0.707106781186548,-0.704416026402759));
#4838=DIRECTION('',(0.0616284167162193,-0.707106781186548,-0.704416026402759));
#4839=DIRECTION('',(-0.0616284167162193,-0.707106781186548,0.704416026402759));
#4840=DIRECTION('',(0.0616284167162193,0.707106781186548,-0.704416026402759));
#4841=DIRECTION('',(0.996194698091745,0.,0.087155742747658));
#4842=DIRECTION('',(0.0616284167162193,-0.707106781186548,-0.704416026402759));
#4843=DIRECTION('',(-0.0616284167162193,-0.707106781186548,0.704416026402759));
#4844=DIRECTION('',(0.29883623873012,-0.707106781186548,-0.640856382055789));
#4845=DIRECTION('',(-0.298836238730119,-0.707106781186548,0.640856382055789));
#4846=DIRECTION('',(0.298836238730119,0.707106781186548,-0.640856382055789));
#4847=DIRECTION('',(0.90630778703665,0.,0.422618261740699));
#4848=DIRECTION('',(0.29883623873012,-0.707106781186548,-0.640856382055789));
#4849=DIRECTION('',(-0.298836238730119,-0.707106781186548,0.640856382055789));
#4850=DIRECTION('',(0.936143815312741,0.0868265938642475,0.340728483766235));
#4851=DIRECTION('',(-0.18301270189222,-0.707106781186548,0.683012701892219));
#4852=DIRECTION('',(-0.965925826289068,-1.58480957571588E-17,-0.258819045102521));
#4853=DIRECTION('',(-0.18301270189222,-0.707106781186548,0.683012701892219));
#4854=DIRECTION('',(0.18301270189222,-0.707106781186548,-0.683012701892219));
#4855=DIRECTION('',(-0.965925826289068,0.,-0.258819045102521));
#4856=DIRECTION('',(0.18301270189222,-0.707106781186548,-0.683012701892219));
#4857=DIRECTION('',(-0.965925826289068,-1.58480957571588E-17,-0.258819045102521));
#4858=DIRECTION('',(0.18301270189222,-0.707106781186548,-0.683012701892219));
#4859=DIRECTION('',(-0.18301270189222,-0.707106781186548,0.683012701892219));
#4860=DIRECTION('',(0.18301270189222,0.707106781186548,-0.683012701892219));
#4861=DIRECTION('',(0.965925826289068,0.,0.258819045102521));
#4862=DIRECTION('',(0.18301270189222,-0.707106781186548,-0.683012701892219));
#4863=DIRECTION('',(-0.18301270189222,-0.707106781186548,0.683012701892219));
#4864=DIRECTION('',(0.579227965339569,-0.707106781186548,-0.405579787672639));
#4865=DIRECTION('',(-0.579227965339569,-0.707106781186548,0.405579787672639));
#4866=DIRECTION('',(-0.573576436351046,-5.01585964526762E-17,-0.819152044288992));
#4867=DIRECTION('',(0.579227965339569,0.707106781186548,-0.405579787672639));
#4868=DIRECTION('',(0.573576436351046,0.,0.819152044288992));
#4869=DIRECTION('',(0.579227965339569,-0.707106781186548,-0.405579787672639));
#4870=DIRECTION('',(-0.579227965339569,-0.707106781186548,0.405579787672639));
#4871=DIRECTION('',(0.640360083773404,0.0868265938642475,0.763151430390884));
#4872=DIRECTION('',(-0.579227965339569,-0.707106781186548,0.405579787672639));
#4873=DIRECTION('',(-0.573576436351046,-5.01585964526762E-17,-0.819152044288992));
#4874=DIRECTION('',(0.498111720048308,0.0868265938642475,0.862754806969193));
#4875=DIRECTION('',(-0.579227965339569,-0.707106781186548,0.405579787672639));
#4876=DIRECTION('',(0.579227965339569,-0.707106781186548,-0.405579787672639));
#4877=DIRECTION('',(-0.573576436351046,0.,-0.819152044288992));
#4878=DIRECTION('',(0.579227965339569,-0.707106781186548,-0.405579787672639));
#4879=DIRECTION('',(0.640856382055788,-0.707106781186548,-0.29883623873012));
#4880=DIRECTION('',(-0.640856382055788,-0.707106781186548,0.29883623873012));
#4881=DIRECTION('',(0.640856382055788,0.707106781186548,-0.29883623873012));
#4882=DIRECTION('',(0.4226182617407,0.,0.90630778703665));
#4883=DIRECTION('',(0.640856382055788,-0.707106781186548,-0.29883623873012));
#4884=DIRECTION('',(-0.640856382055788,-0.707106781186548,0.29883623873012));
#4885=DIRECTION('',(0.5,-0.707106781186548,-0.5));
#4886=DIRECTION('',(-0.5,-0.707106781186548,0.5));
#4887=DIRECTION('',(-0.707106781186548,-4.32978028117747E-17,-0.707106781186548));
#4888=DIRECTION('',(0.5,0.707106781186548,-0.5));
#4889=DIRECTION('',(0.707106781186548,0.,0.707106781186548));
#4890=DIRECTION('',(0.5,-0.707106781186548,-0.5));
#4891=DIRECTION('',(-0.5,-0.707106781186548,0.5));
#4892=DIRECTION('',(0.763151430390884,0.0868265938642475,0.640360083773404));
#4893=DIRECTION('',(-0.405579787672639,-0.707106781186548,0.579227965339569));
#4894=DIRECTION('',(-0.819152044288992,-3.51214273421827E-17,-0.573576436351046));
#4895=DIRECTION('',(-0.405579787672639,-0.707106781186548,0.579227965339569));
#4896=DIRECTION('',(0.405579787672639,-0.707106781186548,-0.579227965339569));
#4897=DIRECTION('',(-0.819152044288992,0.,-0.573576436351046));
#4898=DIRECTION('',(0.405579787672639,-0.707106781186548,-0.579227965339569));
#4899=DIRECTION('',(-0.819152044288992,-3.51214273421827E-17,-0.573576436351046));
#4900=DIRECTION('',(-0.5,-0.707106781186548,0.5));
#4901=DIRECTION('',(-0.707106781186548,-4.32978028117747E-17,-0.707106781186548));
#4902=DIRECTION('',(-0.5,-0.707106781186548,0.5));
#4903=DIRECTION('',(0.5,-0.707106781186548,-0.5));
#4904=DIRECTION('',(-0.707106781186548,0.,-0.707106781186548));
#4905=DIRECTION('',(0.5,-0.707106781186548,-0.5));
#4906=DIRECTION('',(0.405579787672639,-0.707106781186548,-0.579227965339569));
#4907=DIRECTION('',(-0.405579787672639,-0.707106781186548,0.579227965339569));
#4908=DIRECTION('',(0.405579787672639,0.707106781186548,-0.579227965339569));
#4909=DIRECTION('',(0.819152044288992,0.,0.573576436351046));
#4910=DIRECTION('',(0.405579787672639,-0.707106781186548,-0.579227965339569));
#4911=DIRECTION('',(-0.405579787672639,-0.707106781186548,0.579227965339569));
#4912=DIRECTION('',(0.640856382055789,-0.707106781186548,0.29883623873012));
#4913=DIRECTION('',(-0.640856382055788,-0.707106781186548,-0.29883623873012));
#4914=DIRECTION('',(0.422618261740699,-5.54953465218377E-17,-0.90630778703665));
#4915=DIRECTION('',(0.640856382055788,0.707106781186548,0.29883623873012));
#4916=DIRECTION('',(-0.422618261740699,0.,0.90630778703665));
#4917=DIRECTION('',(0.640856382055789,-0.707106781186548,0.29883623873012));
#4918=DIRECTION('',(-0.640856382055788,-0.707106781186548,-0.29883623873012));
#4919=DIRECTION('',(-0.340728483766235,0.086826593864248,0.936143815312741));
#4920=DIRECTION('',(-0.579227965339569,-0.707106781186548,-0.405579787672639));
#4921=DIRECTION('',(0.573576436351046,-5.01585964526762E-17,-0.819152044288992));
#4922=DIRECTION('',(-0.640360083773404,0.0868265938642476,0.763151430390884));
#4923=DIRECTION('',(-0.579227965339569,-0.707106781186548,-0.405579787672639));
#4924=DIRECTION('',(0.579227965339569,-0.707106781186548,0.405579787672639));
#4925=DIRECTION('',(0.573576436351046,0.,-0.819152044288992));
#4926=DIRECTION('',(0.579227965339569,-0.707106781186548,0.405579787672639));
#4927=DIRECTION('',(0.573576436351046,-5.01585964526762E-17,-0.819152044288992));
#4928=DIRECTION('',(-0.640856382055788,-0.707106781186548,-0.29883623873012));
#4929=DIRECTION('',(0.422618261740699,-5.54953465218377E-17,-0.90630778703665));
#4930=DIRECTION('',(-0.498111720048307,0.0868265938642475,0.862754806969193));
#4931=DIRECTION('',(-0.640856382055788,-0.707106781186548,-0.29883623873012));
#4932=DIRECTION('',(0.640856382055789,-0.707106781186548,0.29883623873012));
#4933=DIRECTION('',(0.422618261740699,0.,-0.90630778703665));
#4934=DIRECTION('',(0.640856382055789,-0.707106781186548,0.29883623873012));
#4935=DIRECTION('',(0.579227965339569,-0.707106781186548,0.405579787672639));
#4936=DIRECTION('',(-0.579227965339569,-0.707106781186548,-0.405579787672639));
#4937=DIRECTION('',(0.579227965339569,0.707106781186548,0.405579787672639));
#4938=DIRECTION('',(-0.573576436351046,0.,0.819152044288992));
#4939=DIRECTION('',(0.579227965339569,-0.707106781186548,0.405579787672639));
#4940=DIRECTION('',(-0.579227965339569,-0.707106781186548,-0.405579787672639));
#4941=DIRECTION('',(0.405579787672639,-0.707106781186548,0.579227965339569));
#4942=DIRECTION('',(-0.405579787672639,-0.707106781186548,-0.579227965339569));
#4943=DIRECTION('',(0.405579787672639,0.707106781186548,0.579227965339569));
#4944=DIRECTION('',(-0.819152044288992,0.,0.573576436351046));
#4945=DIRECTION('',(0.405579787672639,-0.707106781186548,0.579227965339569));
#4946=DIRECTION('',(-0.405579787672639,-0.707106781186548,-0.579227965339569));
#4947=DIRECTION('',(-0.763151430390884,0.0868265938642475,0.640360083773405));
#4948=DIRECTION('',(-0.5,-0.707106781186548,-0.5));
#4949=DIRECTION('',(0.707106781186548,-4.32978028117747E-17,-0.707106781186548));
#4950=DIRECTION('',(-0.5,-0.707106781186548,-0.5));
#4951=DIRECTION('',(0.5,-0.707106781186548,0.5));
#4952=DIRECTION('',(0.707106781186548,0.,-0.707106781186548));
#4953=DIRECTION('',(0.5,-0.707106781186548,0.5));
#4954=DIRECTION('',(0.707106781186548,-4.32978028117747E-17,-0.707106781186548));
#4955=DIRECTION('',(0.5,-0.707106781186548,0.5));
#4956=DIRECTION('',(-0.5,-0.707106781186548,-0.5));
#4957=DIRECTION('',(0.5,0.707106781186548,0.5));
#4958=DIRECTION('',(-0.707106781186548,0.,0.707106781186548));
#4959=DIRECTION('',(0.5,-0.707106781186548,0.5));
#4960=DIRECTION('',(-0.5,-0.707106781186548,-0.5));
#4961=DIRECTION('',(0.704416026402759,-0.707106781186548,0.0616284167162193));
#4962=DIRECTION('',(-0.704416026402759,-0.707106781186548,-0.0616284167162192));
#4963=DIRECTION('',(0.087155742747658,-6.0999332417281E-17,-0.996194698091746));
#4964=DIRECTION('',(0.704416026402759,0.707106781186548,0.0616284167162192));
#4965=DIRECTION('',(-0.087155742747658,0.,0.996194698091745));
#4966=DIRECTION('',(0.704416026402759,-0.707106781186548,0.0616284167162193));
#4967=DIRECTION('',(-0.704416026402759,-0.707106781186548,-0.0616284167162193));
#4968=DIRECTION('',(7.63300351379423E-17,0.0868265938642475,0.996223440096615));
#4969=DIRECTION('',(-0.704416026402759,-0.707106781186548,-0.0616284167162192));
#4970=DIRECTION('',(0.087155742747658,-6.0999332417281E-17,-0.996194698091746));
#4971=DIRECTION('',(-0.172992384921857,0.0868265938642476,0.981088567539639));
#4972=DIRECTION('',(-0.704416026402759,-0.707106781186548,-0.0616284167162192));
#4973=DIRECTION('',(0.704416026402759,-0.707106781186548,0.0616284167162192));
#4974=DIRECTION('',(0.0871557427476579,0.,-0.996194698091745));
#4975=DIRECTION('',(0.704416026402759,-0.707106781186548,0.0616284167162193));
#4976=DIRECTION('',(0.683012701892219,-0.707106781186548,0.183012701892219));
#4977=DIRECTION('',(-0.683012701892219,-0.707106781186548,-0.183012701892219));
#4978=DIRECTION('',(0.258819045102521,-5.91458985689335E-17,-0.965925826289068));
#4979=DIRECTION('',(0.683012701892219,0.707106781186548,0.183012701892219));
#4980=DIRECTION('',(-0.258819045102521,0.,0.965925826289068));
#4981=DIRECTION('',(0.683012701892219,-0.707106781186548,0.183012701892219));
#4982=DIRECTION('',(-0.683012701892219,-0.707106781186548,-0.183012701892219));
#4983=DIRECTION('',(0.704416026402759,-0.707106781186548,-0.0616284167162193));
#4984=DIRECTION('',(-0.704416026402759,-0.707106781186548,0.0616284167162194));
#4985=DIRECTION('',(-0.0871557427476582,-6.0999332417281E-17,-0.996194698091746));
#4986=DIRECTION('',(0.704416026402759,0.707106781186548,-0.0616284167162194));
#4987=DIRECTION('',(0.0871557427476581,0.,0.996194698091745));
#4988=DIRECTION('',(0.704416026402759,-0.707106781186548,-0.0616284167162193));
#4989=DIRECTION('',(-0.704416026402759,-0.707106781186548,0.0616284167162193));
#4990=DIRECTION('',(0.172992384921857,0.0868265938642476,0.981088567539639));
#4991=DIRECTION('',(-0.683012701892219,-0.707106781186548,0.18301270189222));
#4992=DIRECTION('',(-0.258819045102521,-5.91458985689335E-17,-0.965925826289069));
#4993=DIRECTION('',(-0.683012701892219,-0.707106781186548,0.18301270189222));
#4994=DIRECTION('',(0.68301270189222,-0.707106781186548,-0.18301270189222));
#4995=DIRECTION('',(-0.258819045102521,0.,-0.965925826289068));
#4996=DIRECTION('',(0.683012701892219,-0.707106781186548,-0.183012701892219));
#4997=DIRECTION('',(-0.258819045102521,-5.91458985689335E-17,-0.965925826289069));
#4998=DIRECTION('',(-0.704416026402759,-0.707106781186548,0.0616284167162194));
#4999=DIRECTION('',(-0.0871557427476582,-6.0999332417281E-17,-0.996194698091746));
#5000=DIRECTION('',(-0.704416026402759,-0.707106781186548,0.0616284167162194));
#5001=DIRECTION('',(0.704416026402759,-0.707106781186548,-0.0616284167162194));
#5002=DIRECTION('',(-0.0871557427476582,0.,-0.996194698091745));
#5003=DIRECTION('',(0.704416026402759,-0.707106781186548,-0.0616284167162193));
#5004=DIRECTION('',(-0.683012701892219,-0.707106781186548,-0.183012701892219));
#5005=DIRECTION('',(0.258819045102521,-5.91458985689335E-17,-0.965925826289068));
#5006=DIRECTION('',(-0.683012701892219,-0.707106781186548,-0.183012701892219));
#5007=DIRECTION('',(0.68301270189222,-0.707106781186547,0.183012701892219));
#5008=DIRECTION('',(0.258819045102521,0.,-0.965925826289068));
#5009=DIRECTION('',(0.683012701892219,-0.707106781186548,0.183012701892219));
#5010=DIRECTION('',(0.683012701892219,-0.707106781186548,-0.183012701892219));
#5011=DIRECTION('',(-0.683012701892219,-0.707106781186548,0.18301270189222));
#5012=DIRECTION('',(0.683012701892219,0.707106781186548,-0.18301270189222));
#5013=DIRECTION('',(0.258819045102521,0.,0.965925826289068));
#5014=DIRECTION('',(0.683012701892219,-0.707106781186548,-0.183012701892219));
#5015=DIRECTION('',(-0.683012701892219,-0.707106781186548,0.183012701892219));
#5016=DIRECTION('',(-0.29883623873012,-0.707106781186548,-0.640856382055789));
#5017=DIRECTION('',(0.298836238730119,-0.707106781186548,0.640856382055789));
#5018=DIRECTION('',(-0.90630778703665,2.58779050750983E-17,0.422618261740699));
#5019=DIRECTION('',(-0.298836238730119,0.707106781186548,-0.640856382055789));
#5020=DIRECTION('',(0.90630778703665,0.,-0.422618261740699));
#5021=DIRECTION('',(-0.29883623873012,-0.707106781186548,-0.640856382055789));
#5022=DIRECTION('',(0.29883623873012,-0.707106781186548,0.640856382055789));
#5023=DIRECTION('',(0.862754806969193,0.0868265938642477,-0.498111720048307));
#5024=DIRECTION('',(0.298836238730119,-0.707106781186548,0.640856382055789));
#5025=DIRECTION('',(-0.90630778703665,2.58779050750983E-17,0.422618261740699));
#5026=DIRECTION('',(0.936143815312741,0.0868265938642474,-0.340728483766235));
#5027=DIRECTION('',(0.298836238730119,-0.707106781186548,0.640856382055789));
#5028=DIRECTION('',(-0.29883623873012,-0.707106781186548,-0.640856382055789));
#5029=DIRECTION('',(-0.90630778703665,0.,0.422618261740699));
#5030=DIRECTION('',(-0.29883623873012,-0.707106781186548,-0.640856382055789));
#5031=DIRECTION('',(-0.18301270189222,-0.707106781186548,-0.683012701892219));
#5032=DIRECTION('',(0.18301270189222,-0.707106781186548,0.683012701892219));
#5033=DIRECTION('',(-0.965925826289068,1.58480957571588E-17,0.258819045102521));
#5034=DIRECTION('',(-0.18301270189222,0.707106781186548,-0.683012701892219));
#5035=DIRECTION('',(0.965925826289068,0.,-0.258819045102521));
#5036=DIRECTION('',(-0.18301270189222,-0.707106781186548,-0.683012701892219));
#5037=DIRECTION('',(0.18301270189222,-0.707106781186548,0.683012701892219));
#5038=DIRECTION('',(-0.405579787672639,-0.707106781186548,-0.579227965339569));
#5039=DIRECTION('',(0.405579787672639,-0.707106781186548,0.579227965339569));
#5040=DIRECTION('',(-0.819152044288992,3.51214273421827E-17,0.573576436351046));
#5041=DIRECTION('',(-0.405579787672639,0.707106781186548,-0.579227965339569));
#5042=DIRECTION('',(0.819152044288992,0.,-0.573576436351046));
#5043=DIRECTION('',(-0.405579787672639,-0.707106781186548,-0.579227965339569));
#5044=DIRECTION('',(0.405579787672639,-0.707106781186548,0.579227965339569));
#5045=DIRECTION('',(0.763151430390884,0.0868265938642474,-0.640360083773404));
#5046=DIRECTION('',(0.405579787672639,-0.707106781186548,0.579227965339569));
#5047=DIRECTION('',(-0.819152044288992,3.51214273421827E-17,0.573576436351046));
#5048=DIRECTION('',(0.405579787672639,-0.707106781186548,0.579227965339569));
#5049=DIRECTION('',(-0.405579787672639,-0.707106781186548,-0.579227965339569));
#5050=DIRECTION('',(-0.819152044288992,0.,0.573576436351046));
#5051=DIRECTION('',(-0.405579787672639,-0.707106781186548,-0.579227965339569));
#5052=DIRECTION('',(-0.405579787672639,-0.707106781186548,0.579227965339569));
#5053=DIRECTION('',(0.405579787672639,-0.707106781186548,-0.579227965339569));
#5054=DIRECTION('',(0.819152044288992,3.51214273421827E-17,0.573576436351046));
#5055=DIRECTION('',(-0.405579787672639,0.707106781186548,0.579227965339569));
#5056=DIRECTION('',(-0.819152044288992,0.,-0.573576436351046));
#5057=DIRECTION('',(-0.405579787672639,-0.707106781186548,0.579227965339569));
#5058=DIRECTION('',(0.405579787672639,-0.707106781186548,-0.579227965339569));
#5059=DIRECTION('',(-0.862754806969193,0.0868265938642476,-0.498111720048307));
#5060=DIRECTION('',(0.405579787672639,-0.707106781186548,-0.579227965339569));
#5061=DIRECTION('',(0.819152044288992,3.51214273421827E-17,0.573576436351046));
#5062=DIRECTION('',(-0.763151430390884,0.0868265938642477,-0.640360083773404));
#5063=DIRECTION('',(0.405579787672639,-0.707106781186548,-0.579227965339569));
#5064=DIRECTION('',(-0.405579787672639,-0.707106781186548,0.579227965339569));
#5065=DIRECTION('',(0.819152044288992,0.,0.573576436351046));
#5066=DIRECTION('',(-0.405579787672639,-0.707106781186548,0.579227965339569));
#5067=DIRECTION('',(-0.29883623873012,-0.707106781186548,0.640856382055789));
#5068=DIRECTION('',(0.29883623873012,-0.707106781186548,-0.640856382055789));
#5069=DIRECTION('',(0.90630778703665,2.58779050750983E-17,0.422618261740699));
#5070=DIRECTION('',(-0.29883623873012,0.707106781186548,0.640856382055789));
#5071=DIRECTION('',(-0.90630778703665,0.,-0.422618261740699));
#5072=DIRECTION('',(-0.29883623873012,-0.707106781186548,0.640856382055789));
#5073=DIRECTION('',(0.29883623873012,-0.707106781186548,-0.640856382055789));
#5074=DIRECTION('',(-0.936143815312741,0.0868265938642476,-0.340728483766235));
#5075=DIRECTION('',(0.18301270189222,-0.707106781186548,-0.683012701892219));
#5076=DIRECTION('',(0.965925826289068,1.58480957571588E-17,0.258819045102521));
#5077=DIRECTION('',(0.18301270189222,-0.707106781186548,-0.683012701892219));
#5078=DIRECTION('',(-0.18301270189222,-0.707106781186548,0.683012701892219));
#5079=DIRECTION('',(0.965925826289068,0.,0.258819045102521));
#5080=DIRECTION('',(-0.18301270189222,-0.707106781186548,0.683012701892219));
#5081=DIRECTION('',(0.965925826289068,1.58480957571588E-17,0.258819045102521));
#5082=DIRECTION('',(0.29883623873012,-0.707106781186548,-0.640856382055789));
#5083=DIRECTION('',(0.90630778703665,2.58779050750983E-17,0.422618261740699));
#5084=DIRECTION('',(0.29883623873012,-0.707106781186548,-0.640856382055789));
#5085=DIRECTION('',(-0.29883623873012,-0.707106781186548,0.640856382055789));
#5086=DIRECTION('',(0.90630778703665,0.,0.422618261740699));
#5087=DIRECTION('',(-0.29883623873012,-0.707106781186548,0.640856382055789));
#5088=DIRECTION('',(0.18301270189222,-0.707106781186548,0.683012701892219));
#5089=DIRECTION('',(-0.965925826289068,1.58480957571588E-17,0.258819045102521));
#5090=DIRECTION('',(0.18301270189222,-0.707106781186548,0.683012701892219));
#5091=DIRECTION('',(-0.18301270189222,-0.707106781186548,-0.683012701892219));
#5092=DIRECTION('',(-0.965925826289068,0.,0.258819045102521));
#5093=DIRECTION('',(-0.18301270189222,-0.707106781186548,-0.683012701892219));
#5094=DIRECTION('',(-0.18301270189222,-0.707106781186548,0.683012701892219));
#5095=DIRECTION('',(0.18301270189222,-0.707106781186548,-0.683012701892219));
#5096=DIRECTION('',(-0.18301270189222,0.707106781186548,0.683012701892219));
#5097=DIRECTION('',(-0.965925826289068,0.,-0.258819045102521));
#5098=DIRECTION('',(-0.18301270189222,-0.707106781186548,0.683012701892219));
#5099=DIRECTION('',(0.18301270189222,-0.707106781186548,-0.683012701892219));
#5100=DIRECTION('',(-0.0616284167162194,-0.707106781186548,-0.704416026402759));
#5101=DIRECTION('',(0.996194698091746,-5.33675006916149E-18,-0.0871557427476582));
#5102=DIRECTION('',(-0.0616284167162194,-0.707106781186548,-0.704416026402759));
#5103=DIRECTION('',(0.0616284167162194,-0.707106781186548,0.704416026402759));
#5104=DIRECTION('',(0.996194698091745,0.,-0.0871557427476582));
#5105=DIRECTION('',(0.0616284167162194,-0.707106781186548,0.704416026402759));
#5106=DIRECTION('',(0.0871557427476581,-6.0999332417281E-17,-0.996194698091746));
#5107=DIRECTION('',(0.704416026402759,-0.707106781186548,0.0616284167162194));
#5108=DIRECTION('',(-0.704416026402759,-0.707106781186548,-0.0616284167162193));
#5109=DIRECTION('',(-0.704416026402759,0.707106781186548,-0.0616284167162194));
#5110=DIRECTION('',(0.573576436351046,-5.01585964526763E-17,-0.819152044288992));
#5111=DIRECTION('',(0.579227965339569,-0.707106781186548,0.405579787672639));
#5112=DIRECTION('',(-0.579227965339569,-0.707106781186548,-0.405579787672639));
#5113=DIRECTION('',(-0.579227965339569,0.707106781186548,-0.405579787672639));
#5114=DIRECTION('',(0.258819045102521,-5.91458985689335E-17,-0.965925826289068));
#5115=DIRECTION('',(0.683012701892219,-0.707106781186548,0.18301270189222));
#5116=DIRECTION('',(-0.683012701892219,-0.707106781186548,-0.18301270189222));
#5117=DIRECTION('',(-0.683012701892219,0.707106781186548,-0.18301270189222));
#5118=DIRECTION('',(0.422618261740699,-5.54953465218377E-17,-0.90630778703665));
#5119=DIRECTION('',(0.640856382055789,-0.707106781186548,0.29883623873012));
#5120=DIRECTION('',(-0.640856382055789,-0.707106781186548,-0.29883623873012));
#5121=DIRECTION('',(-0.640856382055789,0.707106781186548,-0.29883623873012));
#5122=DIRECTION('',(0.707106781186548,-4.32978028117747E-17,-0.707106781186548));
#5123=DIRECTION('',(0.5,-0.707106781186548,0.5));
#5124=DIRECTION('',(-0.5,-0.707106781186548,-0.5));
#5125=DIRECTION('',(-0.5,0.707106781186548,-0.5));
#5126=DIRECTION('',(-0.422618261740699,-5.54953465218377E-17,-0.90630778703665));
#5127=DIRECTION('',(0.640856382055788,-0.707106781186548,-0.29883623873012));
#5128=DIRECTION('',(-0.640856382055789,-0.707106781186548,0.29883623873012));
#5129=DIRECTION('',(-0.640856382055788,0.707106781186548,0.29883623873012));
#5130=DIRECTION('',(-0.573576436351046,-5.01585964526762E-17,-0.819152044288992));
#5131=DIRECTION('',(0.579227965339569,-0.707106781186548,-0.405579787672639));
#5132=DIRECTION('',(-0.579227965339569,-0.707106781186548,0.405579787672639));
#5133=DIRECTION('',(-0.579227965339569,0.707106781186548,0.405579787672639));
#5134=DIRECTION('',(-0.258819045102521,-5.91458985689335E-17,-0.965925826289068));
#5135=DIRECTION('',(0.683012701892219,-0.707106781186548,-0.18301270189222));
#5136=DIRECTION('',(-0.683012701892219,-0.707106781186548,0.18301270189222));
#5137=DIRECTION('',(-0.683012701892219,0.707106781186548,0.18301270189222));
#5138=DIRECTION('',(-0.707106781186548,-4.32978028117746E-17,-0.707106781186548));
#5139=DIRECTION('',(0.5,-0.707106781186548,-0.5));
#5140=DIRECTION('',(-0.5,-0.707106781186548,0.5));
#5141=DIRECTION('',(-0.5,0.707106781186548,0.5));
#5142=DIRECTION('',(-0.0871557427476582,-6.0999332417281E-17,-0.996194698091746));
#5143=DIRECTION('',(0.704416026402759,-0.707106781186548,-0.0616284167162194));
#5144=DIRECTION('',(-0.704416026402759,-0.707106781186548,0.0616284167162194));
#5145=DIRECTION('',(-0.704416026402759,0.707106781186548,0.0616284167162194));
#5146=DIRECTION('',(-0.704416026402759,-0.707106781186548,-0.0616284167162193));
#5147=DIRECTION('',(0.704416026402759,-0.707106781186548,0.0616284167162194));
#5148=DIRECTION('',(-0.0871557427476581,6.0999332417281E-17,0.996194698091746));
#5149=DIRECTION('',(-0.704416026402759,0.707106781186548,-0.0616284167162194));
#5150=DIRECTION('',(0.087155742747658,0.,-0.996194698091745));
#5151=DIRECTION('',(-0.704416026402759,-0.707106781186548,-0.0616284167162193));
#5152=DIRECTION('',(0.704416026402759,-0.707106781186548,0.0616284167162193));
#5153=DIRECTION('',(-5.06247437324078E-17,0.0868265938642475,-0.996223440096615));
#5154=DIRECTION('',(0.579227965339569,-0.707106781186548,0.405579787672639));
#5155=DIRECTION('',(-0.573576436351046,5.01585964526763E-17,0.819152044288992));
#5156=DIRECTION('',(0.640360083773404,0.0868265938642478,-0.763151430390884));
#5157=DIRECTION('',(0.579227965339569,-0.707106781186548,0.405579787672639));
#5158=DIRECTION('',(-0.579227965339569,-0.707106781186548,-0.405579787672639));
#5159=DIRECTION('',(-0.573576436351046,0.,0.819152044288992));
#5160=DIRECTION('',(-0.579227965339569,-0.707106781186548,-0.405579787672639));
#5161=DIRECTION('',(-0.573576436351046,5.01585964526763E-17,0.819152044288992));
#5162=DIRECTION('',(0.683012701892219,-0.707106781186548,0.18301270189222));
#5163=DIRECTION('',(-0.258819045102521,5.91458985689335E-17,0.965925826289068));
#5164=DIRECTION('',(0.340728483766235,0.0868265938642475,-0.936143815312741));
#5165=DIRECTION('',(0.683012701892219,-0.707106781186548,0.18301270189222));
#5166=DIRECTION('',(-0.683012701892219,-0.707106781186548,-0.18301270189222));
#5167=DIRECTION('',(-0.258819045102521,0.,0.965925826289068));
#5168=DIRECTION('',(-0.683012701892219,-0.707106781186548,-0.18301270189222));
#5169=DIRECTION('',(-0.258819045102521,5.91458985689335E-17,0.965925826289068));
#5170=DIRECTION('',(0.704416026402759,-0.707106781186548,0.0616284167162194));
#5171=DIRECTION('',(-0.0871557427476581,6.0999332417281E-17,0.996194698091746));
#5172=DIRECTION('',(0.172992384921857,0.0868265938642475,-0.981088567539639));
#5173=DIRECTION('',(0.704416026402759,-0.707106781186548,0.0616284167162194));
#5174=DIRECTION('',(-0.704416026402759,-0.707106781186548,-0.0616284167162194));
#5175=DIRECTION('',(-0.0871557427476582,0.,0.996194698091745));
#5176=DIRECTION('',(-0.704416026402759,-0.707106781186548,-0.0616284167162193));
#5177=DIRECTION('',(-0.683012701892219,-0.707106781186548,-0.18301270189222));
#5178=DIRECTION('',(0.683012701892219,-0.707106781186548,0.18301270189222));
#5179=DIRECTION('',(-0.683012701892219,0.707106781186548,-0.18301270189222));
#5180=DIRECTION('',(0.258819045102521,0.,-0.965925826289068));
#5181=DIRECTION('',(-0.683012701892219,-0.707106781186548,-0.18301270189222));
#5182=DIRECTION('',(0.683012701892219,-0.707106781186548,0.18301270189222));
#5183=DIRECTION('',(-0.579227965339569,-0.707106781186548,-0.405579787672639));
#5184=DIRECTION('',(0.579227965339569,-0.707106781186548,0.405579787672639));
#5185=DIRECTION('',(-0.579227965339569,0.707106781186548,-0.405579787672639));
#5186=DIRECTION('',(0.573576436351046,0.,-0.819152044288992));
#5187=DIRECTION('',(-0.579227965339569,-0.707106781186548,-0.405579787672639));
#5188=DIRECTION('',(0.579227965339569,-0.707106781186548,0.405579787672639));
#5189=DIRECTION('',(0.498111720048307,0.0868265938642474,-0.862754806969193));
#5190=DIRECTION('',(0.640856382055789,-0.707106781186548,0.29883623873012));
#5191=DIRECTION('',(-0.422618261740699,5.54953465218377E-17,0.90630778703665));
#5192=DIRECTION('',(0.640856382055789,-0.707106781186548,0.29883623873012));
#5193=DIRECTION('',(-0.640856382055789,-0.707106781186548,-0.29883623873012));
#5194=DIRECTION('',(-0.422618261740699,0.,0.90630778703665));
#5195=DIRECTION('',(-0.640856382055789,-0.707106781186548,-0.29883623873012));
#5196=DIRECTION('',(-0.422618261740699,5.54953465218377E-17,0.90630778703665));
#5197=DIRECTION('',(-0.640856382055789,-0.707106781186548,-0.29883623873012));
#5198=DIRECTION('',(0.640856382055789,-0.707106781186548,0.29883623873012));
#5199=DIRECTION('',(-0.640856382055789,0.707106781186548,-0.29883623873012));
#5200=DIRECTION('',(0.422618261740699,0.,-0.90630778703665));
#5201=DIRECTION('',(-0.640856382055789,-0.707106781186548,-0.29883623873012));
#5202=DIRECTION('',(0.640856382055789,-0.707106781186548,0.298836238730119));
#5203=DIRECTION('',(0.5,-0.707106781186548,0.5));
#5204=DIRECTION('',(-0.707106781186548,4.32978028117747E-17,0.707106781186548));
#5205=DIRECTION('',(0.5,-0.707106781186548,0.5));
#5206=DIRECTION('',(-0.5,-0.707106781186548,-0.5));
#5207=DIRECTION('',(-0.707106781186548,0.,0.707106781186548));
#5208=DIRECTION('',(-0.5,-0.707106781186548,-0.5));
#5209=DIRECTION('',(-0.707106781186548,4.32978028117747E-17,0.707106781186548));
#5210=DIRECTION('',(-0.5,-0.707106781186548,-0.5));
#5211=DIRECTION('',(0.5,-0.707106781186548,0.5));
#5212=DIRECTION('',(-0.5,0.707106781186548,-0.5));
#5213=DIRECTION('',(0.707106781186548,0.,-0.707106781186548));
#5214=DIRECTION('',(-0.5,-0.707106781186548,-0.5));
#5215=DIRECTION('',(0.5,-0.707106781186548,0.5));
#5216=DIRECTION('',(-0.579227965339569,-0.707106781186548,0.405579787672639));
#5217=DIRECTION('',(0.579227965339569,-0.707106781186548,-0.405579787672639));
#5218=DIRECTION('',(0.573576436351046,5.01585964526762E-17,0.819152044288992));
#5219=DIRECTION('',(-0.579227965339569,0.707106781186548,0.405579787672639));
#5220=DIRECTION('',(-0.573576436351046,0.,-0.819152044288992));
#5221=DIRECTION('',(-0.579227965339569,-0.707106781186548,0.405579787672639));
#5222=DIRECTION('',(0.579227965339569,-0.707106781186548,-0.405579787672639));
#5223=DIRECTION('',(-0.640360083773404,0.0868265938642475,-0.763151430390884));
#5224=DIRECTION('',(0.640856382055788,-0.707106781186548,-0.29883623873012));
#5225=DIRECTION('',(0.422618261740699,5.54953465218377E-17,0.90630778703665));
#5226=DIRECTION('',(-0.340728483766235,0.0868265938642475,-0.936143815312741));
#5227=DIRECTION('',(0.640856382055788,-0.707106781186548,-0.29883623873012));
#5228=DIRECTION('',(-0.640856382055789,-0.707106781186548,0.29883623873012));
#5229=DIRECTION('',(0.422618261740699,0.,0.90630778703665));
#5230=DIRECTION('',(-0.640856382055789,-0.707106781186548,0.29883623873012));
#5231=DIRECTION('',(0.422618261740699,5.54953465218377E-17,0.90630778703665));
#5232=DIRECTION('',(0.579227965339569,-0.707106781186548,-0.405579787672639));
#5233=DIRECTION('',(0.573576436351046,5.01585964526762E-17,0.819152044288992));
#5234=DIRECTION('',(-0.498111720048307,0.0868265938642475,-0.862754806969193));
#5235=DIRECTION('',(0.579227965339569,-0.707106781186548,-0.405579787672639));
#5236=DIRECTION('',(-0.579227965339569,-0.707106781186548,0.405579787672639));
#5237=DIRECTION('',(0.573576436351046,0.,0.819152044288992));
#5238=DIRECTION('',(-0.579227965339569,-0.707106781186548,0.405579787672639));
#5239=DIRECTION('',(-0.640856382055789,-0.707106781186548,0.29883623873012));
#5240=DIRECTION('',(0.640856382055788,-0.707106781186548,-0.29883623873012));
#5241=DIRECTION('',(-0.640856382055788,0.707106781186548,0.29883623873012));
#5242=DIRECTION('',(-0.422618261740699,0.,-0.90630778703665));
#5243=DIRECTION('',(-0.640856382055789,-0.707106781186548,0.29883623873012));
#5244=DIRECTION('',(0.640856382055789,-0.707106781186548,-0.29883623873012));
#5245=DIRECTION('',(-0.704416026402759,-0.707106781186548,0.0616284167162194));
#5246=DIRECTION('',(0.704416026402759,-0.707106781186548,-0.0616284167162194));
#5247=DIRECTION('',(0.0871557427476582,6.0999332417281E-17,0.996194698091746));
#5248=DIRECTION('',(-0.704416026402759,0.707106781186548,0.0616284167162194));
#5249=DIRECTION('',(-0.0871557427476583,0.,-0.996194698091745));
#5250=DIRECTION('',(-0.704416026402759,-0.707106781186548,0.0616284167162194));
#5251=DIRECTION('',(0.704416026402759,-0.707106781186548,-0.0616284167162194));
#5252=DIRECTION('',(-0.172992384921857,0.0868265938642475,-0.981088567539639));
#5253=DIRECTION('',(0.683012701892219,-0.707106781186548,-0.18301270189222));
#5254=DIRECTION('',(0.258819045102521,5.91458985689335E-17,0.965925826289068));
#5255=DIRECTION('',(0.683012701892219,-0.707106781186548,-0.18301270189222));
#5256=DIRECTION('',(-0.683012701892219,-0.707106781186548,0.18301270189222));
#5257=DIRECTION('',(0.258819045102521,0.,0.965925826289068));
#5258=DIRECTION('',(-0.683012701892219,-0.707106781186548,0.18301270189222));
#5259=DIRECTION('',(0.258819045102521,5.91458985689335E-17,0.965925826289068));
#5260=DIRECTION('',(-0.683012701892219,-0.707106781186548,0.18301270189222));
#5261=DIRECTION('',(0.683012701892219,-0.707106781186548,-0.18301270189222));
#5262=DIRECTION('',(-0.683012701892219,0.707106781186548,0.18301270189222));
#5263=DIRECTION('',(-0.258819045102521,0.,-0.965925826289068));
#5264=DIRECTION('',(-0.683012701892219,-0.707106781186548,0.18301270189222));
#5265=DIRECTION('',(0.683012701892219,-0.707106781186548,-0.18301270189222));
#5266=DIRECTION('',(-0.5,-0.707106781186548,0.5));
#5267=DIRECTION('',(0.5,-0.707106781186548,-0.5));
#5268=DIRECTION('',(0.707106781186548,4.32978028117746E-17,0.707106781186548));
#5269=DIRECTION('',(-0.5,0.707106781186548,0.5));
#5270=DIRECTION('',(-0.707106781186548,0.,-0.707106781186548));
#5271=DIRECTION('',(-0.5,-0.707106781186548,0.5));
#5272=DIRECTION('',(0.5,-0.707106781186548,-0.5));
#5273=DIRECTION('',(0.5,-0.707106781186548,-0.5));
#5274=DIRECTION('',(0.707106781186548,4.32978028117746E-17,0.707106781186548));
#5275=DIRECTION('',(0.5,-0.707106781186548,-0.5));
#5276=DIRECTION('',(-0.5,-0.707106781186548,0.5));
#5277=DIRECTION('',(0.707106781186548,0.,0.707106781186548));
#5278=DIRECTION('',(-0.5,-0.707106781186548,0.5));
#5279=DIRECTION('',(0.704416026402759,-0.707106781186548,-0.0616284167162194));
#5280=DIRECTION('',(0.0871557427476582,6.0999332417281E-17,0.996194698091746));
#5281=DIRECTION('',(0.704416026402759,-0.707106781186548,-0.0616284167162194));
#5282=DIRECTION('',(-0.704416026402759,-0.707106781186548,0.0616284167162194));
#5283=DIRECTION('',(0.0871557427476582,0.,0.996194698091745));
#5284=DIRECTION('',(-0.704416026402759,-0.707106781186548,0.0616284167162194));
#5285=DIRECTION('',(-0.996194698091746,-5.33675006916149E-18,-0.0871557427476582));
#5286=DIRECTION('',(0.0616284167162194,-0.707106781186548,-0.704416026402759));
#5287=DIRECTION('',(0.0871557427476582,0.,-0.996194698091746));
#5288=DIRECTION('',(0.,-1.,0.));
#5289=DIRECTION('',(0.,0.,-1.));
#5290=DIRECTION('',(0.,1.,0.));
#5291=DIRECTION('',(-6.12323399573677E-17,0.,1.));
#5292=DIRECTION('',(0.,-1.,0.));
#5293=DIRECTION('',(0.,0.,-1.));
#5294=DIRECTION('',(0.,1.,0.));
#5295=DIRECTION('',(-6.12323399573677E-17,0.,1.));
#5296=DIRECTION('',(0.,-1.,0.));
#5297=DIRECTION('',(0.,0.,-1.));
#5298=DIRECTION('',(0.,1.,0.));
#5299=DIRECTION('',(-6.12323399573677E-17,0.,1.));
#5300=DIRECTION('',(0.,-1.,0.));
#5301=DIRECTION('',(0.,0.,-1.));
#5302=DIRECTION('',(0.,1.,0.));
#5303=DIRECTION('',(-6.12323399573677E-17,0.,1.));
#5304=DIRECTION('',(0.,-1.,0.));
#5305=DIRECTION('',(0.,0.,-1.));
#5306=DIRECTION('',(0.,1.,0.));
#5307=DIRECTION('',(-6.12323399573677E-17,0.,1.));
#5308=DIRECTION('',(0.,-1.,0.));
#5309=DIRECTION('',(0.,0.,-1.));
#5310=DIRECTION('',(0.,1.,0.));
#5311=DIRECTION('',(-6.12323399573677E-17,0.,1.));
#5312=DIRECTION('',(0.,-1.,0.));
#5313=DIRECTION('',(0.,0.,-1.));
#5314=DIRECTION('',(0.,1.,0.));
#5315=DIRECTION('',(-6.12323399573677E-17,0.,1.));
#5316=DIRECTION('',(0.,-1.,0.));
#5317=DIRECTION('',(0.,0.,-1.));
#5318=DIRECTION('',(0.,1.,0.));
#5319=DIRECTION('',(-6.12323399573677E-17,0.,1.));
#5320=DIRECTION('',(0.,-1.,0.));
#5321=DIRECTION('',(0.,0.,-1.));
#5322=DIRECTION('',(0.,1.,0.));
#5323=DIRECTION('',(-6.12323399573677E-17,0.,1.));
#5324=DIRECTION('',(0.,-1.,0.));
#5325=DIRECTION('',(0.,0.,-1.));
#5326=DIRECTION('',(0.,1.,0.));
#5327=DIRECTION('',(-6.12323399573677E-17,0.,1.));
#5328=DIRECTION('',(0.,-1.,0.));
#5329=DIRECTION('',(0.,0.,-1.));
#5330=DIRECTION('',(0.,1.,0.));
#5331=DIRECTION('',(-6.12323399573677E-17,0.,1.));
#5332=DIRECTION('',(0.,-1.,0.));
#5333=DIRECTION('',(0.,0.,-1.));
#5334=DIRECTION('',(0.,1.,0.));
#5335=DIRECTION('',(-6.12323399573677E-17,0.,1.));
#5336=DIRECTION('',(0.,-1.,0.));
#5337=DIRECTION('',(0.,0.,-1.));
#5338=DIRECTION('',(0.,1.,0.));
#5339=DIRECTION('',(-6.12323399573677E-17,0.,1.));
#5340=DIRECTION('',(0.,-1.,0.));
#5341=DIRECTION('',(0.,0.,-1.));
#5342=DIRECTION('',(0.,1.,0.));
#5343=DIRECTION('',(-6.12323399573677E-17,0.,1.));
#5344=DIRECTION('',(0.,-1.,0.));
#5345=DIRECTION('',(0.,0.,-1.));
#5346=DIRECTION('',(0.,1.,0.));
#5347=DIRECTION('',(-6.12323399573677E-17,0.,1.));
#5348=DIRECTION('',(0.,-1.,0.));
#5349=DIRECTION('',(0.,0.,-1.));
#5350=DIRECTION('',(0.,1.,0.));
#5351=DIRECTION('',(-6.12323399573677E-17,0.,1.));
#5352=DIRECTION('',(0.,-1.,0.));
#5353=DIRECTION('',(0.,0.,-1.));
#5354=DIRECTION('',(0.,1.,0.));
#5355=DIRECTION('',(-6.12323399573677E-17,0.,1.));
#5356=DIRECTION('',(0.,-1.,0.));
#5357=DIRECTION('',(0.,0.,-1.));
#5358=DIRECTION('',(0.,1.,0.));
#5359=DIRECTION('',(-6.12323399573677E-17,0.,1.));
#5360=DIRECTION('',(0.,-1.,0.));
#5361=DIRECTION('',(0.,0.,-1.));
#5362=DIRECTION('',(0.,1.,0.));
#5363=DIRECTION('',(-6.12323399573677E-17,0.,1.));
#5364=DIRECTION('',(0.,-1.,0.));
#5365=DIRECTION('',(0.,0.,-1.));
#5366=DIRECTION('',(0.,1.,0.));
#5367=DIRECTION('',(-6.12323399573677E-17,0.,1.));
#5368=DIRECTION('',(0.,-1.,0.));
#5369=DIRECTION('',(0.,0.,-1.));
#5370=DIRECTION('',(0.,1.,0.));
#5371=DIRECTION('',(-6.12323399573677E-17,0.,1.));
#5372=DIRECTION('',(0.,-1.,0.));
#5373=DIRECTION('',(0.,0.,-1.));
#5374=DIRECTION('',(0.,1.,0.));
#5375=DIRECTION('',(-6.12323399573677E-17,0.,1.));
#5376=DIRECTION('',(0.,-1.,0.));
#5377=DIRECTION('',(0.,0.,-1.));
#5378=DIRECTION('',(0.,1.,0.));
#5379=DIRECTION('',(-6.12323399573677E-17,0.,1.));
#5380=DIRECTION('',(0.,-1.,0.));
#5381=DIRECTION('',(0.,0.,-1.));
#5382=DIRECTION('',(0.,1.,0.));
#5383=DIRECTION('',(-6.12323399573677E-17,0.,1.));
#5384=DIRECTION('',(0.,-1.,0.));
#5385=DIRECTION('',(0.,0.,-1.));
#5386=DIRECTION('',(0.,1.,0.));
#5387=DIRECTION('',(-6.12323399573677E-17,0.,1.));
#5388=DIRECTION('',(0.,-1.,0.));
#5389=DIRECTION('',(0.,0.,-1.));
#5390=DIRECTION('',(0.,1.,0.));
#5391=DIRECTION('',(-6.12323399573677E-17,0.,1.));
#5392=DIRECTION('',(0.,-1.,0.));
#5393=DIRECTION('',(0.,0.,-1.));
#5394=DIRECTION('',(0.,1.,0.));
#5395=DIRECTION('',(-6.12323399573677E-17,0.,1.));
#5396=DIRECTION('',(0.,-1.,0.));
#5397=DIRECTION('',(0.,0.,-1.));
#5398=DIRECTION('',(0.,1.,0.));
#5399=DIRECTION('',(-6.12323399573677E-17,0.,1.));
#5400=DIRECTION('',(0.,-1.,0.));
#5401=DIRECTION('',(0.,0.,-1.));
#5402=DIRECTION('',(0.,1.,0.));
#5403=DIRECTION('',(-6.12323399573677E-17,0.,1.));
#5404=DIRECTION('',(0.,-1.,0.));
#5405=DIRECTION('',(0.,0.,-1.));
#5406=DIRECTION('',(0.,1.,0.));
#5407=DIRECTION('',(-6.12323399573677E-17,0.,1.));
#5408=DIRECTION('',(0.,-1.,0.));
#5409=DIRECTION('',(0.,0.,-1.));
#5410=DIRECTION('',(0.,1.,0.));
#5411=DIRECTION('',(-6.12323399573677E-17,0.,1.));
#5412=DIRECTION('',(0.,-1.,0.));
#5413=DIRECTION('',(0.,0.,-1.));
#5414=DIRECTION('',(0.,1.,0.));
#5415=DIRECTION('',(-6.12323399573677E-17,0.,1.));
#5416=DIRECTION('',(-0.90630778703665,2.58779050750983E-17,0.4226182617407));
#5417=DIRECTION('',(-0.29883623873012,-0.707106781186548,-0.640856382055788));
#5418=DIRECTION('',(-0.4226182617407,0.,-0.90630778703665));
#5419=DIRECTION('',(-0.965925826289068,1.58480957571588E-17,0.258819045102521));
#5420=DIRECTION('',(-0.183012701892219,-0.707106781186548,-0.683012701892219));
#5421=DIRECTION('',(-0.258819045102521,0.,-0.965925826289068));
#5422=DIRECTION('',(-0.996194698091746,5.33675006916149E-18,0.0871557427476582));
#5423=DIRECTION('',(-0.0616284167162194,-0.707106781186548,-0.704416026402759));
#5424=DIRECTION('',(-0.0871557427476582,0.,-0.996194698091746));
#5425=DIRECTION('',(0.,-1.,0.));
#5426=DIRECTION('',(0.,0.,-1.));
#5427=DIRECTION('',(0.,1.,0.));
#5428=DIRECTION('',(-6.12323399573677E-17,0.,1.));
#5429=DIRECTION('',(0.,-1.,0.));
#5430=DIRECTION('',(0.,0.,-1.));
#5431=DIRECTION('',(0.,1.,0.));
#5432=DIRECTION('',(-6.12323399573677E-17,0.,1.));
#5433=DIRECTION('',(0.,-1.,0.));
#5434=DIRECTION('',(0.,0.,-1.));
#5435=DIRECTION('',(0.,1.,0.));
#5436=DIRECTION('',(0.,0.,1.));
#5437=DIRECTION('',(0.996194698091745,-5.33675006916148E-18,-0.0871557427476581));
#5438=DIRECTION('',(0.0616284167162193,-0.707106781186548,0.704416026402759));
#5439=DIRECTION('',(0.0871557427476581,0.,0.996194698091746));
#5440=DIRECTION('',(0.996194698091746,5.33675006916148E-18,0.087155742747658));
#5441=DIRECTION('',(-0.0616284167162193,-0.707106781186548,0.704416026402759));
#5442=DIRECTION('',(-0.087155742747658,0.,0.996194698091746));
#5443=DIRECTION('',(0.90630778703665,2.58779050750983E-17,0.422618261740699));
#5444=DIRECTION('',(-0.298836238730119,-0.707106781186548,0.640856382055789));
#5445=DIRECTION('',(-0.422618261740699,0.,0.90630778703665));
#5446=DIRECTION('',(0.965925826289068,1.58480957571588E-17,0.258819045102521));
#5447=DIRECTION('',(-0.18301270189222,-0.707106781186548,0.683012701892219));
#5448=DIRECTION('',(-0.258819045102521,0.,0.965925826289068));
#5449=DIRECTION('',(0.573576436351046,5.01585964526762E-17,0.819152044288992));
#5450=DIRECTION('',(-0.579227965339569,-0.707106781186548,0.405579787672639));
#5451=DIRECTION('',(-0.819152044288992,0.,0.573576436351046));
#5452=DIRECTION('',(0.4226182617407,5.54953465218377E-17,0.90630778703665));
#5453=DIRECTION('',(-0.640856382055788,-0.707106781186548,0.29883623873012));
#5454=DIRECTION('',(-0.90630778703665,0.,0.4226182617407));
#5455=DIRECTION('',(0.707106781186548,4.32978028117747E-17,0.707106781186548));
#5456=DIRECTION('',(-0.5,-0.707106781186548,0.5));
#5457=DIRECTION('',(-0.707106781186548,0.,0.707106781186548));
#5458=DIRECTION('',(0.819152044288992,3.51214273421827E-17,0.573576436351046));
#5459=DIRECTION('',(-0.405579787672639,-0.707106781186548,0.579227965339569));
#5460=DIRECTION('',(-0.573576436351046,0.,0.819152044288992));
#5461=DIRECTION('',(-0.422618261740699,5.54953465218377E-17,0.90630778703665));
#5462=DIRECTION('',(-0.640856382055788,-0.707106781186548,-0.29883623873012));
#5463=DIRECTION('',(-0.90630778703665,0.,-0.422618261740699));
#5464=DIRECTION('',(-0.573576436351046,5.01585964526762E-17,0.819152044288992));
#5465=DIRECTION('',(-0.579227965339569,-0.707106781186548,-0.405579787672639));
#5466=DIRECTION('',(-0.819152044288992,0.,-0.573576436351046));
#5467=DIRECTION('',(-0.819152044288992,3.51214273421827E-17,0.573576436351046));
#5468=DIRECTION('',(-0.405579787672639,-0.707106781186548,-0.579227965339569));
#5469=DIRECTION('',(-0.573576436351046,0.,-0.819152044288992));
#5470=DIRECTION('',(-0.707106781186548,4.32978028117747E-17,0.707106781186548));
#5471=DIRECTION('',(-0.5,-0.707106781186548,-0.5));
#5472=DIRECTION('',(-0.707106781186548,0.,-0.707106781186548));
#5473=DIRECTION('',(-0.087155742747658,6.0999332417281E-17,0.996194698091746));
#5474=DIRECTION('',(-0.704416026402759,-0.707106781186548,-0.0616284167162192));
#5475=DIRECTION('',(-0.996194698091746,0.,-0.087155742747658));
#5476=DIRECTION('',(-0.258819045102521,5.91458985689335E-17,0.965925826289068));
#5477=DIRECTION('',(-0.683012701892219,-0.707106781186548,-0.183012701892219));
#5478=DIRECTION('',(-0.965925826289068,0.,-0.258819045102521));
#5479=DIRECTION('',(0.0871557427476582,6.0999332417281E-17,0.996194698091746));
#5480=DIRECTION('',(-0.704416026402759,-0.707106781186548,0.0616284167162194));
#5481=DIRECTION('',(-0.996194698091746,0.,0.0871557427476582));
#5482=DIRECTION('',(0.258819045102521,5.91458985689335E-17,0.965925826289069));
#5483=DIRECTION('',(-0.683012701892219,-0.707106781186548,0.18301270189222));
#5484=DIRECTION('',(-0.965925826289068,0.,0.258819045102521));
#5485=DIRECTION('',(0.0871557427476581,-6.0999332417281E-17,-0.996194698091746));
#5486=DIRECTION('',(0.704416026402759,-0.707106781186548,0.0616284167162194));
#5487=DIRECTION('',(0.996194698091746,0.,0.0871557427476581));
#5488=DIRECTION('',(0.258819045102521,-5.91458985689335E-17,-0.965925826289068));
#5489=DIRECTION('',(0.683012701892219,-0.707106781186548,0.18301270189222));
#5490=DIRECTION('',(0.965925826289068,0.,0.258819045102521));
#5491=DIRECTION('',(0.573576436351046,-5.01585964526763E-17,-0.819152044288992));
#5492=DIRECTION('',(0.579227965339569,-0.707106781186548,0.405579787672639));
#5493=DIRECTION('',(0.819152044288992,0.,0.573576436351046));
#5494=DIRECTION('',(0.422618261740699,-5.54953465218377E-17,-0.90630778703665));
#5495=DIRECTION('',(0.640856382055789,-0.707106781186548,0.29883623873012));
#5496=DIRECTION('',(0.90630778703665,0.,0.422618261740699));
#5497=DIRECTION('',(0.90630778703665,-2.58779050750983E-17,-0.422618261740699));
#5498=DIRECTION('',(0.298836238730119,-0.707106781186548,0.640856382055789));
#5499=DIRECTION('',(0.422618261740699,0.,0.90630778703665));
#5500=DIRECTION('',(0.965925826289068,-1.58480957571588E-17,-0.258819045102521));
#5501=DIRECTION('',(0.18301270189222,-0.707106781186548,0.683012701892219));
#5502=DIRECTION('',(0.258819045102521,0.,0.965925826289068));
#5503=DIRECTION('',(0.819152044288992,-3.51214273421827E-17,-0.573576436351046));
#5504=DIRECTION('',(0.405579787672639,-0.707106781186548,0.579227965339569));
#5505=DIRECTION('',(0.573576436351046,0.,0.819152044288992));
#5506=DIRECTION('',(0.707106781186548,-4.32978028117747E-17,-0.707106781186548));
#5507=DIRECTION('',(0.5,-0.707106781186548,0.5));
#5508=DIRECTION('',(0.707106781186548,0.,0.707106781186548));
#5509=DIRECTION('',(-0.573576436351046,-5.01585964526762E-17,-0.819152044288992));
#5510=DIRECTION('',(0.579227965339569,-0.707106781186548,-0.405579787672639));
#5511=DIRECTION('',(0.819152044288992,0.,-0.573576436351046));
#5512=DIRECTION('',(-0.422618261740699,-5.54953465218377E-17,-0.90630778703665));
#5513=DIRECTION('',(0.640856382055788,-0.707106781186548,-0.29883623873012));
#5514=DIRECTION('',(0.90630778703665,0.,-0.422618261740699));
#5515=DIRECTION('',(-0.0871557427476582,-6.0999332417281E-17,-0.996194698091746));
#5516=DIRECTION('',(0.704416026402759,-0.707106781186548,-0.0616284167162194));
#5517=DIRECTION('',(0.996194698091746,0.,-0.0871557427476582));
#5518=DIRECTION('',(-0.258819045102521,-5.91458985689335E-17,-0.965925826289068));
#5519=DIRECTION('',(0.683012701892219,-0.707106781186548,-0.18301270189222));
#5520=DIRECTION('',(0.965925826289068,0.,-0.258819045102521));
#5521=DIRECTION('',(-0.819152044288992,-3.51214273421827E-17,-0.573576436351046));
#5522=DIRECTION('',(0.405579787672639,-0.707106781186548,-0.579227965339569));
#5523=DIRECTION('',(0.573576436351046,0.,-0.819152044288992));
#5524=DIRECTION('',(-0.707106781186548,-4.32978028117746E-17,-0.707106781186548));
#5525=DIRECTION('',(0.5,-0.707106781186548,-0.5));
#5526=DIRECTION('',(0.707106781186548,0.,-0.707106781186548));
#5527=DIRECTION('',(-0.90630778703665,-2.58779050750983E-17,-0.422618261740699));
#5528=DIRECTION('',(0.29883623873012,-0.707106781186548,-0.640856382055789));
#5529=DIRECTION('',(0.422618261740699,0.,-0.90630778703665));
#5530=DIRECTION('',(-0.965925826289068,-1.58480957571588E-17,-0.258819045102521));
#5531=DIRECTION('',(0.18301270189222,-0.707106781186548,-0.683012701892219));
#5532=DIRECTION('',(0.258819045102521,0.,-0.965925826289068));
#5533=DIRECTION('',(0.,1.,0.));
#5534=DIRECTION('',(0.,0.,1.));
#5535=DIRECTION('',(0.,1.,0.));
#5536=DIRECTION('',(-6.12323399573677E-17,0.,1.));
#5537=DIRECTION('',(0.,1.,0.));
#5538=DIRECTION('',(-6.12323399573677E-17,0.,1.));
#5539=DIRECTION('',(0.,-1.,0.));
#5540=DIRECTION('',(0.,0.,-1.));
#5541=DIRECTION('',(0.,-1.,0.));
#5542=DIRECTION('',(0.,0.,-1.));
#5543=DIRECTION('',(0.,0.,1.));
#5544=DIRECTION('',(1.,0.,0.));
#5545=CARTESIAN_POINT('',(0.,0.,0.));
#5546=CARTESIAN_POINT('',(1.28587913910472E-18,0.006,0.054));
#5547=CARTESIAN_POINT('',(1.28587913910472E-18,-0.00585,0.054));
#5548=CARTESIAN_POINT('',(-0.00197965311124256,-0.006,0.0749064816159761));
#5549=CARTESIAN_POINT('',(-0.00364661173100554,-0.00768027059770082,0.0746809628132564));
#5550=CARTESIAN_POINT('',(1.28587913910472E-18,-0.006,0.054));
#5551=CARTESIAN_POINT('',(-0.00529017241838112,-0.006,0.0743227477419713));
#5552=CARTESIAN_POINT('',(1.28587913910472E-18,-0.00585,0.054));
#5553=CARTESIAN_POINT('',(1.28587913910472E-18,0.006,0.054));
#5554=CARTESIAN_POINT('',(1.28587913910472E-18,-0.00585,0.054));
#5555=CARTESIAN_POINT('',(-0.0105,-0.00768027059770082,0.0721865334794732));
#5556=CARTESIAN_POINT('',(-0.0119219250797183,-0.006,0.0712877905584717));
#5557=CARTESIAN_POINT('',(1.28587913910472E-18,-0.00585,0.054));
#5558=CARTESIAN_POINT('',(-0.0090107032590821,-0.006,0.0729685852602867));
#5559=CARTESIAN_POINT('',(1.28587913910472E-18,-0.006,0.054));
#5560=CARTESIAN_POINT('',(1.28587913910472E-18,0.006,0.054));
#5561=CARTESIAN_POINT('',(1.28587913910472E-18,-0.00585,0.054));
#5562=CARTESIAN_POINT('',(-0.00557995016626784,-0.006,0.0742451020284405));
#5563=CARTESIAN_POINT('',(-0.00718242300983904,-0.00768027059770082,0.0737335450365041));
#5564=CARTESIAN_POINT('',(1.28587913910472E-18,-0.006,0.054));
#5565=CARTESIAN_POINT('',(-0.00873881092297111,-0.006,0.0730953707388089));
#5566=CARTESIAN_POINT('',(1.28587913910472E-18,-0.00585,0.054));
#5567=CARTESIAN_POINT('',(1.28587913910472E-18,0.006,0.054));
#5568=CARTESIAN_POINT('',(1.28587913910472E-18,-0.00585,0.054));
#5569=CARTESIAN_POINT('',(-0.012167670693005,-0.006,0.0711157176275664));
#5570=CARTESIAN_POINT('',(-0.0134985398034173,-0.00768027059770083,0.0700869333054985));
#5571=CARTESIAN_POINT('',(1.28587913910472E-18,-0.006,0.054));
#5572=CARTESIAN_POINT('',(-0.0147427975757035,-0.006,0.0689549296100594));
#5573=CARTESIAN_POINT('',(1.28587913910472E-18,-0.00585,0.054));
#5574=CARTESIAN_POINT('',(1.28587913910472E-18,0.006,0.054));
#5575=CARTESIAN_POINT('',(1.28587913910472E-18,-0.00585,0.054));
#5576=CARTESIAN_POINT('',(0.0119219250797183,-0.006,0.0712877905584717));
#5577=CARTESIAN_POINT('',(0.0105,-0.00768027059770082,0.0721865334794732));
#5578=CARTESIAN_POINT('',(1.28587913910472E-18,-0.006,0.054));
#5579=CARTESIAN_POINT('',(0.00901070325908211,-0.006,0.0729685852602867));
#5580=CARTESIAN_POINT('',(1.28587913910472E-18,-0.00585,0.054));
#5581=CARTESIAN_POINT('',(1.28587913910472E-18,0.006,0.054));
#5582=CARTESIAN_POINT('',(1.28587913910472E-18,-0.00585,0.054));
#5583=CARTESIAN_POINT('',(0.00364661173100553,-0.00768027059770082,0.0746809628132564));
#5584=CARTESIAN_POINT('',(0.00197965311124256,-0.006,0.0749064816159761));
#5585=CARTESIAN_POINT('',(1.28587913910472E-18,-0.00585,0.054));
#5586=CARTESIAN_POINT('',(0.00529017241838112,-0.006,0.0743227477419713));
#5587=CARTESIAN_POINT('',(1.28587913910472E-18,-0.006,0.054));
#5588=CARTESIAN_POINT('',(1.28587913910472E-18,0.006,0.054));
#5589=CARTESIAN_POINT('',(1.28587913910472E-18,-0.00585,0.054));
#5590=CARTESIAN_POINT('',(0.00873881092297111,-0.006,0.073095370738809));
#5591=CARTESIAN_POINT('',(0.00718242300983905,-0.00768027059770082,0.0737335450365041));
#5592=CARTESIAN_POINT('',(1.28587913910472E-18,-0.006,0.054));
#5593=CARTESIAN_POINT('',(0.00557995016626784,-0.006,0.0742451020284406));
#5594=CARTESIAN_POINT('',(1.28587913910472E-18,-0.00585,0.054));
#5595=CARTESIAN_POINT('',(1.28587913910472E-18,0.006,0.054));
#5596=CARTESIAN_POINT('',(1.28587913910472E-18,-0.00585,0.054));
#5597=CARTESIAN_POINT('',(0.0134985398034173,-0.00768027059770082,0.0700869333054986));
#5598=CARTESIAN_POINT('',(0.012167670693005,-0.006,0.0711157176275664));
#5599=CARTESIAN_POINT('',(1.28587913910472E-18,-0.00585,0.054));
#5600=CARTESIAN_POINT('',(0.0147427975757035,-0.006,0.0689549296100594));
#5601=CARTESIAN_POINT('',(1.28587913910472E-18,-0.006,0.054));
#5602=CARTESIAN_POINT('',(1.28587913910472E-18,0.006,0.054));
#5603=CARTESIAN_POINT('',(1.28587913910472E-18,-0.00585,0.054));
#5604=CARTESIAN_POINT('',(5.58040409082566E-19,-0.00768027059770082,0.075));
#5605=CARTESIAN_POINT('',(-0.00168079470181503,-0.006,0.0749326283388004));
#5606=CARTESIAN_POINT('',(1.28587913910472E-18,-0.00585,0.054));
#5607=CARTESIAN_POINT('',(0.00168079470181503,-0.006,0.0749326283388004));
#5608=CARTESIAN_POINT('',(1.28587913910472E-18,-0.006,0.054));
#5609=CARTESIAN_POINT('',(1.28587913910472E-18,0.006,0.054));
#5610=CARTESIAN_POINT('',(1.28587913910472E-18,-0.00585,0.054));
#5611=CARTESIAN_POINT('',(-0.0149549296100594,-0.006,0.0687427975757035));
#5612=CARTESIAN_POINT('',(-0.0160869333054986,-0.00768027059770082,0.0674985398034173));
#5613=CARTESIAN_POINT('',(1.28587913910472E-18,-0.006,0.054));
#5614=CARTESIAN_POINT('',(-0.0168,-0.006,0.0666));
#5615=CARTESIAN_POINT('',(-0.0168,0.006,0.0666));
#5616=CARTESIAN_POINT('',(-0.0168,0.006,0.0666));
#5617=CARTESIAN_POINT('',(1.28587913910472E-18,0.006,0.054));
#5618=CARTESIAN_POINT('',(0.0168,0.006,0.0666));
#5619=CARTESIAN_POINT('',(0.0168,0.006,0.0666));
#5620=CARTESIAN_POINT('',(0.0168,-0.006,0.0666));
#5621=CARTESIAN_POINT('',(1.28587913910472E-18,-0.006,0.054));
#5622=CARTESIAN_POINT('',(0.0149549296100594,-0.006,0.0687427975757035));
#5623=CARTESIAN_POINT('',(1.28587913910472E-18,-0.00585,0.054));
#5624=CARTESIAN_POINT('',(0.0160869333054986,-0.00768027059770082,0.0674985398034173));
#5625=CARTESIAN_POINT('',(1.28587913910472E-18,-0.00585,0.054));
#5626=CARTESIAN_POINT('',(0.0172021929300688,-0.00585,0.066045105163372));
#5627=CARTESIAN_POINT('',(1.28587913910472E-18,-0.00585,0.054));
#5628=CARTESIAN_POINT('',(0.0181865334794732,-0.00768027059770082,0.0645));
#5629=CARTESIAN_POINT('',(1.28587913910472E-18,-0.00585,0.054));
#5630=CARTESIAN_POINT('',(0.0190324635277697,-0.00585,0.0628749834965547));
#5631=CARTESIAN_POINT('',(1.28587913910472E-18,-0.00585,0.054));
#5632=CARTESIAN_POINT('',(0.0197335450365041,-0.00768027059770082,0.0611824230098391));
#5633=CARTESIAN_POINT('',(1.28587913910472E-18,-0.00585,0.054));
#5634=CARTESIAN_POINT('',(0.0202844423520705,-0.00585,0.0594351999471529));
#5635=CARTESIAN_POINT('',(1.28587913910472E-18,-0.00585,0.054));
#5636=CARTESIAN_POINT('',(0.0206809628132563,-0.00768027059770082,0.0576466117310055));
#5637=CARTESIAN_POINT('',(1.28587913910472E-18,-0.00585,0.054));
#5638=CARTESIAN_POINT('',(0.0209200886599267,-0.00585,0.0558302705977008));
#5639=CARTESIAN_POINT('',(1.28587913910472E-18,-0.00585,0.054));
#5640=CARTESIAN_POINT('',(0.021,-0.00768027059770082,0.054));
#5641=CARTESIAN_POINT('',(1.28587913910472E-18,-0.00585,0.054));
#5642=CARTESIAN_POINT('',(0.0209200886599267,-0.00585,0.0521697294022992));
#5643=CARTESIAN_POINT('',(1.28587913910472E-18,-0.00585,0.054));
#5644=CARTESIAN_POINT('',(0.0206809628132563,-0.00768027059770082,0.0503533882689945));
#5645=CARTESIAN_POINT('',(1.28587913910472E-18,-0.00585,0.054));
#5646=CARTESIAN_POINT('',(0.0202844423520705,-0.00585,0.0485648000528471));
#5647=CARTESIAN_POINT('',(1.28587913910472E-18,-0.00585,0.054));
#5648=CARTESIAN_POINT('',(0.0197335450365041,-0.00768027059770083,0.046817576990161));
#5649=CARTESIAN_POINT('',(1.28587913910472E-18,-0.00585,0.054));
#5650=CARTESIAN_POINT('',(0.0190324635277697,-0.00585,0.0451250165034453));
#5651=CARTESIAN_POINT('',(1.28587913910472E-18,-0.00585,0.054));
#5652=CARTESIAN_POINT('',(0.0181865334794732,-0.00768027059770082,0.0435));
#5653=CARTESIAN_POINT('',(1.28587913910472E-18,-0.00585,0.054));
#5654=CARTESIAN_POINT('',(0.0172021929300688,-0.00585,0.0419548948366281));
#5655=CARTESIAN_POINT('',(1.28587913910472E-18,-0.00585,0.054));
#5656=CARTESIAN_POINT('',(0.0160869333054986,-0.00768027059770082,0.0405014601965826));
#5657=CARTESIAN_POINT('',(1.28587913910472E-18,-0.00585,0.054));
#5658=CARTESIAN_POINT('',(0.0148492424049175,-0.00585,0.0391507575950825));
#5659=CARTESIAN_POINT('',(1.28587913910472E-18,-0.00585,0.054));
#5660=CARTESIAN_POINT('',(0.0134985398034173,-0.00768027059770082,0.0379130666945015));
#5661=CARTESIAN_POINT('',(1.28587913910472E-18,-0.00585,0.054));
#5662=CARTESIAN_POINT('',(0.012045105163372,-0.00585,0.0367978070699312));
#5663=CARTESIAN_POINT('',(1.28587913910472E-18,-0.00585,0.054));
#5664=CARTESIAN_POINT('',(0.0105,-0.00768027059770082,0.0358134665205268));
#5665=CARTESIAN_POINT('',(1.28587913910472E-18,-0.00585,0.054));
#5666=CARTESIAN_POINT('',(0.00887498349655469,-0.00585,0.0349675364722303));
#5667=CARTESIAN_POINT('',(1.28587913910472E-18,-0.00585,0.054));
#5668=CARTESIAN_POINT('',(0.00718242300983905,-0.00768027059770083,0.034266454963496));
#5669=CARTESIAN_POINT('',(1.28587913910472E-18,-0.00585,0.054));
#5670=CARTESIAN_POINT('',(0.00543519994715293,-0.00585,0.0337155576479296));
#5671=CARTESIAN_POINT('',(1.28587913910472E-18,-0.00585,0.054));
#5672=CARTESIAN_POINT('',(0.00364661173100553,-0.00768027059770082,0.0333190371867436));
#5673=CARTESIAN_POINT('',(1.28587913910472E-18,-0.00585,0.054));
#5674=CARTESIAN_POINT('',(0.00183027059770082,-0.00585,0.0330799113400733));
#5675=CARTESIAN_POINT('',(1.28587913910472E-18,-0.00585,0.054));
#5676=CARTESIAN_POINT('',(-1.13660216383337E-18,-0.00768027059770082,0.033));
#5677=CARTESIAN_POINT('',(1.28587913910472E-18,-0.00585,0.054));
#5678=CARTESIAN_POINT('',(-0.00183027059770082,-0.00585,0.0330799113400733));
#5679=CARTESIAN_POINT('',(1.28587913910472E-18,-0.00585,0.054));
#5680=CARTESIAN_POINT('',(-0.00364661173100553,-0.00768027059770082,0.0333190371867436));
#5681=CARTESIAN_POINT('',(1.28587913910472E-18,-0.00585,0.054));
#5682=CARTESIAN_POINT('',(-0.00543519994715293,-0.00585,0.0337155576479296));
#5683=CARTESIAN_POINT('',(1.28587913910472E-18,-0.00585,0.054));
#5684=CARTESIAN_POINT('',(-0.00718242300983905,-0.00768027059770083,0.034266454963496));
#5685=CARTESIAN_POINT('',(1.28587913910472E-18,-0.00585,0.054));
#5686=CARTESIAN_POINT('',(-0.0088749834965547,-0.00585,0.0349675364722303));
#5687=CARTESIAN_POINT('',(1.28587913910472E-18,-0.00585,0.054));
#5688=CARTESIAN_POINT('',(-0.0105,-0.00768027059770082,0.0358134665205268));
#5689=CARTESIAN_POINT('',(1.28587913910472E-18,-0.00585,0.054));
#5690=CARTESIAN_POINT('',(-0.012045105163372,-0.00585,0.0367978070699312));
#5691=CARTESIAN_POINT('',(1.28587913910472E-18,-0.00585,0.054));
#5692=CARTESIAN_POINT('',(-0.0134985398034173,-0.00768027059770082,0.0379130666945015));
#5693=CARTESIAN_POINT('',(1.28587913910472E-18,-0.00585,0.054));
#5694=CARTESIAN_POINT('',(-0.0148492424049175,-0.00585,0.0391507575950825));
#5695=CARTESIAN_POINT('',(1.28587913910472E-18,-0.00585,0.054));
#5696=CARTESIAN_POINT('',(-0.0160869333054986,-0.00768027059770082,0.0405014601965827));
#5697=CARTESIAN_POINT('',(1.28587913910472E-18,-0.00585,0.054));
#5698=CARTESIAN_POINT('',(-0.0172021929300688,-0.00585,0.0419548948366281));
#5699=CARTESIAN_POINT('',(1.28587913910472E-18,-0.00585,0.054));
#5700=CARTESIAN_POINT('',(-0.0181865334794732,-0.00768027059770082,0.0435));
#5701=CARTESIAN_POINT('',(1.28587913910472E-18,-0.00585,0.054));
#5702=CARTESIAN_POINT('',(-0.0190324635277697,-0.00585,0.0451250165034453));
#5703=CARTESIAN_POINT('',(1.28587913910472E-18,-0.00585,0.054));
#5704=CARTESIAN_POINT('',(-0.0197335450365041,-0.00768027059770082,0.046817576990161));
#5705=CARTESIAN_POINT('',(1.28587913910472E-18,-0.00585,0.054));
#5706=CARTESIAN_POINT('',(-0.0202844423520705,-0.00585,0.0485648000528471));
#5707=CARTESIAN_POINT('',(1.28587913910472E-18,-0.00585,0.054));
#5708=CARTESIAN_POINT('',(-0.0206809628132563,-0.00768027059770082,0.0503533882689945));
#5709=CARTESIAN_POINT('',(1.28587913910472E-18,-0.00585,0.054));
#5710=CARTESIAN_POINT('',(-0.0209200886599267,-0.00585,0.0521697294022992));
#5711=CARTESIAN_POINT('',(1.28587913910472E-18,-0.00585,0.054));
#5712=CARTESIAN_POINT('',(-0.021,-0.00768027059770082,0.054));
#5713=CARTESIAN_POINT('',(1.28587913910472E-18,-0.00585,0.054));
#5714=CARTESIAN_POINT('',(-0.0209200886599267,-0.00585,0.0558302705977008));
#5715=CARTESIAN_POINT('',(1.28587913910472E-18,-0.00585,0.054));
#5716=CARTESIAN_POINT('',(-0.0206809628132563,-0.00768027059770083,0.0576466117310055));
#5717=CARTESIAN_POINT('',(1.28587913910472E-18,-0.00585,0.054));
#5718=CARTESIAN_POINT('',(-0.0202844423520705,-0.00585,0.0594351999471529));
#5719=CARTESIAN_POINT('',(1.28587913910472E-18,-0.00585,0.054));
#5720=CARTESIAN_POINT('',(-0.0197335450365041,-0.00768027059770082,0.0611824230098391));
#5721=CARTESIAN_POINT('',(1.28587913910472E-18,-0.00585,0.054));
#5722=CARTESIAN_POINT('',(-0.0190324635277697,-0.00585,0.0628749834965547));
#5723=CARTESIAN_POINT('',(1.28587913910472E-18,-0.00585,0.054));
#5724=CARTESIAN_POINT('',(-0.0181865334794732,-0.00768027059770083,0.0645));
#5725=CARTESIAN_POINT('',(1.28587913910472E-18,-0.00585,0.054));
#5726=CARTESIAN_POINT('',(-0.0172021929300688,-0.00585,0.066045105163372));
#5727=CARTESIAN_POINT('',(1.28587913910472E-18,-0.00585,0.054));
#5728=CARTESIAN_POINT('',(0.,-0.006,0.085));
#5729=CARTESIAN_POINT('',(-0.00254211754912365,-0.006,0.0847775935331014));
#5730=CARTESIAN_POINT('',(-0.00176799713573472,-0.006,0.0759293567194306));
#5731=CARTESIAN_POINT('',(0.00254211754912366,-0.006,0.0847775935331014));
#5732=CARTESIAN_POINT('',(0.00176799713573472,-0.006,0.0759293567194306));
#5733=CARTESIAN_POINT('',(-0.000774120413388941,-0.006,0.0761517631863292));
#5734=CARTESIAN_POINT('',(0.00206685554516224,-0.006,0.0759032099966062));
#5735=CARTESIAN_POINT('',(0.00284097595855118,-0.006,0.0847514468102771));
#5736=CARTESIAN_POINT('',(0.00760511112605664,-0.006,0.0829622166154242));
#5737=CARTESIAN_POINT('',(0.0055491301183121,-0.006,0.0752891910351249));
#5738=CARTESIAN_POINT('',(-0.00205598100774455,-0.006,0.0773269744197007));
#5739=CARTESIAN_POINT('',(0.00583890786619882,-0.006,0.0752115453215941));
#5740=CARTESIAN_POINT('',(0.00789488887394337,-0.006,0.0828845709018934));
#5741=CARTESIAN_POINT('',(0.0117377427002887,-0.006,0.0795266006894025));
#5742=CARTESIAN_POINT('',(0.00916165559023989,-0.006,0.0740021640540674));
#5743=CARTESIAN_POINT('',(-0.00257608711004877,-0.006,0.0794755633646649));
#5744=CARTESIAN_POINT('',(0.00943354792635089,-0.006,0.0738753785755452));
#5745=CARTESIAN_POINT('',(0.0120096350363997,-0.006,0.0793998152108803));
#5746=CARTESIAN_POINT('',(0.0144423628155382,-0.006,0.0748873486870005));
#5747=CARTESIAN_POINT('',(0.0124958087930797,-0.006,0.0721073814398105));
#5748=CARTESIAN_POINT('',(-0.00194655402245857,-0.006,0.08222003275281));
#5749=CARTESIAN_POINT('',(0.0127415544063664,-0.006,0.0719353085089052));
#5750=CARTESIAN_POINT('',(0.0146881084288249,-0.006,0.0747152757560952));
#5751=CARTESIAN_POINT('',(0.015393933982822,-0.006,0.069606066017178));
#5752=CARTESIAN_POINT('',(0.015450283168926,-0.006,0.069662415203282));
#5753=CARTESIAN_POINT('',(5.63491861040431E-5,-0.006,0.0850563491861041));
#5754=CARTESIAN_POINT('',(0.015662415203282,-0.006,0.0694502831689261));
#5755=CARTESIAN_POINT('',(0.015606066017178,-0.006,0.069393933982822));
#5756=CARTESIAN_POINT('',(0.0168,-0.006,0.085));
#5757=CARTESIAN_POINT('',(0.0168,-0.006,0.077));
#5758=CARTESIAN_POINT('',(0.,-0.006,0.077));
#5759=CARTESIAN_POINT('',(-0.0168,-0.006,0.077));
#5760=CARTESIAN_POINT('',(-0.0168,-0.006,0.085));
#5761=CARTESIAN_POINT('',(-0.015606066017178,-0.006,0.069393933982822));
#5762=CARTESIAN_POINT('',(-0.0156624152032821,-0.006,0.0694502831689261));
#5763=CARTESIAN_POINT('',(-5.63491861040468E-5,-0.006,0.0850563491861041));
#5764=CARTESIAN_POINT('',(-0.015450283168926,-0.006,0.069662415203282));
#5765=CARTESIAN_POINT('',(-0.015393933982822,-0.006,0.069606066017178));
#5766=CARTESIAN_POINT('',(-0.0146881084288249,-0.006,0.0747152757560952));
#5767=CARTESIAN_POINT('',(-0.0127415544063664,-0.006,0.0719353085089052));
#5768=CARTESIAN_POINT('',(0.00194655402245857,-0.006,0.08222003275281));
#5769=CARTESIAN_POINT('',(-0.0124958087930797,-0.006,0.0721073814398105));
#5770=CARTESIAN_POINT('',(-0.0144423628155382,-0.006,0.0748873486870005));
#5771=CARTESIAN_POINT('',(-0.0120096350363997,-0.006,0.0793998152108803));
#5772=CARTESIAN_POINT('',(-0.00943354792635089,-0.006,0.0738753785755452));
#5773=CARTESIAN_POINT('',(0.00257608711004877,-0.006,0.0794755633646649));
#5774=CARTESIAN_POINT('',(-0.00916165559023989,-0.006,0.0740021640540674));
#5775=CARTESIAN_POINT('',(-0.0117377427002887,-0.006,0.0795266006894025));
#5776=CARTESIAN_POINT('',(-0.00789488887394336,-0.006,0.0828845709018934));
#5777=CARTESIAN_POINT('',(-0.00583890786619882,-0.006,0.0752115453215941));
#5778=CARTESIAN_POINT('',(0.00205598100774455,-0.006,0.0773269744197007));
#5779=CARTESIAN_POINT('',(-0.00554913011831209,-0.006,0.0752891910351249));
#5780=CARTESIAN_POINT('',(-0.00760511112605664,-0.006,0.0829622166154242));
#5781=CARTESIAN_POINT('',(-0.00284097595855118,-0.006,0.0847514468102771));
#5782=CARTESIAN_POINT('',(-0.00206685554516224,-0.006,0.0759032099966063));
#5783=CARTESIAN_POINT('',(0.00077412041338894,-0.006,0.0761517631863292));
#5784=CARTESIAN_POINT('',(0.,0.006,0.054));
#5785=CARTESIAN_POINT('',(1.8982025386784E-19,0.006,0.054));
#5786=CARTESIAN_POINT('',(1.8982025386784E-19,0.006,0.0571));
#5787=CARTESIAN_POINT('',(-0.0168,0.006,0.085));
#5788=CARTESIAN_POINT('',(-0.0168,0.006,0.077));
#5789=CARTESIAN_POINT('',(0.,0.006,0.077));
#5790=CARTESIAN_POINT('',(0.0168,0.006,0.077));
#5791=CARTESIAN_POINT('',(0.0168,0.006,0.085));
#5792=CARTESIAN_POINT('',(-0.0168,0.,0.085));
#5793=CARTESIAN_POINT('',(-0.0168,0.,0.077));
#5794=CARTESIAN_POINT('',(0.0168,0.,0.085));
#5795=CARTESIAN_POINT('',(0.0168,0.,0.077));
#5796=CARTESIAN_POINT('',(0.,2.20436423846524E-18,0.085));
#5797=CARTESIAN_POINT('',(0.,2.20436423846524E-18,0.08));
#5798=CARTESIAN_POINT('',(0.036,2.20436423846524E-18,0.08));
#5799=CARTESIAN_POINT('',(0.,2.20436423846524E-18,0.085));
#5800=CARTESIAN_POINT('',(0.036,-1.92592994438724E-33,0.085));
#5801=CARTESIAN_POINT('',(0.,0.,0.077));
#5802=CARTESIAN_POINT('',(0.,2.20436423846524E-18,0.077));
#5803=CARTESIAN_POINT('',(0.033,2.20436423846524E-18,0.077));
#5804=CARTESIAN_POINT('',(0.028977774788672,-0.00776457135307562,0.077));
#5805=CARTESIAN_POINT('',(0.031177774788672,-0.00776457135307562,0.077));
#5806=CARTESIAN_POINT('',(0.0259807621135331,-0.015,0.077));
#5807=CARTESIAN_POINT('',(0.0281807621135331,-0.015,0.077));
#5808=CARTESIAN_POINT('',(0.0212132034355964,-0.0212132034355965,0.077));
#5809=CARTESIAN_POINT('',(0.0234132034355964,-0.0212132034355965,0.077));
#5810=CARTESIAN_POINT('',(0.015,-0.0259807621135331,0.077));
#5811=CARTESIAN_POINT('',(0.0172,-0.0259807621135331,0.077));
#5812=CARTESIAN_POINT('',(0.00776457135307561,-0.028977774788672,0.077));
#5813=CARTESIAN_POINT('',(0.00996457135307561,-0.028977774788672,0.077));
#5814=CARTESIAN_POINT('',(-5.63785129692462E-18,-0.03,0.077));
#5815=CARTESIAN_POINT('',(0.00219999999999999,-0.03,0.077));
#5816=CARTESIAN_POINT('',(-0.00776457135307562,-0.028977774788672,0.077));
#5817=CARTESIAN_POINT('',(-0.00556457135307562,-0.028977774788672,0.077));
#5818=CARTESIAN_POINT('',(-0.015,-0.0259807621135331,0.077));
#5819=CARTESIAN_POINT('',(-0.0128,-0.0259807621135331,0.077));
#5820=CARTESIAN_POINT('',(-0.0212132034355965,-0.0212132034355964,0.077));
#5821=CARTESIAN_POINT('',(-0.0190132034355965,-0.0212132034355964,0.077));
#5822=CARTESIAN_POINT('',(-0.0259807621135331,-0.015,0.077));
#5823=CARTESIAN_POINT('',(-0.0237807621135331,-0.015,0.077));
#5824=CARTESIAN_POINT('',(-0.028977774788672,-0.00776457135307562,0.077));
#5825=CARTESIAN_POINT('',(-0.026777774788672,-0.00776457135307562,0.077));
#5826=CARTESIAN_POINT('',(-0.03,3.80865154534827E-18,0.077));
#5827=CARTESIAN_POINT('',(-0.0278,3.80865154534827E-18,0.077));
#5828=CARTESIAN_POINT('',(-0.028977774788672,0.00776457135307563,0.077));
#5829=CARTESIAN_POINT('',(-0.026777774788672,0.00776457135307563,0.077));
#5830=CARTESIAN_POINT('',(0.03,1.34711147906209E-19,0.077));
#5831=CARTESIAN_POINT('',(0.0322,1.34711147906209E-19,0.077));
#5832=CARTESIAN_POINT('',(0.028977774788672,0.00776457135307562,0.077));
#5833=CARTESIAN_POINT('',(0.031177774788672,0.00776457135307562,0.077));
#5834=CARTESIAN_POINT('',(0.0259807621135331,0.015,0.077));
#5835=CARTESIAN_POINT('',(0.0281807621135331,0.015,0.077));
#5836=CARTESIAN_POINT('',(0.0212132034355965,0.0212132034355964,0.077));
#5837=CARTESIAN_POINT('',(0.0234132034355965,0.0212132034355964,0.077));
#5838=CARTESIAN_POINT('',(0.015,0.0259807621135331,0.077));
#5839=CARTESIAN_POINT('',(0.0172,0.0259807621135331,0.077));
#5840=CARTESIAN_POINT('',(0.00776457135307562,0.028977774788672,0.077));
#5841=CARTESIAN_POINT('',(0.00996457135307562,0.028977774788672,0.077));
#5842=CARTESIAN_POINT('',(1.7347234759768E-18,0.03,0.077));
#5843=CARTESIAN_POINT('',(0.0022,0.03,0.077));
#5844=CARTESIAN_POINT('',(-0.00776457135307563,0.028977774788672,0.077));
#5845=CARTESIAN_POINT('',(-0.00556457135307563,0.028977774788672,0.077));
#5846=CARTESIAN_POINT('',(-0.015,0.0259807621135331,0.077));
#5847=CARTESIAN_POINT('',(-0.0128,0.0259807621135331,0.077));
#5848=CARTESIAN_POINT('',(-0.0212132034355964,0.0212132034355965,0.077));
#5849=CARTESIAN_POINT('',(-0.0190132034355964,0.0212132034355965,0.077));
#5850=CARTESIAN_POINT('',(-0.0259807621135331,0.015,0.077));
#5851=CARTESIAN_POINT('',(-0.0237807621135331,0.015,0.077));
#5852=CARTESIAN_POINT('',(0.,0.,0.085));
#5853=CARTESIAN_POINT('',(0.028977774788672,-0.00776457135307562,0.085));
#5854=CARTESIAN_POINT('',(0.031177774788672,-0.00776457135307562,0.085));
#5855=CARTESIAN_POINT('',(0.0259807621135331,-0.015,0.085));
#5856=CARTESIAN_POINT('',(0.0281807621135331,-0.015,0.085));
#5857=CARTESIAN_POINT('',(0.0212132034355964,-0.0212132034355965,0.085));
#5858=CARTESIAN_POINT('',(0.0234132034355964,-0.0212132034355965,0.085));
#5859=CARTESIAN_POINT('',(0.015,-0.0259807621135331,0.085));
#5860=CARTESIAN_POINT('',(0.0172,-0.0259807621135331,0.085));
#5861=CARTESIAN_POINT('',(0.00776457135307561,-0.028977774788672,0.085));
#5862=CARTESIAN_POINT('',(0.00996457135307561,-0.028977774788672,0.085));
#5863=CARTESIAN_POINT('',(-5.63785129692462E-18,-0.03,0.085));
#5864=CARTESIAN_POINT('',(0.00219999999999999,-0.03,0.085));
#5865=CARTESIAN_POINT('',(-0.00776457135307562,-0.028977774788672,0.085));
#5866=CARTESIAN_POINT('',(-0.00556457135307562,-0.028977774788672,0.085));
#5867=CARTESIAN_POINT('',(-0.015,-0.0259807621135331,0.085));
#5868=CARTESIAN_POINT('',(-0.0128,-0.0259807621135331,0.085));
#5869=CARTESIAN_POINT('',(-0.0212132034355965,-0.0212132034355964,0.085));
#5870=CARTESIAN_POINT('',(-0.0190132034355965,-0.0212132034355964,0.085));
#5871=CARTESIAN_POINT('',(-0.0259807621135331,-0.015,0.085));
#5872=CARTESIAN_POINT('',(-0.0237807621135331,-0.015,0.085));
#5873=CARTESIAN_POINT('',(-0.028977774788672,-0.00776457135307562,0.085));
#5874=CARTESIAN_POINT('',(-0.026777774788672,-0.00776457135307562,0.085));
#5875=CARTESIAN_POINT('',(-0.03,3.80865154534827E-18,0.085));
#5876=CARTESIAN_POINT('',(-0.0278,3.80865154534827E-18,0.085));
#5877=CARTESIAN_POINT('',(-0.028977774788672,0.00776457135307563,0.085));
#5878=CARTESIAN_POINT('',(-0.026777774788672,0.00776457135307563,0.085));
#5879=CARTESIAN_POINT('',(0.03,1.34711147906209E-19,0.085));
#5880=CARTESIAN_POINT('',(0.0322,1.34711147906209E-19,0.085));
#5881=CARTESIAN_POINT('',(0.028977774788672,0.00776457135307562,0.085));
#5882=CARTESIAN_POINT('',(0.031177774788672,0.00776457135307562,0.085));
#5883=CARTESIAN_POINT('',(0.0259807621135331,0.015,0.085));
#5884=CARTESIAN_POINT('',(0.0281807621135331,0.015,0.085));
#5885=CARTESIAN_POINT('',(0.0212132034355965,0.0212132034355964,0.085));
#5886=CARTESIAN_POINT('',(0.0234132034355965,0.0212132034355964,0.085));
#5887=CARTESIAN_POINT('',(0.015,0.0259807621135331,0.085));
#5888=CARTESIAN_POINT('',(0.0172,0.0259807621135331,0.085));
#5889=CARTESIAN_POINT('',(0.00776457135307562,0.028977774788672,0.085));
#5890=CARTESIAN_POINT('',(0.00996457135307562,0.028977774788672,0.085));
#5891=CARTESIAN_POINT('',(1.7347234759768E-18,0.03,0.085));
#5892=CARTESIAN_POINT('',(0.0022,0.03,0.085));
#5893=CARTESIAN_POINT('',(-0.00776457135307563,0.028977774788672,0.085));
#5894=CARTESIAN_POINT('',(-0.00556457135307563,0.028977774788672,0.085));
#5895=CARTESIAN_POINT('',(-0.015,0.0259807621135331,0.085));
#5896=CARTESIAN_POINT('',(-0.0128,0.0259807621135331,0.085));
#5897=CARTESIAN_POINT('',(-0.0212132034355964,0.0212132034355965,0.085));
#5898=CARTESIAN_POINT('',(-0.0190132034355964,0.0212132034355965,0.085));
#5899=CARTESIAN_POINT('',(-0.0259807621135331,0.015,0.085));
#5900=CARTESIAN_POINT('',(-0.0237807621135331,0.015,0.085));
#5901=CARTESIAN_POINT('',(-0.0259807621135331,0.015,0.0851));
#5902=CARTESIAN_POINT('',(-0.0212132034355964,0.0212132034355965,0.0851));
#5903=CARTESIAN_POINT('',(-0.015,0.0259807621135331,0.0851));
#5904=CARTESIAN_POINT('',(-0.00776457135307563,0.028977774788672,0.0851));
#5905=CARTESIAN_POINT('',(1.7347234759768E-18,0.03,0.0851));
#5906=CARTESIAN_POINT('',(0.00776457135307562,0.028977774788672,0.0851));
#5907=CARTESIAN_POINT('',(0.015,0.0259807621135331,0.0851));
#5908=CARTESIAN_POINT('',(0.0212132034355965,0.0212132034355964,0.0851));
#5909=CARTESIAN_POINT('',(0.0259807621135331,0.015,0.0851));
#5910=CARTESIAN_POINT('',(0.028977774788672,0.00776457135307562,0.0851));
#5911=CARTESIAN_POINT('',(0.03,1.34711147906209E-19,0.0851));
#5912=CARTESIAN_POINT('',(-0.028977774788672,0.00776457135307563,0.0851));
#5913=CARTESIAN_POINT('',(-0.03,3.80865154534827E-18,0.0851));
#5914=CARTESIAN_POINT('',(-0.028977774788672,-0.00776457135307562,0.0851));
#5915=CARTESIAN_POINT('',(-0.0259807621135331,-0.015,0.0851));
#5916=CARTESIAN_POINT('',(-0.0212132034355965,-0.0212132034355964,0.0851));
#5917=CARTESIAN_POINT('',(-0.015,-0.0259807621135331,0.0851));
#5918=CARTESIAN_POINT('',(-0.00776457135307562,-0.028977774788672,0.0851));
#5919=CARTESIAN_POINT('',(-5.63785129692462E-18,-0.03,0.0851));
#5920=CARTESIAN_POINT('',(0.00776457135307561,-0.028977774788672,0.0851));
#5921=CARTESIAN_POINT('',(0.015,-0.0259807621135331,0.0851));
#5922=CARTESIAN_POINT('',(0.0212132034355964,-0.0212132034355965,0.0851));
#5923=CARTESIAN_POINT('',(0.0259807621135331,-0.015,0.0851));
#5924=CARTESIAN_POINT('',(0.028977774788672,-0.00776457135307562,0.0851));
#5925=CARTESIAN_POINT('',(0.0176188274024649,-0.00797745804250958,0.0534058630757233));
#5926=CARTESIAN_POINT('',(0.0174334072166056,-0.00585,0.055525225498084));
#5927=CARTESIAN_POINT('',(0.0129505310751927,-0.00585,0.0551330246557196));
#5928=CARTESIAN_POINT('',(0.0131359512610521,-0.00797745804250958,0.0530136622333589));
#5929=CARTESIAN_POINT('',(0.0129636044366048,-0.006,0.0549835954510058));
#5930=CARTESIAN_POINT('',(0.0174464805780177,-0.006,0.0553757962933703));
#5931=CARTESIAN_POINT('',(0.0139589985981247,-0.006,0.0550706811558787));
#5932=CARTESIAN_POINT('',(8.57252759403147E-19,-0.00585,0.054));
#5933=CARTESIAN_POINT('',(0.014,-0.00707018039846722,0.054));
#5934=CARTESIAN_POINT('',(0.0176700239046049,-0.00739004405777472,0.054));
#5935=CARTESIAN_POINT('',(0.0173406971236759,-0.00691372902125479,0.0565849067092644));
#5936=CARTESIAN_POINT('',(0.0172203499203285,-0.00737400545496335,0.0570364123081948));
#5937=CARTESIAN_POINT('',(0.0137873085421709,-0.00707018039846721,0.056431074487337));
#5938=CARTESIAN_POINT('',(8.57252759403147E-19,-0.00585,0.054));
#5939=CARTESIAN_POINT('',(0.0139328518753004,-0.006,0.0553695395653062));
#5940=CARTESIAN_POINT('',(0.0174203338551934,-0.006,0.0556746547027978));
#5941=CARTESIAN_POINT('',(0.0129374577137805,-0.006,0.0552824538604333));
#5942=CARTESIAN_POINT('',(0.012857820982263,-0.00691372902125479,0.0561927058668999));
#5943=CARTESIAN_POINT('',(0.0149612836532897,-0.00797745804250958,0.0446760486290176));
#5944=CARTESIAN_POINT('',(0.0158603862731413,-0.00585,0.0466041804195378));
#5945=CARTESIAN_POINT('',(0.0117820012314764,-0.00585,0.0485059625973709));
#5946=CARTESIAN_POINT('',(0.0108828986116248,-0.00797745804250958,0.0465778308068507));
#5947=CARTESIAN_POINT('',(0.0117186084922153,-0.006,0.0483700164293154));
#5948=CARTESIAN_POINT('',(0.0157969935338803,-0.006,0.0464682342514823));
#5949=CARTESIAN_POINT('',(0.0126241879753067,-0.006,0.0479477377812819));
#5950=CARTESIAN_POINT('',(8.57252759403147E-19,-0.00585,0.054));
#5951=CARTESIAN_POINT('',(0.0121243556529821,-0.00707018039846722,0.047));
#5952=CARTESIAN_POINT('',(0.0151433215746393,-0.00737400545496335,0.0452569992124569));
#5953=CARTESIAN_POINT('',(0.0163099375830672,-0.00691372902125479,0.0475682463147978));
#5954=CARTESIAN_POINT('',(0.0164314666471592,-0.00737400545496336,0.0480194352350962));
#5955=CARTESIAN_POINT('',(0.0131556966910027,-0.00707018039846722,0.0492117179934406));
#5956=CARTESIAN_POINT('',(8.57252759403147E-19,-0.00585,0.054));
#5957=CARTESIAN_POINT('',(0.0127509734538289,-0.006,0.0482196301173929));
#5958=CARTESIAN_POINT('',(0.0159237790124025,-0.006,0.0467401265875933));
#5959=CARTESIAN_POINT('',(0.0118453939707375,-0.006,0.0486419087654264));
#5960=CARTESIAN_POINT('',(0.0122315525414023,-0.00691372902125479,0.049470028492631));
#5961=CARTESIAN_POINT('',(0.0171790152895877,-0.00691372902125479,0.0504981500445091));
#5962=CARTESIAN_POINT('',(0.0172203499203285,-0.00737400545496335,0.0509635876918052));
#5963=CARTESIAN_POINT('',(0.0137873085421709,-0.00707018039846721,0.051568925512663));
#5964=CARTESIAN_POINT('',(8.57252759403147E-19,-0.00585,0.054));
#5965=CARTESIAN_POINT('',(0.0135610082121391,-0.006,0.050521630228067));
#5966=CARTESIAN_POINT('',(0.016942524816824,-0.006,0.0496155555846493));
#5967=CARTESIAN_POINT('',(0.0125958585985233,-0.006,0.0507802412876106));
#5968=CARTESIAN_POINT('',(0.0128323490712869,-0.00691372902125479,0.0516628357474704));
#5969=CARTESIAN_POINT('',(0.0125570357417579,-0.00585,0.0506353524136672));
#5970=CARTESIAN_POINT('',(0.0169037019600587,-0.00585,0.0494706667107059));
#5971=CARTESIAN_POINT('',(0.0163530753010007,-0.00797745804250958,0.0474157000430995));
#5972=CARTESIAN_POINT('',(0.0120064090826999,-0.00797745804250958,0.0485803857460608));
#5973=CARTESIAN_POINT('',(0.0125182128849925,-0.006,0.0504904635397239));
#5974=CARTESIAN_POINT('',(0.0168648791032933,-0.006,0.0493257778367625));
#5975=CARTESIAN_POINT('',(0.0134833624986083,-0.006,0.0502318524801803));
#5976=CARTESIAN_POINT('',(8.57252759403147E-19,-0.00585,0.054));
#5977=CARTESIAN_POINT('',(0.0172479870307461,-0.00797745804250958,0.0503554120795553));
#5978=CARTESIAN_POINT('',(0.0174334072166056,-0.00585,0.052474774501916));
#5979=CARTESIAN_POINT('',(0.0129505310751927,-0.00585,0.0528669753442804));
#5980=CARTESIAN_POINT('',(0.0127651108893333,-0.00797745804250958,0.0507476129219198));
#5981=CARTESIAN_POINT('',(0.0129374577137805,-0.006,0.0527175461395667));
#5982=CARTESIAN_POINT('',(0.0174203338551934,-0.006,0.0523253452972022));
#5983=CARTESIAN_POINT('',(0.0139328518753004,-0.006,0.0526304604346938));
#5984=CARTESIAN_POINT('',(8.57252759403147E-19,-0.00585,0.054));
#5985=CARTESIAN_POINT('',(0.0149452906763119,-0.00691372902125479,0.0448337681661871));
#5986=CARTESIAN_POINT('',(8.57252759403147E-19,-0.00585,0.054));
#5987=CARTESIAN_POINT('',(0.011553506819428,-0.006,0.0460932636205935));
#5988=CARTESIAN_POINT('',(0.01442119724051,-0.006,0.0440852851705001));
#5989=CARTESIAN_POINT('',(0.0107350130412095,-0.006,0.0466663791340797));
#5990=CARTESIAN_POINT('',(0.0112591064770114,-0.00691372902125479,0.0474148621297668));
#5991=CARTESIAN_POINT('',(0.0106489765757569,-0.00585,0.0465435063274364));
#5992=CARTESIAN_POINT('',(0.0143351607750573,-0.00585,0.0439624123638567));
#5993=CARTESIAN_POINT('',(-0.0172479870307461,-0.00797745804250958,0.0576445879204447));
#5994=CARTESIAN_POINT('',(-0.0174334072166056,-0.00585,0.055525225498084));
#5995=CARTESIAN_POINT('',(-0.0129505310751927,-0.00585,0.0551330246557196));
#5996=CARTESIAN_POINT('',(-0.0127651108893333,-0.00797745804250958,0.0572523870780802));
#5997=CARTESIAN_POINT('',(-0.0129374577137805,-0.006,0.0552824538604333));
#5998=CARTESIAN_POINT('',(-0.0174203338551934,-0.006,0.0556746547027978));
#5999=CARTESIAN_POINT('',(-0.0139328518753004,-0.006,0.0553695395653062));
#6000=CARTESIAN_POINT('',(8.57252759403147E-19,-0.00585,0.054));
#6001=CARTESIAN_POINT('',(-0.0137873085421709,-0.00707018039846722,0.056431074487337));
#6002=CARTESIAN_POINT('',(-0.0172203499203285,-0.00737400545496336,0.0570364123081948));
#6003=CARTESIAN_POINT('',(-0.00643175368520216,-0.00691372902125479,0.0376900624169328));
#6004=CARTESIAN_POINT('',(-0.00598056476490383,-0.00737400545496336,0.0375685333528408));
#6005=CARTESIAN_POINT('',(-0.00478828200655936,-0.00707018039846722,0.0408443033089973));
#6006=CARTESIAN_POINT('',(8.57252759403147E-19,-0.00585,0.054));
#6007=CARTESIAN_POINT('',(-0.00578036988260712,-0.006,0.0412490265461712));
#6008=CARTESIAN_POINT('',(-0.00725987341240675,-0.006,0.0380762209875975));
#6009=CARTESIAN_POINT('',(-0.0053580912345736,-0.006,0.0421546060292624));
#6010=CARTESIAN_POINT('',(-0.00452997150736901,-0.00691372902125479,0.0417684474585977));
#6011=CARTESIAN_POINT('',(-0.0054940374026291,-0.00585,0.0422179987685235));
#6012=CARTESIAN_POINT('',(-0.00739581958046225,-0.00585,0.0381396137268586));
#6013=CARTESIAN_POINT('',(-0.0154108349632155,-0.00691372902125479,0.0456401145242777));
#6014=CARTESIAN_POINT('',(-0.0151433215746393,-0.00737400545496335,0.0452569992124569));
#6015=CARTESIAN_POINT('',(-0.0121243556529821,-0.00707018039846722,0.047));
#6016=CARTESIAN_POINT('',(8.57252759403147E-19,-0.00585,0.054));
#6017=CARTESIAN_POINT('',(-0.0126241879753067,-0.006,0.0479477377812819));
#6018=CARTESIAN_POINT('',(-0.0157969935338803,-0.006,0.0464682342514823));
#6019=CARTESIAN_POINT('',(-0.0117186084922153,-0.006,0.0483700164293154));
#6020=CARTESIAN_POINT('',(-0.0113324499215506,-0.00691372902125479,0.0475418967021108));
#6021=CARTESIAN_POINT('',(-0.0117820012314764,-0.00585,0.0485059625973709));
#6022=CARTESIAN_POINT('',(-0.0158603862731414,-0.00585,0.0466041804195378));
#6023=CARTESIAN_POINT('',(-0.0173406971236759,-0.00691372902125479,0.0514150932907357));
#6024=CARTESIAN_POINT('',(-0.0172203499203285,-0.00737400545496336,0.0509635876918052));
#6025=CARTESIAN_POINT('',(-0.0137873085421709,-0.00707018039846722,0.051568925512663));
#6026=CARTESIAN_POINT('',(8.57252759403147E-19,-0.00585,0.054));
#6027=CARTESIAN_POINT('',(-0.0139328518753004,-0.006,0.0526304604346938));
#6028=CARTESIAN_POINT('',(-0.0174203338551934,-0.006,0.0523253452972022));
#6029=CARTESIAN_POINT('',(-0.0129374577137805,-0.006,0.0527175461395667));
#6030=CARTESIAN_POINT('',(-0.012857820982263,-0.00691372902125479,0.0518072941331001));
#6031=CARTESIAN_POINT('',(-0.0129505310751927,-0.00585,0.0528669753442805));
#6032=CARTESIAN_POINT('',(-0.0174334072166056,-0.00585,0.052474774501916));
#6033=CARTESIAN_POINT('',(-0.0175261173095353,-0.00691372902125479,0.0544655442869037));
#6034=CARTESIAN_POINT('',(-0.0174860015750861,-0.00737400545496335,0.054));
#6035=CARTESIAN_POINT('',(-0.014,-0.00707018039846721,0.054));
#6036=CARTESIAN_POINT('',(8.57252759403147E-19,-0.00585,0.054));
#6037=CARTESIAN_POINT('',(-0.0139589985981247,-0.006,0.0550706811558787));
#6038=CARTESIAN_POINT('',(-0.0174464805780177,-0.006,0.0553757962933703));
#6039=CARTESIAN_POINT('',(-0.0129636044366048,-0.006,0.0549835954510058));
#6040=CARTESIAN_POINT('',(-0.0130432411681224,-0.00691372902125479,0.0540733434445392));
#6041=CARTESIAN_POINT('',(-0.0176188274024649,-0.00797745804250958,0.0545941369242767));
#6042=CARTESIAN_POINT('',(-0.0131359512610521,-0.00797745804250958,0.0549863377666411));
#6043=CARTESIAN_POINT('',(-0.0129636044366048,-0.006,0.0530164045489942));
#6044=CARTESIAN_POINT('',(-0.0174464805780177,-0.006,0.0526242037066297));
#6045=CARTESIAN_POINT('',(-0.0139589985981247,-0.006,0.0529293188441213));
#6046=CARTESIAN_POINT('',(8.57252759403147E-19,-0.00585,0.054));
#6047=CARTESIAN_POINT('',(-0.0167594888929931,-0.00797745804250958,0.0485323122100579));
#6048=CARTESIAN_POINT('',(-0.0126811038513281,-0.00797745804250958,0.0504340943878911));
#6049=CARTESIAN_POINT('',(-0.0118453939707376,-0.006,0.0486419087654264));
#6050=CARTESIAN_POINT('',(-0.0159237790124025,-0.006,0.0467401265875933));
#6051=CARTESIAN_POINT('',(-0.0127509734538289,-0.006,0.0482196301173929));
#6052=CARTESIAN_POINT('',(8.57252759403147E-19,-0.00585,0.054));
#6053=CARTESIAN_POINT('',(-0.0131556966910027,-0.00707018039846721,0.0492117179934406));
#6054=CARTESIAN_POINT('',(-0.0164314666471592,-0.00737400545496335,0.0480194352350962));
#6055=CARTESIAN_POINT('',(-0.0166283886305297,-0.00691372902125479,0.0484431833769027));
#6056=CARTESIAN_POINT('',(8.57252759403147E-19,-0.00585,0.054));
#6057=CARTESIAN_POINT('',(-0.0134833624986083,-0.006,0.0502318524801803));
#6058=CARTESIAN_POINT('',(-0.0168648791032933,-0.006,0.0493257778367625));
#6059=CARTESIAN_POINT('',(-0.0125182128849925,-0.006,0.0504904635397239));
#6060=CARTESIAN_POINT('',(-0.0122817224122289,-0.00691372902125479,0.049607869079864));
#6061=CARTESIAN_POINT('',(-0.0125570357417579,-0.00585,0.0506353524136672));
#6062=CARTESIAN_POINT('',(-0.0169037019600587,-0.00585,0.0494706667107059));
#6063=CARTESIAN_POINT('',(-0.0174543286191167,-0.00797745804250958,0.0515256333783123));
#6064=CARTESIAN_POINT('',(-0.0131076624008159,-0.00797745804250958,0.0526903190812736));
#6065=CARTESIAN_POINT('',(-0.0125958585985233,-0.006,0.0507802412876106));
#6066=CARTESIAN_POINT('',(-0.016942524816824,-0.006,0.0496155555846492));
#6067=CARTESIAN_POINT('',(-0.0135610082121391,-0.006,0.050521630228067));
#6068=CARTESIAN_POINT('',(8.57252759403147E-19,-0.00585,0.054));
#6069=CARTESIAN_POINT('',(-0.0117802992408041,-0.00797745804250958,0.0408850990274517));
#6070=CARTESIAN_POINT('',(-0.0100375876361433,-0.00585,0.0396648392249427));
#6071=CARTESIAN_POINT('',(-0.0074564936725636,-0.00585,0.0433510234242431));
#6072=CARTESIAN_POINT('',(-0.00919920527722438,-0.00797745804250958,0.0445712832267521));
#6073=CARTESIAN_POINT('',(-0.00757936647920695,-0.006,0.0434370598896957));
#6074=CARTESIAN_POINT('',(-0.0101604604427867,-0.006,0.0397508756903953));
#6075=CARTESIAN_POINT('',(-0.00815248199269324,-0.006,0.0426185661114773));
#6076=CARTESIAN_POINT('',(8.57252759403147E-19,-0.00585,0.054));
#6077=CARTESIAN_POINT('',(-0.00899902653561155,-0.00707018039846722,0.0432753777963343));
#6078=CARTESIAN_POINT('',(-0.0112397851554247,-0.00737400545496335,0.0406049456610355));
#6079=CARTESIAN_POINT('',(-0.00916623183381292,-0.00691372902125479,0.0390547093236881));
#6080=CARTESIAN_POINT('',(-0.00874300078754307,-0.00737400545496335,0.0388566784253607));
#6081=CARTESIAN_POINT('',(-0.007,-0.00707018039846721,0.0418756443470178));
#6082=CARTESIAN_POINT('',(8.57252759403147E-19,-0.00585,0.054));
#6083=CARTESIAN_POINT('',(-0.00790673637940655,-0.006,0.042446493180572));
#6084=CARTESIAN_POINT('',(-0.00991471482949996,-0.006,0.03957880275949));
#6085=CARTESIAN_POINT('',(-0.00733362086592026,-0.006,0.0432649869587905));
#6086=CARTESIAN_POINT('',(-0.00658513787023322,-0.00691372902125479,0.0427408935229886));
#6087=CARTESIAN_POINT('',(-0.00932395137098242,-0.00797745804250958,0.0390387163467103));
#6088=CARTESIAN_POINT('',(-0.00742216919314928,-0.00797745804250958,0.0431171013883752));
#6089=CARTESIAN_POINT('',(-0.0056299835706846,-0.006,0.0422813915077846));
#6090=CARTESIAN_POINT('',(-0.00753176574851774,-0.006,0.0382030064661198));
#6091=CARTESIAN_POINT('',(-0.00605226221871812,-0.006,0.0413758120246933));
#6092=CARTESIAN_POINT('',(8.57252759403147E-19,-0.00585,0.054));
#6093=CARTESIAN_POINT('',(-0.013878708679313,-0.00797745804250958,0.0431299713377838));
#6094=CARTESIAN_POINT('',(-0.0123743686707646,-0.00585,0.0416256313292354));
#6095=CARTESIAN_POINT('',(-0.00919238815542512,-0.00585,0.0448076118445749));
#6096=CARTESIAN_POINT('',(-0.0106967281639735,-0.00797745804250958,0.0463119518531233));
#6097=CARTESIAN_POINT('',(-0.0092984541726031,-0.006,0.0449136778617529));
#6098=CARTESIAN_POINT('',(-0.0124804346879426,-0.006,0.0417316973464134));
#6099=CARTESIAN_POINT('',(-0.0100049927266753,-0.006,0.0442071393076807));
#6100=CARTESIAN_POINT('',(8.57252759403147E-19,-0.00585,0.054));
#6101=CARTESIAN_POINT('',(-0.0107246222036657,-0.00707018039846722,0.0450009734643885));
#6102=CARTESIAN_POINT('',(-0.0133950543389644,-0.00737400545496335,0.0427602148445754));
#6103=CARTESIAN_POINT('',(-0.0137250308738028,-0.00691372902125479,0.0430910565615263));
#6104=CARTESIAN_POINT('',(8.57252759403147E-19,-0.00585,0.054));
#6105=CARTESIAN_POINT('',(-0.0113814338885227,-0.006,0.0458475180073068));
#6106=CARTESIAN_POINT('',(-0.0142491243096047,-0.006,0.0438395395572133));
#6107=CARTESIAN_POINT('',(-0.0105629401103042,-0.006,0.0464206335207931));
#6108=CARTESIAN_POINT('',(-0.0100388466745024,-0.00691372902125479,0.045672150525106));
#6109=CARTESIAN_POINT('',(-0.0106489765757569,-0.00585,0.0465435063274364));
#6110=CARTESIAN_POINT('',(-0.0143351607750574,-0.00585,0.0439624123638567));
#6111=CARTESIAN_POINT('',(-0.0116221986664904,-0.00691372902125479,0.0408734613249612));
#6112=CARTESIAN_POINT('',(8.57252759403147E-19,-0.00585,0.054));
#6113=CARTESIAN_POINT('',(-0.00979286069231937,-0.006,0.0439950072733247));
#6114=CARTESIAN_POINT('',(-0.0122683026535866,-0.006,0.0415195653120575));
#6115=CARTESIAN_POINT('',(-0.00908632213824714,-0.006,0.0447015458273969));
#6116=CARTESIAN_POINT('',(-0.00844021815115093,-0.00691372902125479,0.0440554418403007));
#6117=CARTESIAN_POINT('',(-0.0155554205775664,-0.00797745804250958,0.0457051239685175));
#6118=CARTESIAN_POINT('',(-0.0118692363782659,-0.00797745804250958,0.0482862179320972));
#6119=CARTESIAN_POINT('',(-0.0107350130412095,-0.006,0.0466663791340797));
#6120=CARTESIAN_POINT('',(-0.01442119724051,-0.006,0.0440852851705001));
#6121=CARTESIAN_POINT('',(-0.011553506819428,-0.006,0.0460932636205935));
#6122=CARTESIAN_POINT('',(8.57252759403147E-19,-0.00585,0.054));
#6123=CARTESIAN_POINT('',(0.00546768778994207,-0.00797745804250958,0.0372405111070069));
#6124=CARTESIAN_POINT('',(0.00739581958046224,-0.00585,0.0381396137268586));
#6125=CARTESIAN_POINT('',(0.0054940374026291,-0.00585,0.0422179987685235));
#6126=CARTESIAN_POINT('',(0.00356590561210892,-0.00797745804250958,0.0413188961486719));
#6127=CARTESIAN_POINT('',(0.0053580912345736,-0.006,0.0421546060292624));
#6128=CARTESIAN_POINT('',(0.00725987341240675,-0.006,0.0380762209875975));
#6129=CARTESIAN_POINT('',(0.00578036988260712,-0.006,0.0412490265461712));
#6130=CARTESIAN_POINT('',(8.57252759403147E-19,-0.00585,0.054));
#6131=CARTESIAN_POINT('',(0.00478828200655936,-0.00707018039846722,0.0408443033089973));
#6132=CARTESIAN_POINT('',(0.00598056476490383,-0.00737400545496336,0.0375685333528408));
#6133=CARTESIAN_POINT('',(0.0109089434384737,-0.00691372902125479,0.0402749691261972));
#6134=CARTESIAN_POINT('',(0.0112397851554247,-0.00737400545496335,0.0406049456610356));
#6135=CARTESIAN_POINT('',(0.00899902653561155,-0.00707018039846721,0.0432753777963343));
#6136=CARTESIAN_POINT('',(8.57252759403147E-19,-0.00585,0.054));
#6137=CARTESIAN_POINT('',(0.00815248199269324,-0.006,0.0426185661114773));
#6138=CARTESIAN_POINT('',(0.0101604604427866,-0.006,0.0397508756903953));
#6139=CARTESIAN_POINT('',(0.00757936647920695,-0.006,0.0434370598896957));
#6140=CARTESIAN_POINT('',(0.00832784947489399,-0.00691372902125479,0.0439611533254976));
#6141=CARTESIAN_POINT('',(0.0074564936725636,-0.00585,0.0433510234242431));
#6142=CARTESIAN_POINT('',(0.0100375876361433,-0.00585,0.0396648392249427));
#6143=CARTESIAN_POINT('',(0.00835988547572233,-0.00691372902125479,0.0385891650367845));
#6144=CARTESIAN_POINT('',(0.00874300078754307,-0.00737400545496335,0.0388566784253607));
#6145=CARTESIAN_POINT('',(0.007,-0.00707018039846722,0.0418756443470178));
#6146=CARTESIAN_POINT('',(8.57252759403147E-19,-0.00585,0.054));
#6147=CARTESIAN_POINT('',(0.00605226221871812,-0.006,0.0413758120246933));
#6148=CARTESIAN_POINT('',(0.00753176574851774,-0.006,0.0382030064661198));
#6149=CARTESIAN_POINT('',(0.00562998357068459,-0.006,0.0422813915077846));
#6150=CARTESIAN_POINT('',(0.00645810329788919,-0.00691372902125479,0.0426675500784494));
#6151=CARTESIAN_POINT('',(0.00829487603148253,-0.00797745804250958,0.0384445794224337));
#6152=CARTESIAN_POINT('',(0.00571378206790283,-0.00797745804250958,0.0421307636217341));
#6153=CARTESIAN_POINT('',(0.00733362086592025,-0.006,0.0432649869587905));
#6154=CARTESIAN_POINT('',(0.00991471482949996,-0.006,0.03957880275949));
#6155=CARTESIAN_POINT('',(0.00790673637940655,-0.006,0.042446493180572));
#6156=CARTESIAN_POINT('',(8.57252759403147E-19,-0.00585,0.054));
#6157=CARTESIAN_POINT('',(0.0131149009725483,-0.00797745804250958,0.0422197007591959));
#6158=CARTESIAN_POINT('',(0.00942871677324788,-0.00797745804250958,0.0448007947227756));
#6159=CARTESIAN_POINT('',(0.0105629401103042,-0.006,0.0464206335207931));
#6160=CARTESIAN_POINT('',(0.0142491243096047,-0.006,0.0438395395572133));
#6161=CARTESIAN_POINT('',(0.0113814338885227,-0.006,0.0458475180073068));
#6162=CARTESIAN_POINT('',(8.57252759403147E-19,-0.00585,0.054));
#6163=CARTESIAN_POINT('',(0.0107246222036657,-0.00707018039846721,0.0450009734643885));
#6164=CARTESIAN_POINT('',(0.0133950543389644,-0.00737400545496335,0.0427602148445754));
#6165=CARTESIAN_POINT('',(0.0131265386750388,-0.00691372902125479,0.0423778013335096));
#6166=CARTESIAN_POINT('',(8.57252759403147E-19,-0.00585,0.054));
#6167=CARTESIAN_POINT('',(0.0100049927266753,-0.006,0.0442071393076807));
#6168=CARTESIAN_POINT('',(0.0124804346879426,-0.006,0.0417316973464134));
#6169=CARTESIAN_POINT('',(0.0092984541726031,-0.006,0.0449136778617529));
#6170=CARTESIAN_POINT('',(0.00994455815969931,-0.00691372902125479,0.0455597818488491));
#6171=CARTESIAN_POINT('',(0.00919238815542512,-0.00585,0.0448076118445749));
#6172=CARTESIAN_POINT('',(0.0123743686707646,-0.00585,0.0416256313292354));
#6173=CARTESIAN_POINT('',(0.0108700286622162,-0.00797745804250958,0.040121291320687));
#6174=CARTESIAN_POINT('',(0.00768804814687674,-0.00797745804250958,0.0433032718360265));
#6175=CARTESIAN_POINT('',(0.00908632213824714,-0.006,0.0447015458273969));
#6176=CARTESIAN_POINT('',(0.0122683026535866,-0.006,0.0415195653120575));
#6177=CARTESIAN_POINT('',(0.00979286069231937,-0.006,0.0439950072733247));
#6178=CARTESIAN_POINT('',(8.57252759403147E-19,-0.00585,0.054));
#6179=CARTESIAN_POINT('',(-0.000594136924276668,-0.00797745804250958,0.0363811725975351));
#6180=CARTESIAN_POINT('',(0.00152522549808402,-0.00585,0.0365665927833944));
#6181=CARTESIAN_POINT('',(0.00113302465571955,-0.00585,0.0410494689248073));
#6182=CARTESIAN_POINT('',(-0.000986337766641129,-0.00797745804250958,0.0408640487389479));
#6183=CARTESIAN_POINT('',(0.000983595451005794,-0.006,0.0410363955633952));
#6184=CARTESIAN_POINT('',(0.00137579629337025,-0.006,0.0365535194219823));
#6185=CARTESIAN_POINT('',(0.00107068115587867,-0.006,0.0400410014018753));
#6186=CARTESIAN_POINT('',(8.57252759403147E-19,-0.00585,0.054));
#6187=CARTESIAN_POINT('',(-6.00266413779367E-19,-0.00707018039846721,0.04));
#6188=CARTESIAN_POINT('',(-8.67361737988404E-19,-0.00737400545496335,0.0365139984249138));
#6189=CARTESIAN_POINT('',(0.00258490670926435,-0.00691372902125479,0.0366593028763241));
#6190=CARTESIAN_POINT('',(0.00303641230819478,-0.00737400545496335,0.0367796500796715));
#6191=CARTESIAN_POINT('',(0.00243107448733702,-0.00707018039846721,0.0402126914578291));
#6192=CARTESIAN_POINT('',(8.57252759403147E-19,-0.00585,0.054));
#6193=CARTESIAN_POINT('',(0.00136953956530619,-0.006,0.0400671481246997));
#6194=CARTESIAN_POINT('',(0.00167465470279778,-0.006,0.0365796661448066));
#6195=CARTESIAN_POINT('',(0.00128245386043331,-0.006,0.0410625422862195));
#6196=CARTESIAN_POINT('',(0.0021927058668999,-0.00691372902125479,0.041142179017737));
#6197=CARTESIAN_POINT('',(0.00247436662168772,-0.00797745804250958,0.0365456713808833));
#6198=CARTESIAN_POINT('',(0.00452933328929411,-0.00585,0.0370962980399413));
#6199=CARTESIAN_POINT('',(0.00336464758633277,-0.00585,0.0414429642582421));
#6200=CARTESIAN_POINT('',(0.00130968091872638,-0.00797745804250958,0.0408923375991841));
#6201=CARTESIAN_POINT('',(0.0032197587123894,-0.006,0.0414041414014767));
#6202=CARTESIAN_POINT('',(0.00438444441535075,-0.006,0.037057475183176));
#6203=CARTESIAN_POINT('',(0.00347836977193297,-0.006,0.040438991787861));
#6204=CARTESIAN_POINT('',(8.57252759403147E-19,-0.00585,0.054));
#6205=CARTESIAN_POINT('',(-0.0036445879204447,-0.00797745804250958,0.0367520129692539));
#6206=CARTESIAN_POINT('',(-0.00152522549808402,-0.00585,0.0365665927833944));
#6207=CARTESIAN_POINT('',(-0.00113302465571956,-0.00585,0.0410494689248073));
#6208=CARTESIAN_POINT('',(-0.00325238707808024,-0.00797745804250958,0.0412348891106667));
#6209=CARTESIAN_POINT('',(-0.00128245386043332,-0.006,0.0410625422862195));
#6210=CARTESIAN_POINT('',(-0.00167465470279778,-0.006,0.0365796661448066));
#6211=CARTESIAN_POINT('',(-0.00136953956530619,-0.006,0.0400671481246997));
#6212=CARTESIAN_POINT('',(8.57252759403147E-19,-0.00585,0.054));
#6213=CARTESIAN_POINT('',(-0.00243107448733702,-0.00707018039846721,0.0402126914578291));
#6214=CARTESIAN_POINT('',(-0.00303641230819478,-0.00737400545496335,0.0367796500796715));
#6215=CARTESIAN_POINT('',(-0.00350184995549092,-0.00691372902125479,0.0368209847104123));
#6216=CARTESIAN_POINT('',(8.57252759403147E-19,-0.00585,0.054));
#6217=CARTESIAN_POINT('',(-0.00347836977193297,-0.006,0.040438991787861));
#6218=CARTESIAN_POINT('',(-0.00438444441535075,-0.006,0.037057475183176));
#6219=CARTESIAN_POINT('',(-0.00321975871238941,-0.006,0.0414041414014767));
#6220=CARTESIAN_POINT('',(-0.00233716425252958,-0.00691372902125479,0.0411676509287131));
#6221=CARTESIAN_POINT('',(-0.00336464758633277,-0.00585,0.0414429642582421));
#6222=CARTESIAN_POINT('',(-0.00452933328929411,-0.00585,0.0370962980399413));
#6223=CARTESIAN_POINT('',(-0.000465544286903677,-0.00691372902125479,0.0364738826904647));
#6224=CARTESIAN_POINT('',(8.57252759403147E-19,-0.00585,0.054));
#6225=CARTESIAN_POINT('',(-0.00107068115587867,-0.006,0.0400410014018753));
#6226=CARTESIAN_POINT('',(-0.00137579629337026,-0.006,0.0365535194219823));
#6227=CARTESIAN_POINT('',(-0.000983595451005796,-0.006,0.0410363955633952));
#6228=CARTESIAN_POINT('',(-7.33434445392154E-5,-0.00691372902125479,0.0409567588318776));
#6229=CARTESIAN_POINT('',(0.0055568166230973,-0.00691372902125479,0.0373716113694703));
#6230=CARTESIAN_POINT('',(8.57252759403147E-19,-0.00585,0.054));
#6231=CARTESIAN_POINT('',(0.00376814751981969,-0.006,0.0405166375013917));
#6232=CARTESIAN_POINT('',(0.00467422216323747,-0.006,0.0371351208967067));
#6233=CARTESIAN_POINT('',(0.00350953646027613,-0.006,0.0414817871150075));
#6234=CARTESIAN_POINT('',(0.00439213092013596,-0.00691372902125479,0.0417182775877711));
#6235=CARTESIAN_POINT('',(-0.0065842999569005,-0.00797745804250958,0.0376469246989993));
#6236=CARTESIAN_POINT('',(-0.00541961425393915,-0.00797745804250958,0.0419935909173001));
#6237=CARTESIAN_POINT('',(-0.00350953646027613,-0.006,0.0414817871150075));
#6238=CARTESIAN_POINT('',(-0.00467422216323747,-0.006,0.0371351208967067));
#6239=CARTESIAN_POINT('',(-0.00376814751981969,-0.006,0.0405166375013917));
#6240=CARTESIAN_POINT('',(8.57252759403147E-19,-0.00585,0.054));
#6241=CARTESIAN_POINT('',(-0.0149612836532897,-0.00797745804250958,0.0633239513709824));
#6242=CARTESIAN_POINT('',(-0.0158603862731414,-0.00585,0.0613958195804622));
#6243=CARTESIAN_POINT('',(-0.0117820012314764,-0.00585,0.0594940374026291));
#6244=CARTESIAN_POINT('',(-0.0108828986116248,-0.00797745804250958,0.0614221691931493));
#6245=CARTESIAN_POINT('',(-0.0117186084922153,-0.006,0.0596299835706846));
#6246=CARTESIAN_POINT('',(-0.0157969935338803,-0.006,0.0615317657485177));
#6247=CARTESIAN_POINT('',(-0.0126241879753067,-0.006,0.0600522622187181));
#6248=CARTESIAN_POINT('',(8.57252759403147E-19,-0.00585,0.054));
#6249=CARTESIAN_POINT('',(-0.0121243556529821,-0.00707018039846722,0.061));
#6250=CARTESIAN_POINT('',(-0.0151433215746393,-0.00737400545496336,0.0627430007875431));
#6251=CARTESIAN_POINT('',(-0.0163099375830672,-0.00691372902125479,0.0604317536852022));
#6252=CARTESIAN_POINT('',(-0.0164314666471592,-0.00737400545496335,0.0599805647649038));
#6253=CARTESIAN_POINT('',(-0.0131556966910027,-0.00707018039846722,0.0587882820065594));
#6254=CARTESIAN_POINT('',(8.57252759403147E-19,-0.00585,0.054));
#6255=CARTESIAN_POINT('',(-0.0127509734538289,-0.006,0.0597803698826071));
#6256=CARTESIAN_POINT('',(-0.0159237790124025,-0.006,0.0612598734124067));
#6257=CARTESIAN_POINT('',(-0.0118453939707376,-0.006,0.0593580912345736));
#6258=CARTESIAN_POINT('',(-0.0122315525414023,-0.00691372902125479,0.058529971507369));
#6259=CARTESIAN_POINT('',(-0.0163530753010007,-0.00797745804250958,0.0605842999569005));
#6260=CARTESIAN_POINT('',(-0.0169037019600587,-0.00585,0.0585293332892941));
#6261=CARTESIAN_POINT('',(-0.0125570357417579,-0.00585,0.0573646475863328));
#6262=CARTESIAN_POINT('',(-0.0120064090826999,-0.00797745804250958,0.0594196142539392));
#6263=CARTESIAN_POINT('',(-0.0125182128849925,-0.006,0.0575095364602761));
#6264=CARTESIAN_POINT('',(-0.0168648791032933,-0.006,0.0586742221632375));
#6265=CARTESIAN_POINT('',(-0.0134833624986083,-0.006,0.0577681475198197));
#6266=CARTESIAN_POINT('',(8.57252759403147E-19,-0.00585,0.054));
#6267=CARTESIAN_POINT('',(-0.0131149009725483,-0.00797745804250958,0.0657802992408041));
#6268=CARTESIAN_POINT('',(-0.0143351607750574,-0.00585,0.0640375876361433));
#6269=CARTESIAN_POINT('',(-0.0106489765757569,-0.00585,0.0614564936725636));
#6270=CARTESIAN_POINT('',(-0.00942871677324788,-0.00797745804250958,0.0631992052772244));
#6271=CARTESIAN_POINT('',(-0.0105629401103042,-0.006,0.061579366479207));
#6272=CARTESIAN_POINT('',(-0.0142491243096047,-0.006,0.0641604604427867));
#6273=CARTESIAN_POINT('',(-0.0113814338885227,-0.006,0.0621524819926933));
#6274=CARTESIAN_POINT('',(8.57252759403147E-19,-0.00585,0.054));
#6275=CARTESIAN_POINT('',(-0.0107246222036657,-0.00707018039846721,0.0629990265356116));
#6276=CARTESIAN_POINT('',(-0.0133950543389644,-0.00737400545496335,0.0652397851554247));
#6277=CARTESIAN_POINT('',(-0.0149452906763119,-0.00691372902125479,0.0631662318338129));
#6278=CARTESIAN_POINT('',(8.57252759403147E-19,-0.00585,0.054));
#6279=CARTESIAN_POINT('',(-0.011553506819428,-0.006,0.0619067363794066));
#6280=CARTESIAN_POINT('',(-0.01442119724051,-0.006,0.0639147148295));
#6281=CARTESIAN_POINT('',(-0.0107350130412095,-0.006,0.0613336208659203));
#6282=CARTESIAN_POINT('',(-0.0112591064770114,-0.00691372902125479,0.0605851378702332));
#6283=CARTESIAN_POINT('',(0.0155554205775664,-0.00797745804250958,0.0622948760314825));
#6284=CARTESIAN_POINT('',(0.0143351607750574,-0.00585,0.0640375876361433));
#6285=CARTESIAN_POINT('',(0.0106489765757569,-0.00585,0.0614564936725636));
#6286=CARTESIAN_POINT('',(0.0118692363782659,-0.00797745804250958,0.0597137820679028));
#6287=CARTESIAN_POINT('',(0.0107350130412096,-0.006,0.0613336208659203));
#6288=CARTESIAN_POINT('',(0.01442119724051,-0.006,0.0639147148295));
#6289=CARTESIAN_POINT('',(0.011553506819428,-0.006,0.0619067363794065));
#6290=CARTESIAN_POINT('',(8.57252759403147E-19,-0.00585,0.054));
#6291=CARTESIAN_POINT('',(0.0121243556529821,-0.00707018039846721,0.061));
#6292=CARTESIAN_POINT('',(0.0151433215746393,-0.00737400545496335,0.0627430007875431));
#6293=CARTESIAN_POINT('',(0.0137250308738028,-0.00691372902125479,0.0649089434384737));
#6294=CARTESIAN_POINT('',(0.0133950543389644,-0.00737400545496335,0.0652397851554247));
#6295=CARTESIAN_POINT('',(0.0107246222036657,-0.00707018039846722,0.0629990265356115));
#6296=CARTESIAN_POINT('',(8.57252759403147E-19,-0.00585,0.054));
#6297=CARTESIAN_POINT('',(0.0113814338885227,-0.006,0.0621524819926932));
#6298=CARTESIAN_POINT('',(0.0142491243096047,-0.006,0.0641604604427866));
#6299=CARTESIAN_POINT('',(0.0105629401103042,-0.006,0.061579366479207));
#6300=CARTESIAN_POINT('',(0.0100388466745024,-0.00691372902125479,0.062327849474894));
#6301=CARTESIAN_POINT('',(0.0167594888929931,-0.00797745804250958,0.0594676877899421));
#6302=CARTESIAN_POINT('',(0.0158603862731414,-0.00585,0.0613958195804622));
#6303=CARTESIAN_POINT('',(0.0117820012314764,-0.00585,0.0594940374026291));
#6304=CARTESIAN_POINT('',(0.0126811038513281,-0.00797745804250958,0.0575659056121089));
#6305=CARTESIAN_POINT('',(0.0118453939707376,-0.006,0.0593580912345736));
#6306=CARTESIAN_POINT('',(0.0159237790124025,-0.006,0.0612598734124067));
#6307=CARTESIAN_POINT('',(0.0127509734538289,-0.006,0.0597803698826071));
#6308=CARTESIAN_POINT('',(8.57252759403147E-19,-0.00585,0.054));
#6309=CARTESIAN_POINT('',(0.0131556966910027,-0.00707018039846722,0.0587882820065594));
#6310=CARTESIAN_POINT('',(0.0164314666471592,-0.00737400545496335,0.0599805647649038));
#6311=CARTESIAN_POINT('',(0.0166283886305297,-0.00691372902125479,0.0595568166230973));
#6312=CARTESIAN_POINT('',(8.57252759403147E-19,-0.00585,0.054));
#6313=CARTESIAN_POINT('',(0.0134833624986083,-0.006,0.0577681475198197));
#6314=CARTESIAN_POINT('',(0.0168648791032933,-0.006,0.0586742221632375));
#6315=CARTESIAN_POINT('',(0.0125182128849925,-0.006,0.0575095364602761));
#6316=CARTESIAN_POINT('',(0.0122817224122289,-0.00691372902125479,0.058392130920136));
#6317=CARTESIAN_POINT('',(0.0125570357417579,-0.00585,0.0573646475863328));
#6318=CARTESIAN_POINT('',(0.0169037019600587,-0.00585,0.0585293332892941));
#6319=CARTESIAN_POINT('',(0.0154108349632155,-0.00691372902125479,0.0623598854757223));
#6320=CARTESIAN_POINT('',(8.57252759403147E-19,-0.00585,0.054));
#6321=CARTESIAN_POINT('',(0.0126241879753067,-0.006,0.0600522622187181));
#6322=CARTESIAN_POINT('',(0.0157969935338803,-0.006,0.0615317657485177));
#6323=CARTESIAN_POINT('',(0.0117186084922153,-0.006,0.0596299835706846));
#6324=CARTESIAN_POINT('',(0.0113324499215506,-0.00691372902125479,0.0604581032978892));
#6325=CARTESIAN_POINT('',(-0.0171790152895877,-0.00691372902125479,0.0575018499554909));
#6326=CARTESIAN_POINT('',(8.57252759403147E-19,-0.00585,0.054));
#6327=CARTESIAN_POINT('',(-0.0135610082121391,-0.006,0.057478369771933));
#6328=CARTESIAN_POINT('',(-0.016942524816824,-0.006,0.0583844444153508));
#6329=CARTESIAN_POINT('',(-0.0125958585985233,-0.006,0.0572197587123894));
#6330=CARTESIAN_POINT('',(-0.0128323490712869,-0.00691372902125479,0.0563371642525296));
#6331=CARTESIAN_POINT('',(0.0174543286191167,-0.00797745804250958,0.0564743666216877));
#6332=CARTESIAN_POINT('',(0.0131076624008159,-0.00797745804250958,0.0553096809187264));
#6333=CARTESIAN_POINT('',(0.0125958585985233,-0.006,0.0572197587123894));
#6334=CARTESIAN_POINT('',(0.016942524816824,-0.006,0.0583844444153508));
#6335=CARTESIAN_POINT('',(0.0135610082121391,-0.006,0.057478369771933));
#6336=CARTESIAN_POINT('',(8.57252759403147E-19,-0.00585,0.054));
#6337=CARTESIAN_POINT('',(0.0175261173095353,-0.00691372902125479,0.0535344557130963));
#6338=CARTESIAN_POINT('',(8.57252759403147E-19,-0.00585,0.054));
#6339=CARTESIAN_POINT('',(0.0139589985981247,-0.006,0.0529293188441213));
#6340=CARTESIAN_POINT('',(0.0174464805780177,-0.006,0.0526242037066297));
#6341=CARTESIAN_POINT('',(0.0129636044366048,-0.006,0.0530164045489942));
#6342=CARTESIAN_POINT('',(0.0130432411681224,-0.00691372902125479,0.0539266565554608));
#6343=CARTESIAN_POINT('',(-0.000857745129268137,-0.00904118706376436,0.0760089934509481));
#6344=CARTESIAN_POINT('',(-0.00297710755162882,-0.00691372902125479,0.0758235732650887));
#6345=CARTESIAN_POINT('',(-0.00191742634044848,-0.00585,0.0759162833580184));
#6346=CARTESIAN_POINT('',(0.000201936081912205,-0.00797745804250957,0.0761017035438778));
#6347=CARTESIAN_POINT('',(-0.0117473257973926,-0.00904118706376436,0.0726314748756123));
#6348=CARTESIAN_POINT('',(-0.0134900374020534,-0.00691372902125479,0.0714112150731033));
#6349=CARTESIAN_POINT('',(-0.012618681599723,-0.00585,0.0720213449743578));
#6350=CARTESIAN_POINT('',(-0.0108759699950622,-0.00797745804250957,0.0732416047768668));
#6351=CARTESIAN_POINT('',(-0.00466653565845226,-0.00904118706376436,0.0755256815078885));
#6352=CARTESIAN_POINT('',(-0.00672150232605865,-0.00691372902125479,0.0749750548488305));
#6353=CARTESIAN_POINT('',(-0.00569401899225546,-0.00585,0.0752503681783595));
#6354=CARTESIAN_POINT('',(-0.00363905232464907,-0.00797745804250957,0.0758009948374175));
#6355=CARTESIAN_POINT('',(-0.0083335358630353,-0.00904118706376436,0.0743883226247321));
#6356=CARTESIAN_POINT('',(-0.0102616676535555,-0.00691372902125479,0.0734892200048805));
#6357=CARTESIAN_POINT('',(-0.00929760175829539,-0.00585,0.0739387713148063));
#6358=CARTESIAN_POINT('',(-0.00736946996777521,-0.00797745804250957,0.074837873934658));
#6359=CARTESIAN_POINT('',(-0.0148041791818299,-0.00904118706376436,0.0703085191903782));
#6360=CARTESIAN_POINT('',(-0.0163085191903782,-0.00691372902125479,0.0688041791818299));
#6361=CARTESIAN_POINT('',(-0.015556349186104,-0.00585,0.0695563491861041));
#6362=CARTESIAN_POINT('',(-0.0140520091775557,-0.00797745804250958,0.0710606891946524));
#6363=CARTESIAN_POINT('',(0.0102616676535555,-0.00904118706376436,0.0734892200048805));
#6364=CARTESIAN_POINT('',(0.0083335358630353,-0.00691372902125479,0.0743883226247321));
#6365=CARTESIAN_POINT('',(0.00929760175829539,-0.00585,0.0739387713148063));
#6366=CARTESIAN_POINT('',(0.0112257335488156,-0.00797745804250957,0.0730396686949546));
#6367=CARTESIAN_POINT('',(0.0134900374020534,-0.00904118706376436,0.0714112150731033));
#6368=CARTESIAN_POINT('',(0.0117473257973926,-0.00691372902125479,0.0726314748756123));
#6369=CARTESIAN_POINT('',(0.012618681599723,-0.00585,0.0720213449743578));
#6370=CARTESIAN_POINT('',(0.0143613932043838,-0.00797745804250958,0.0708010851718488));
#6371=CARTESIAN_POINT('',(0.00672150232605865,-0.00904118706376436,0.0749750548488305));
#6372=CARTESIAN_POINT('',(0.00466653565845227,-0.00691372902125479,0.0755256815078885));
#6373=CARTESIAN_POINT('',(0.00569401899225546,-0.00585,0.0752503681783595));
#6374=CARTESIAN_POINT('',(0.00774898565986184,-0.00797745804250957,0.0746997415193015));
#6375=CARTESIAN_POINT('',(0.0163085191903782,-0.00904118706376436,0.0688041791818299));
#6376=CARTESIAN_POINT('',(0.0148041791818299,-0.00691372902125479,0.0703085191903782));
#6377=CARTESIAN_POINT('',(0.015556349186104,-0.00585,0.069556349186104));
#6378=CARTESIAN_POINT('',(0.0170606891946524,-0.00797745804250958,0.0680520091775557));
#6379=CARTESIAN_POINT('',(0.00297710755162883,-0.00904118706376436,0.0758235732650887));
#6380=CARTESIAN_POINT('',(0.00085774512926814,-0.00691372902125479,0.0760089934509481));
#6381=CARTESIAN_POINT('',(0.00191742634044848,-0.00585,0.0759162833580184));
#6382=CARTESIAN_POINT('',(0.00403678876280917,-0.00797745804250957,0.075730863172159));
#6383=CARTESIAN_POINT('',(0.000594136924276666,-0.00797745804250958,0.071618827402465));
#6384=CARTESIAN_POINT('',(-0.00152522549808402,-0.00585,0.0714334072166055));
#6385=CARTESIAN_POINT('',(-0.00113302465571955,-0.00585,0.0669505310751927));
#6386=CARTESIAN_POINT('',(0.000986337766641127,-0.00797745804250958,0.0671359512610521));
#6387=CARTESIAN_POINT('',(-0.000983595451005794,-0.006,0.0669636044366049));
#6388=CARTESIAN_POINT('',(-0.00137579629337025,-0.006,0.0714464805780177));
#6389=CARTESIAN_POINT('',(-0.00107068115587867,-0.006,0.0679589985981247));
#6390=CARTESIAN_POINT('',(8.57252759403147E-19,-0.00585,0.054));
#6391=CARTESIAN_POINT('',(2.02323817940636E-19,-0.00707018039846722,0.068));
#6392=CARTESIAN_POINT('',(3.79470760369927E-19,-0.00737400545496335,0.0714860015750861));
#6393=CARTESIAN_POINT('',(-0.0109089434384737,-0.00691372902125479,0.0677250308738029));
#6394=CARTESIAN_POINT('',(-0.0112397851554247,-0.00737400545496336,0.0673950543389644));
#6395=CARTESIAN_POINT('',(-0.00899902653561155,-0.00707018039846722,0.0647246222036657));
#6396=CARTESIAN_POINT('',(8.57252759403147E-19,-0.00585,0.054));
#6397=CARTESIAN_POINT('',(-0.00815248199269324,-0.006,0.0653814338885227));
#6398=CARTESIAN_POINT('',(-0.0101604604427866,-0.006,0.0682491243096047));
#6399=CARTESIAN_POINT('',(-0.00757936647920695,-0.006,0.0645629401103043));
#6400=CARTESIAN_POINT('',(-0.00832784947489399,-0.00691372902125479,0.0640388466745024));
#6401=CARTESIAN_POINT('',(-0.0074564936725636,-0.00585,0.0646489765757569));
#6402=CARTESIAN_POINT('',(-0.0100375876361433,-0.00585,0.0683351607750574));
#6403=CARTESIAN_POINT('',(-0.0055568166230973,-0.00691372902125479,0.0706283886305297));
#6404=CARTESIAN_POINT('',(-0.00598056476490383,-0.00737400545496335,0.0704314666471592));
#6405=CARTESIAN_POINT('',(-0.00478828200655937,-0.00707018039846722,0.0671556966910027));
#6406=CARTESIAN_POINT('',(8.57252759403147E-19,-0.00585,0.054));
#6407=CARTESIAN_POINT('',(-0.0037681475198197,-0.006,0.0674833624986083));
#6408=CARTESIAN_POINT('',(-0.00467422216323747,-0.006,0.0708648791032933));
#6409=CARTESIAN_POINT('',(-0.00350953646027613,-0.006,0.0665182128849925));
#6410=CARTESIAN_POINT('',(-0.00439213092013596,-0.00691372902125479,0.0662817224122289));
#6411=CARTESIAN_POINT('',(-0.00336464758633277,-0.00585,0.0665570357417579));
#6412=CARTESIAN_POINT('',(-0.00452933328929411,-0.00585,0.0709037019600587));
#6413=CARTESIAN_POINT('',(-0.00258490670926436,-0.00691372902125479,0.0713406971236758));
#6414=CARTESIAN_POINT('',(-0.00303641230819478,-0.00737400545496335,0.0712203499203285));
#6415=CARTESIAN_POINT('',(-0.00243107448733702,-0.00707018039846722,0.0677873085421709));
#6416=CARTESIAN_POINT('',(8.57252759403147E-19,-0.00585,0.054));
#6417=CARTESIAN_POINT('',(-0.0013695395653062,-0.006,0.0679328518753004));
#6418=CARTESIAN_POINT('',(-0.00167465470279778,-0.006,0.0714203338551934));
#6419=CARTESIAN_POINT('',(-0.00128245386043332,-0.006,0.0669374577137805));
#6420=CARTESIAN_POINT('',(-0.0021927058668999,-0.00691372902125479,0.066857820982263));
#6421=CARTESIAN_POINT('',(-0.00247436662168773,-0.00797745804250958,0.0714543286191167));
#6422=CARTESIAN_POINT('',(-0.00130968091872638,-0.00797745804250958,0.0671076624008159));
#6423=CARTESIAN_POINT('',(-0.00321975871238941,-0.006,0.0665958585985233));
#6424=CARTESIAN_POINT('',(-0.00438444441535076,-0.006,0.0709425248168241));
#6425=CARTESIAN_POINT('',(-0.00347836977193298,-0.006,0.0675610082121391));
#6426=CARTESIAN_POINT('',(8.57252759403147E-19,-0.00585,0.054));
#6427=CARTESIAN_POINT('',(-0.00829487603148253,-0.00797745804250958,0.0695554205775664));
#6428=CARTESIAN_POINT('',(-0.00571378206790282,-0.00797745804250958,0.0658692363782659));
#6429=CARTESIAN_POINT('',(-0.00733362086592025,-0.006,0.0647350130412096));
#6430=CARTESIAN_POINT('',(-0.00991471482949995,-0.006,0.06842119724051));
#6431=CARTESIAN_POINT('',(-0.00790673637940655,-0.006,0.065553506819428));
#6432=CARTESIAN_POINT('',(8.57252759403147E-19,-0.00585,0.054));
#6433=CARTESIAN_POINT('',(-0.007,-0.00707018039846721,0.0661243556529822));
#6434=CARTESIAN_POINT('',(-0.00874300078754307,-0.00737400545496335,0.0691433215746393));
#6435=CARTESIAN_POINT('',(-0.00835988547572233,-0.00691372902125479,0.0694108349632155));
#6436=CARTESIAN_POINT('',(8.57252759403147E-19,-0.00585,0.054));
#6437=CARTESIAN_POINT('',(-0.00605226221871812,-0.006,0.0666241879753067));
#6438=CARTESIAN_POINT('',(-0.00753176574851774,-0.006,0.0697969935338803));
#6439=CARTESIAN_POINT('',(-0.00562998357068459,-0.006,0.0657186084922153));
#6440=CARTESIAN_POINT('',(-0.00645810329788918,-0.00691372902125479,0.0653324499215506));
#6441=CARTESIAN_POINT('',(-0.00549403740262909,-0.00585,0.0657820012314765));
#6442=CARTESIAN_POINT('',(-0.00739581958046224,-0.00585,0.0698603862731414));
#6443=CARTESIAN_POINT('',(-0.00546768778994206,-0.00797745804250958,0.070759488892993));
#6444=CARTESIAN_POINT('',(-0.00356590561210892,-0.00797745804250958,0.0666811038513281));
#6445=CARTESIAN_POINT('',(-0.00535809123457359,-0.006,0.0658453939707376));
#6446=CARTESIAN_POINT('',(-0.00725987341240674,-0.006,0.0699237790124025));
#6447=CARTESIAN_POINT('',(-0.00578036988260713,-0.006,0.0667509734538289));
#6448=CARTESIAN_POINT('',(8.57252759403147E-19,-0.00585,0.054));
#6449=CARTESIAN_POINT('',(-0.0131265386750388,-0.00691372902125479,0.0656221986664904));
#6450=CARTESIAN_POINT('',(8.57252759403147E-19,-0.00585,0.054));
#6451=CARTESIAN_POINT('',(-0.0100049927266753,-0.006,0.0637928606923194));
#6452=CARTESIAN_POINT('',(-0.0124804346879426,-0.006,0.0662683026535866));
#6453=CARTESIAN_POINT('',(-0.0092984541726031,-0.006,0.0630863221382471));
#6454=CARTESIAN_POINT('',(-0.00994455815969931,-0.00691372902125479,0.0624402181511509));
#6455=CARTESIAN_POINT('',(-0.00919238815542512,-0.00585,0.0631923881554251));
#6456=CARTESIAN_POINT('',(-0.0123743686707646,-0.00585,0.0663743686707646));
#6457=CARTESIAN_POINT('',(-0.0108700286622162,-0.00797745804250958,0.067878708679313));
#6458=CARTESIAN_POINT('',(-0.00768804814687674,-0.00797745804250958,0.0646967281639735));
#6459=CARTESIAN_POINT('',(-0.00908632213824714,-0.006,0.0632984541726031));
#6460=CARTESIAN_POINT('',(-0.0122683026535866,-0.006,0.0664804346879426));
#6461=CARTESIAN_POINT('',(-0.00979286069231937,-0.006,0.0640049927266753));
#6462=CARTESIAN_POINT('',(8.57252759403147E-19,-0.00585,0.054));
#6463=CARTESIAN_POINT('',(0.0117802992408041,-0.00797745804250958,0.0671149009725483));
#6464=CARTESIAN_POINT('',(0.0100375876361433,-0.00585,0.0683351607750574));
#6465=CARTESIAN_POINT('',(0.0074564936725636,-0.00585,0.0646489765757569));
#6466=CARTESIAN_POINT('',(0.00919920527722438,-0.00797745804250958,0.0634287167732479));
#6467=CARTESIAN_POINT('',(0.00757936647920695,-0.006,0.0645629401103042));
#6468=CARTESIAN_POINT('',(0.0101604604427867,-0.006,0.0682491243096047));
#6469=CARTESIAN_POINT('',(0.00815248199269325,-0.006,0.0653814338885227));
#6470=CARTESIAN_POINT('',(8.57252759403147E-19,-0.00585,0.054));
#6471=CARTESIAN_POINT('',(0.00899902653561156,-0.00707018039846722,0.0647246222036657));
#6472=CARTESIAN_POINT('',(0.0112397851554247,-0.00737400545496335,0.0673950543389644));
#6473=CARTESIAN_POINT('',(0.00643175368520215,-0.00691372902125479,0.0703099375830672));
#6474=CARTESIAN_POINT('',(0.00598056476490383,-0.00737400545496335,0.0704314666471592));
#6475=CARTESIAN_POINT('',(0.00478828200655937,-0.00707018039846722,0.0671556966910027));
#6476=CARTESIAN_POINT('',(8.57252759403147E-19,-0.00585,0.054));
#6477=CARTESIAN_POINT('',(0.00578036988260713,-0.006,0.0667509734538289));
#6478=CARTESIAN_POINT('',(0.00725987341240674,-0.006,0.0699237790124025));
#6479=CARTESIAN_POINT('',(0.0053580912345736,-0.006,0.0658453939707376));
#6480=CARTESIAN_POINT('',(0.00452997150736901,-0.00691372902125479,0.0662315525414023));
#6481=CARTESIAN_POINT('',(0.0054940374026291,-0.00585,0.0657820012314765));
#6482=CARTESIAN_POINT('',(0.00739581958046224,-0.00585,0.0698603862731414));
#6483=CARTESIAN_POINT('',(0.00916623183381292,-0.00691372902125479,0.0689452906763119));
#6484=CARTESIAN_POINT('',(0.00874300078754307,-0.00737400545496335,0.0691433215746393));
#6485=CARTESIAN_POINT('',(0.007,-0.00707018039846721,0.0661243556529822));
#6486=CARTESIAN_POINT('',(8.57252759403147E-19,-0.00585,0.054));
#6487=CARTESIAN_POINT('',(0.00790673637940655,-0.006,0.065553506819428));
#6488=CARTESIAN_POINT('',(0.00991471482949996,-0.006,0.06842119724051));
#6489=CARTESIAN_POINT('',(0.00733362086592025,-0.006,0.0647350130412095));
#6490=CARTESIAN_POINT('',(0.00658513787023321,-0.00691372902125479,0.0652591064770114));
#6491=CARTESIAN_POINT('',(0.00932395137098242,-0.00797745804250958,0.0689612836532897));
#6492=CARTESIAN_POINT('',(0.00742216919314927,-0.00797745804250958,0.0648828986116248));
#6493=CARTESIAN_POINT('',(0.00562998357068459,-0.006,0.0657186084922154));
#6494=CARTESIAN_POINT('',(0.00753176574851774,-0.006,0.0697969935338803));
#6495=CARTESIAN_POINT('',(0.00605226221871812,-0.006,0.0666241879753067));
#6496=CARTESIAN_POINT('',(8.57252759403147E-19,-0.00585,0.054));
#6497=CARTESIAN_POINT('',(0.0036445879204447,-0.00797745804250958,0.0712479870307461));
#6498=CARTESIAN_POINT('',(0.00152522549808402,-0.00585,0.0714334072166055));
#6499=CARTESIAN_POINT('',(0.00113302465571956,-0.00585,0.0669505310751927));
#6500=CARTESIAN_POINT('',(0.00325238707808024,-0.00797745804250958,0.0667651108893333));
#6501=CARTESIAN_POINT('',(0.00128245386043332,-0.006,0.0669374577137805));
#6502=CARTESIAN_POINT('',(0.00167465470279778,-0.006,0.0714203338551934));
#6503=CARTESIAN_POINT('',(0.0013695395653062,-0.006,0.0679328518753004));
#6504=CARTESIAN_POINT('',(8.57252759403147E-19,-0.00585,0.054));
#6505=CARTESIAN_POINT('',(0.00243107448733702,-0.00707018039846721,0.0677873085421709));
#6506=CARTESIAN_POINT('',(0.00303641230819478,-0.00737400545496335,0.0712203499203285));
#6507=CARTESIAN_POINT('',(0.00350184995549092,-0.00691372902125479,0.0711790152895877));
#6508=CARTESIAN_POINT('',(8.57252759403147E-19,-0.00585,0.054));
#6509=CARTESIAN_POINT('',(0.00347836977193298,-0.006,0.0675610082121391));
#6510=CARTESIAN_POINT('',(0.00438444441535076,-0.006,0.0709425248168241));
#6511=CARTESIAN_POINT('',(0.00321975871238941,-0.006,0.0665958585985233));
#6512=CARTESIAN_POINT('',(0.00233716425252958,-0.00691372902125479,0.0668323490712869));
#6513=CARTESIAN_POINT('',(0.00336464758633277,-0.00585,0.0665570357417579));
#6514=CARTESIAN_POINT('',(0.00452933328929412,-0.00585,0.0709037019600587));
#6515=CARTESIAN_POINT('',(0.0065842999569005,-0.00797745804250958,0.0703530753010007));
#6516=CARTESIAN_POINT('',(0.00541961425393916,-0.00797745804250958,0.0660064090826999));
#6517=CARTESIAN_POINT('',(0.00350953646027614,-0.006,0.0665182128849925));
#6518=CARTESIAN_POINT('',(0.00467422216323748,-0.006,0.0708648791032933));
#6519=CARTESIAN_POINT('',(0.0037681475198197,-0.006,0.0674833624986083));
#6520=CARTESIAN_POINT('',(8.57252759403147E-19,-0.00585,0.054));
#6521=CARTESIAN_POINT('',(0.013878708679313,-0.00797745804250958,0.0648700286622162));
#6522=CARTESIAN_POINT('',(0.0123743686707646,-0.00585,0.0663743686707646));
#6523=CARTESIAN_POINT('',(0.00919238815542512,-0.00585,0.0631923881554251));
#6524=CARTESIAN_POINT('',(0.0106967281639735,-0.00797745804250958,0.0616880481468767));
#6525=CARTESIAN_POINT('',(0.0092984541726031,-0.006,0.0630863221382471));
#6526=CARTESIAN_POINT('',(0.0124804346879426,-0.006,0.0662683026535866));
#6527=CARTESIAN_POINT('',(0.0100049927266753,-0.006,0.0637928606923194));
#6528=CARTESIAN_POINT('',(8.57252759403147E-19,-0.00585,0.054));
#6529=CARTESIAN_POINT('',(0.0116221986664904,-0.00691372902125479,0.0671265386750388));
#6530=CARTESIAN_POINT('',(8.57252759403147E-19,-0.00585,0.054));
#6531=CARTESIAN_POINT('',(0.00979286069231937,-0.006,0.0640049927266753));
#6532=CARTESIAN_POINT('',(0.0122683026535866,-0.006,0.0664804346879426));
#6533=CARTESIAN_POINT('',(0.00908632213824714,-0.006,0.0632984541726031));
#6534=CARTESIAN_POINT('',(0.00844021815115093,-0.00691372902125479,0.0639445581596993));
#6535=CARTESIAN_POINT('',(0.000465544286903678,-0.00691372902125479,0.0715261173095352));
#6536=CARTESIAN_POINT('',(8.57252759403147E-19,-0.00585,0.054));
#6537=CARTESIAN_POINT('',(0.00107068115587867,-0.006,0.0679589985981247));
#6538=CARTESIAN_POINT('',(0.00137579629337026,-0.006,0.0714464805780177));
#6539=CARTESIAN_POINT('',(0.000983595451005795,-0.006,0.0669636044366049));
#6540=CARTESIAN_POINT('',(7.33434445392167E-5,-0.00691372902125479,0.0670432411681224));
#6541=CARTESIAN_POINT('',(0.0130432411681224,-0.00904118706376436,0.0540733434445392));
#6542=CARTESIAN_POINT('',(0.0130432411681224,-0.006,0.0540733434445392));
#6543=CARTESIAN_POINT('',(8.57252759403147E-19,-0.006,0.054));
#6544=CARTESIAN_POINT('',(8.57252759403147E-19,-0.006,0.054));
#6545=CARTESIAN_POINT('',(8.57252759403147E-19,-0.006,0.054));
#6546=CARTESIAN_POINT('',(8.57252759403147E-19,-0.006,0.054));
#6547=CARTESIAN_POINT('',(8.57252759403147E-19,-0.006,0.054));
#6548=CARTESIAN_POINT('',(8.57252759403147E-19,-0.006,0.054));
#6549=CARTESIAN_POINT('',(8.57252759403147E-19,-0.006,0.054));
#6550=CARTESIAN_POINT('',(8.57252759403147E-19,-0.006,0.054));
#6551=CARTESIAN_POINT('',(8.57252759403147E-19,-0.006,0.054));
#6552=CARTESIAN_POINT('',(8.57252759403147E-19,-0.006,0.054));
#6553=CARTESIAN_POINT('',(8.57252759403147E-19,-0.006,0.054));
#6554=CARTESIAN_POINT('',(8.57252759403147E-19,-0.006,0.054));
#6555=CARTESIAN_POINT('',(8.57252759403147E-19,-0.006,0.054));
#6556=CARTESIAN_POINT('',(8.57252759403147E-19,-0.006,0.054));
#6557=CARTESIAN_POINT('',(8.57252759403147E-19,-0.006,0.054));
#6558=CARTESIAN_POINT('',(8.57252759403147E-19,-0.006,0.054));
#6559=CARTESIAN_POINT('',(8.57252759403147E-19,-0.006,0.054));
#6560=CARTESIAN_POINT('',(8.57252759403147E-19,-0.006,0.054));
#6561=CARTESIAN_POINT('',(8.57252759403147E-19,-0.006,0.054));
#6562=CARTESIAN_POINT('',(8.57252759403147E-19,-0.006,0.054));
#6563=CARTESIAN_POINT('',(8.57252759403147E-19,-0.006,0.054));
#6564=CARTESIAN_POINT('',(8.57252759403147E-19,-0.006,0.054));
#6565=CARTESIAN_POINT('',(8.57252759403147E-19,-0.006,0.054));
#6566=CARTESIAN_POINT('',(8.57252759403147E-19,-0.006,0.054));
#6567=CARTESIAN_POINT('',(8.57252759403147E-19,-0.006,0.054));
#6568=CARTESIAN_POINT('',(8.57252759403147E-19,-0.006,0.054));
#6569=CARTESIAN_POINT('',(8.57252759403147E-19,-0.006,0.054));
#6570=CARTESIAN_POINT('',(8.57252759403147E-19,-0.006,0.054));
#6571=CARTESIAN_POINT('',(8.57252759403147E-19,-0.006,0.054));
#6572=CARTESIAN_POINT('',(8.57252759403147E-19,-0.006,0.054));
#6573=CARTESIAN_POINT('',(8.57252759403147E-19,-0.006,0.054));
#6574=CARTESIAN_POINT('',(8.57252759403147E-19,-0.006,0.054));
#6575=CARTESIAN_POINT('',(8.57252759403147E-19,-0.006,0.054));
#6576=CARTESIAN_POINT('',(8.57252759403147E-19,-0.006,0.054));
#6577=CARTESIAN_POINT('',(8.57252759403147E-19,-0.006,0.054));
#6578=CARTESIAN_POINT('',(8.57252759403147E-19,-0.006,0.054));
#6579=CARTESIAN_POINT('',(8.57252759403147E-19,-0.006,0.054));
#6580=CARTESIAN_POINT('',(8.57252759403147E-19,-0.006,0.054));
#6581=CARTESIAN_POINT('',(8.57252759403147E-19,-0.006,0.054));
#6582=CARTESIAN_POINT('',(8.57252759403147E-19,-0.006,0.054));
#6583=CARTESIAN_POINT('',(8.57252759403147E-19,-0.006,0.054));
#6584=CARTESIAN_POINT('',(8.57252759403147E-19,-0.006,0.054));
#6585=CARTESIAN_POINT('',(8.57252759403147E-19,-0.006,0.054));
#6586=CARTESIAN_POINT('',(8.57252759403147E-19,-0.006,0.054));
#6587=CARTESIAN_POINT('',(8.57252759403147E-19,-0.006,0.054));
#6588=CARTESIAN_POINT('',(8.57252759403147E-19,-0.006,0.054));
#6589=CARTESIAN_POINT('',(8.57252759403147E-19,-0.006,0.054));
#6590=CARTESIAN_POINT('',(8.57252759403147E-19,-0.006,0.054));
#6591=CARTESIAN_POINT('',(8.57252759403147E-19,-0.006,0.054));
#6592=CARTESIAN_POINT('',(8.57252759403147E-19,-0.006,0.054));
#6593=CARTESIAN_POINT('',(8.57252759403147E-19,-0.006,0.054));
#6594=CARTESIAN_POINT('',(8.57252759403147E-19,-0.006,0.054));
#6595=CARTESIAN_POINT('',(8.57252759403147E-19,-0.006,0.054));
#6596=CARTESIAN_POINT('',(8.57252759403147E-19,-0.006,0.054));
#6597=CARTESIAN_POINT('',(8.57252759403147E-19,-0.006,0.054));
#6598=CARTESIAN_POINT('',(8.57252759403147E-19,-0.006,0.054));
#6599=CARTESIAN_POINT('',(8.57252759403147E-19,-0.006,0.054));
#6600=CARTESIAN_POINT('',(8.57252759403147E-19,-0.006,0.054));
#6601=CARTESIAN_POINT('',(8.57252759403147E-19,-0.006,0.054));
#6602=CARTESIAN_POINT('',(8.57252759403147E-19,-0.006,0.054));
#6603=CARTESIAN_POINT('',(8.57252759403147E-19,-0.006,0.054));
#6604=CARTESIAN_POINT('',(8.57252759403147E-19,-0.006,0.054));
#6605=CARTESIAN_POINT('',(8.57252759403147E-19,-0.006,0.054));
#6606=CARTESIAN_POINT('',(8.57252759403147E-19,-0.006,0.054));
#6607=CARTESIAN_POINT('',(0.0113324499215506,-0.00904118706376436,0.0475418967021108));
#6608=CARTESIAN_POINT('',(0.0113324499215506,-0.006,0.0475418967021108));
#6609=CARTESIAN_POINT('',(0.0122817224122289,-0.00904118706376436,0.049607869079864));
#6610=CARTESIAN_POINT('',(0.0122817224122289,-0.006,0.049607869079864));
#6611=CARTESIAN_POINT('',(0.012857820982263,-0.00904118706376436,0.0518072941331001));
#6612=CARTESIAN_POINT('',(0.012857820982263,-0.006,0.0518072941331001));
#6613=CARTESIAN_POINT('',(8.57252759403147E-19,-0.006,0.054));
#6614=CARTESIAN_POINT('',(8.57252759403147E-19,-0.006,0.054));
#6615=CARTESIAN_POINT('',(8.57252759403147E-19,-0.006,0.054));
#6616=CARTESIAN_POINT('',(8.57252759403147E-19,-0.006,0.054));
#6617=CARTESIAN_POINT('',(1.8982025386784E-19,0.008,0.054));
#6618=CARTESIAN_POINT('',(1.8982025386784E-19,-0.006,0.054));
#6619=CARTESIAN_POINT('',(1.8982025386784E-19,-0.006,0.0571));
#6620=CARTESIAN_POINT('',(-0.012857820982263,-0.00904118706376436,0.0561927058668999));
#6621=CARTESIAN_POINT('',(-0.012857820982263,-0.006,0.0561927058668999));
#6622=CARTESIAN_POINT('',(-0.0130432411681224,-0.00904118706376436,0.0539266565554608));
#6623=CARTESIAN_POINT('',(-0.0130432411681224,-0.006,0.0539266565554608));
#6624=CARTESIAN_POINT('',(-0.0122315525414023,-0.00904118706376436,0.049470028492631));
#6625=CARTESIAN_POINT('',(-0.0122315525414023,-0.006,0.049470028492631));
#6626=CARTESIAN_POINT('',(-0.0128323490712869,-0.00904118706376436,0.0516628357474704));
#6627=CARTESIAN_POINT('',(-0.0128323490712869,-0.006,0.0516628357474704));
#6628=CARTESIAN_POINT('',(-0.00832784947489399,-0.00904118706376436,0.0439611533254976));
#6629=CARTESIAN_POINT('',(-0.00832784947489399,-0.006,0.0439611533254976));
#6630=CARTESIAN_POINT('',(-0.00645810329788919,-0.00904118706376436,0.0426675500784494));
#6631=CARTESIAN_POINT('',(-0.00645810329788919,-0.006,0.0426675500784494));
#6632=CARTESIAN_POINT('',(-0.00994455815969931,-0.00904118706376436,0.0455597818488491));
#6633=CARTESIAN_POINT('',(-0.00994455815969931,-0.006,0.0455597818488491));
#6634=CARTESIAN_POINT('',(-0.0112591064770114,-0.00904118706376436,0.0474148621297668));
#6635=CARTESIAN_POINT('',(-0.0112591064770114,-0.006,0.0474148621297668));
#6636=CARTESIAN_POINT('',(0.00452997150736901,-0.00904118706376436,0.0417684474585977));
#6637=CARTESIAN_POINT('',(0.00452997150736901,-0.006,0.0417684474585977));
#6638=CARTESIAN_POINT('',(0.00658513787023321,-0.00904118706376436,0.0427408935229886));
#6639=CARTESIAN_POINT('',(0.00658513787023321,-0.006,0.0427408935229886));
#6640=CARTESIAN_POINT('',(0.0100388466745024,-0.00904118706376436,0.045672150525106));
#6641=CARTESIAN_POINT('',(0.0100388466745024,-0.006,0.045672150525106));
#6642=CARTESIAN_POINT('',(0.00844021815115093,-0.00904118706376436,0.0440554418403007));
#6643=CARTESIAN_POINT('',(0.00844021815115093,-0.006,0.0440554418403007));
#6644=CARTESIAN_POINT('',(7.33434445392125E-5,-0.00904118706376436,0.0409567588318776));
#6645=CARTESIAN_POINT('',(7.33434445392125E-5,-0.006,0.0409567588318776));
#6646=CARTESIAN_POINT('',(0.00233716425252958,-0.00904118706376436,0.0411676509287131));
#6647=CARTESIAN_POINT('',(0.00233716425252958,-0.006,0.0411676509287131));
#6648=CARTESIAN_POINT('',(-0.0021927058668999,-0.00904118706376436,0.041142179017737));
#6649=CARTESIAN_POINT('',(-0.0021927058668999,-0.006,0.041142179017737));
#6650=CARTESIAN_POINT('',(-0.00439213092013596,-0.00904118706376436,0.0417182775877711));
#6651=CARTESIAN_POINT('',(-0.00439213092013596,-0.006,0.0417182775877711));
#6652=CARTESIAN_POINT('',(-7.33434445392141E-5,-0.00904118706376436,0.0670432411681224));
#6653=CARTESIAN_POINT('',(-7.33434445392141E-5,-0.006,0.0670432411681224));
#6654=CARTESIAN_POINT('',(-0.00233716425252958,-0.00904118706376436,0.0668323490712869));
#6655=CARTESIAN_POINT('',(-0.00233716425252958,-0.006,0.0668323490712869));
#6656=CARTESIAN_POINT('',(-0.00658513787023321,-0.00904118706376436,0.0652591064770114));
#6657=CARTESIAN_POINT('',(-0.00658513787023321,-0.006,0.0652591064770114));
#6658=CARTESIAN_POINT('',(-0.004529971507369,-0.00904118706376436,0.0662315525414023));
#6659=CARTESIAN_POINT('',(-0.004529971507369,-0.006,0.0662315525414023));
#6660=CARTESIAN_POINT('',(-0.0113324499215506,-0.00904118706376436,0.0604581032978892));
#6661=CARTESIAN_POINT('',(-0.0113324499215506,-0.006,0.0604581032978892));
#6662=CARTESIAN_POINT('',(-0.0122817224122289,-0.00904118706376436,0.058392130920136));
#6663=CARTESIAN_POINT('',(-0.0122817224122289,-0.006,0.058392130920136));
#6664=CARTESIAN_POINT('',(-0.0100388466745024,-0.00904118706376436,0.062327849474894));
#6665=CARTESIAN_POINT('',(-0.0100388466745024,-0.006,0.062327849474894));
#6666=CARTESIAN_POINT('',(-0.00844021815115093,-0.00904118706376436,0.0639445581596993));
#6667=CARTESIAN_POINT('',(-0.00844021815115093,-0.006,0.0639445581596993));
#6668=CARTESIAN_POINT('',(0.00832784947489399,-0.00904118706376436,0.0640388466745024));
#6669=CARTESIAN_POINT('',(0.00832784947489399,-0.006,0.0640388466745024));
#6670=CARTESIAN_POINT('',(0.00645810329788918,-0.00904118706376436,0.0653324499215506));
#6671=CARTESIAN_POINT('',(0.00645810329788918,-0.006,0.0653324499215506));
#6672=CARTESIAN_POINT('',(0.0021927058668999,-0.00904118706376436,0.066857820982263));
#6673=CARTESIAN_POINT('',(0.0021927058668999,-0.006,0.066857820982263));
#6674=CARTESIAN_POINT('',(0.00439213092013596,-0.00904118706376436,0.0662817224122289));
#6675=CARTESIAN_POINT('',(0.00439213092013596,-0.006,0.0662817224122289));
#6676=CARTESIAN_POINT('',(0.0112591064770114,-0.00904118706376436,0.0605851378702332));
#6677=CARTESIAN_POINT('',(0.0112591064770114,-0.006,0.0605851378702332));
#6678=CARTESIAN_POINT('',(0.00994455815969931,-0.00904118706376436,0.0624402181511509));
#6679=CARTESIAN_POINT('',(0.00994455815969931,-0.006,0.0624402181511509));
#6680=CARTESIAN_POINT('',(0.0122315525414023,-0.00904118706376436,0.058529971507369));
#6681=CARTESIAN_POINT('',(0.0122315525414023,-0.006,0.058529971507369));
#6682=CARTESIAN_POINT('',(0.0128323490712869,-0.00904118706376436,0.0563371642525296));
#6683=CARTESIAN_POINT('',(0.0128323490712869,-0.006,0.0563371642525296));
#6684=CARTESIAN_POINT('',(0.,-0.006,0.054));
#6685=CARTESIAN_POINT('',(8.57252759403147E-19,-0.006,0.054));
#6686=CARTESIAN_POINT('',(8.57252759403147E-19,-0.006,0.054));
#6687=CARTESIAN_POINT('',(8.57252759403147E-19,-0.006,0.054));
#6688=CARTESIAN_POINT('',(8.57252759403147E-19,-0.006,0.054));
#6689=CARTESIAN_POINT('',(0.,2.20436423846524E-18,0.08));
#6690=MECHANICAL_DESIGN_GEOMETRIC_PRESENTATION_REPRESENTATION('',(#3890),
#6691);
#6691=(
GEOMETRIC_REPRESENTATION_CONTEXT(3)
GLOBAL_UNCERTAINTY_ASSIGNED_CONTEXT((#6692))
GLOBAL_UNIT_ASSIGNED_CONTEXT((#6695,#6694,#6693))
REPRESENTATION_CONTEXT('Yaw post','TOP_LEVEL_ASSEMBLY_PART')
);
#6692=UNCERTAINTY_MEASURE_WITH_UNIT(LENGTH_MEASURE(1.E-8),#6695,
'DISTANCE_ACCURACY_VALUE','Maximum Tolerance applied to model');
#6693=(
NAMED_UNIT(*)
SI_UNIT($,.STERADIAN.)
SOLID_ANGLE_UNIT()
);
#6694=(
NAMED_UNIT(*)
PLANE_ANGLE_UNIT()
SI_UNIT($,.RADIAN.)
);
#6695=(
LENGTH_UNIT()
NAMED_UNIT(*)
SI_UNIT($,.METRE.)
);
#6696=PRODUCT_DEFINITION_SHAPE('','',#6697);
#6697=PRODUCT_DEFINITION('','',#6699,#6698);
#6698=PRODUCT_DEFINITION_CONTEXT('',#6705,'design');
#6699=PRODUCT_DEFINITION_FORMATION_WITH_SPECIFIED_SOURCE('','',#6701,
 .NOT_KNOWN.);
#6700=PRODUCT_RELATED_PRODUCT_CATEGORY('','',(#6701));
#6701=PRODUCT('Yaw post','Yaw post','Yaw post',(#6703));
#6702=PRODUCT_CATEGORY('','');
#6703=PRODUCT_CONTEXT('',#6705,'mechanical');
#6704=APPLICATION_PROTOCOL_DEFINITION('international standard',
'ap242_managed_model_based_3d_engineering',2020,#6705);
#6705=APPLICATION_CONTEXT('managed model based 3d engineering');
ENDSEC;
END-ISO-10303-21;
