ISO-10303-21;
HEADER;
/* Generated by software containing ST-Developer
 * from STEP Tools, Inc. (www.steptools.com) 
 */
/* OPTION: using custom renumber hook */

FILE_DESCRIPTION(
/* description */ ('STEP AP242 Edition 2',
'CAx-IF Rec.Pracs.---Representation and Presentation of Product Manufa
cturing Information (PMI)---4.0---2014-10-13',
'CAx-IF Rec.Pracs.---3D Tessellated Geometry---0.4---2014-09-14','2;1',
'CAx-IF Rec.Pracs.---User Defined Attributes---1.5---2016-08-15'),
/* implementation_level */ '2;1');

FILE_NAME(
/* name */ 'P1MagMountRoundBase - Base',
/* time_stamp */ '2026-09-22T23:57:40Z',
/* author */ (''),
/* organization */ (''),
/* preprocessor_version */ 'ST-DEVELOPER v20',
/* originating_system */ 'ONSHAPE BY PTC INC, 1.221',
/* authorisation */ '  ');

FILE_SCHEMA (('AP242_MANAGED_MODEL_BASED_3D_ENGINEERING_MIM_LF { 1 0 10303 442 3 1 4 }'));
ENDSEC;

DATA;
#10=SHAPE_REPRESENTATION_RELATIONSHIP('','',#3883,#11);
#11=ADVANCED_BREP_SHAPE_REPRESENTATION('',(#3881),#6540);
#12=CIRCLE('',#3890,0.021);
#13=CIRCLE('',#3947,0.038);
#14=CIRCLE('',#3949,0.038);
#15=CIRCLE('',#3953,0.038);
#16=CIRCLE('',#3955,0.038);
#17=CIRCLE('',#3957,0.038);
#18=CIRCLE('',#3959,0.038);
#19=CIRCLE('',#3962,0.038);
#20=CIRCLE('',#3965,0.038);
#21=CIRCLE('',#3968,0.0035);
#22=CIRCLE('',#3969,0.00645);
#23=CIRCLE('',#3970,0.00645);
#24=CIRCLE('',#3971,0.00645);
#25=CIRCLE('',#3972,0.00645);
#26=CIRCLE('',#3973,0.00645);
#27=CIRCLE('',#3974,0.00645);
#28=CIRCLE('',#3975,0.00645);
#29=CIRCLE('',#3976,0.00645);
#30=CIRCLE('',#3981,0.00645);
#31=CIRCLE('',#3983,0.00645);
#32=CIRCLE('',#3995,0.00645);
#33=CIRCLE('',#3998,0.00645);
#34=CIRCLE('',#4009,0.00645);
#35=CIRCLE('',#4011,0.00645);
#36=CIRCLE('',#4026,0.00645);
#37=CIRCLE('',#4029,0.00645);
#38=CIRCLE('',#4038,0.008);
#39=CIRCLE('',#4040,0.0035);
#40=CIRCLE('',#4157,0.0031);
#41=CIRCLE('',#4158,0.014);
#42=CIRCLE('',#4160,0.0031);
#43=ELLIPSE('',#3889,0.029698484809835,0.021);
#44=ELLIPSE('',#3891,0.029698484809835,0.021);
#45=ELLIPSE('',#3892,0.029698484809835,0.021);
#46=ELLIPSE('',#3893,0.029698484809835,0.021);
#47=ELLIPSE('',#3894,0.029698484809835,0.021);
#48=ELLIPSE('',#3895,0.029698484809835,0.021);
#49=ELLIPSE('',#3896,0.029698484809835,0.021);
#50=ELLIPSE('',#3897,0.029698484809835,0.021);
#51=ELLIPSE('',#3898,0.029698484809835,0.021);
#52=ELLIPSE('',#3899,0.029698484809835,0.021);
#53=ELLIPSE('',#3900,0.029698484809835,0.021);
#54=ELLIPSE('',#3901,0.029698484809835,0.021);
#55=ELLIPSE('',#3902,0.029698484809835,0.021);
#56=ELLIPSE('',#3903,0.029698484809835,0.021);
#57=ELLIPSE('',#3904,0.029698484809835,0.021);
#58=ELLIPSE('',#3905,0.029698484809835,0.021);
#59=ELLIPSE('',#3906,0.029698484809835,0.021);
#60=ELLIPSE('',#3907,0.029698484809835,0.021);
#61=ELLIPSE('',#3908,0.029698484809835,0.021);
#62=ELLIPSE('',#3909,0.029698484809835,0.021);
#63=ELLIPSE('',#3910,0.029698484809835,0.021);
#64=ELLIPSE('',#3911,0.029698484809835,0.021);
#65=ELLIPSE('',#3912,0.029698484809835,0.021);
#66=ELLIPSE('',#3913,0.029698484809835,0.021);
#67=ELLIPSE('',#3914,0.029698484809835,0.021);
#68=ELLIPSE('',#3915,0.029698484809835,0.021);
#69=ELLIPSE('',#3916,0.029698484809835,0.021);
#70=ELLIPSE('',#3917,0.029698484809835,0.021);
#71=ELLIPSE('',#3918,0.029698484809835,0.021);
#72=ELLIPSE('',#3919,0.029698484809835,0.021);
#73=ELLIPSE('',#3920,0.029698484809835,0.021);
#74=ELLIPSE('',#3921,0.029698484809835,0.021);
#75=ELLIPSE('',#3922,0.029698484809835,0.021);
#76=ELLIPSE('',#3923,0.029698484809835,0.021);
#77=ELLIPSE('',#3924,0.029698484809835,0.021);
#78=ELLIPSE('',#3925,0.029698484809835,0.021);
#79=ELLIPSE('',#3926,0.029698484809835,0.021);
#80=ELLIPSE('',#3927,0.029698484809835,0.021);
#81=ELLIPSE('',#3928,0.029698484809835,0.021);
#82=ELLIPSE('',#3929,0.029698484809835,0.021);
#83=ELLIPSE('',#3930,0.029698484809835,0.021);
#84=ELLIPSE('',#3931,0.029698484809835,0.021);
#85=ELLIPSE('',#3932,0.029698484809835,0.021);
#86=ELLIPSE('',#3933,0.029698484809835,0.021);
#87=ELLIPSE('',#3934,0.029698484809835,0.021);
#88=ELLIPSE('',#3935,0.029698484809835,0.021);
#89=ELLIPSE('',#3936,0.029698484809835,0.021);
#90=ELLIPSE('',#3937,0.029698484809835,0.021);
#91=ELLIPSE('',#3938,0.029698484809835,0.021);
#92=ELLIPSE('',#3939,0.029698484809835,0.021);
#93=ELLIPSE('',#3940,0.029698484809835,0.021);
#94=ELLIPSE('',#3941,0.029698484809835,0.021);
#95=ELLIPSE('',#3948,0.0537401153701776,0.038);
#96=ELLIPSE('',#3950,0.0537401153701776,0.038);
#97=ELLIPSE('',#3952,0.0537401153701775,0.038);
#98=ELLIPSE('',#3954,0.0537401153701776,0.038);
#99=ELLIPSE('',#3958,0.0537401153701776,0.038);
#100=ELLIPSE('',#3960,0.0537401153701775,0.038);
#101=ELLIPSE('',#3964,0.0537401153701776,0.038);
#102=ELLIPSE('',#3966,0.0537401153701775,0.038);
#103=ELLIPSE('',#4020,0.00807420534760218,0.008);
#104=ELLIPSE('',#4042,0.0197989898732233,0.014);
#105=ELLIPSE('',#4055,0.0197989898732233,0.014);
#106=ELLIPSE('',#4057,0.0197989898732233,0.014);
#107=ELLIPSE('',#4059,0.0197989898732233,0.014);
#108=ELLIPSE('',#4061,0.0197989898732233,0.014);
#109=ELLIPSE('',#4063,0.0197989898732233,0.014);
#110=ELLIPSE('',#4065,0.0197989898732233,0.014);
#111=ELLIPSE('',#4067,0.0197989898732233,0.014);
#112=ELLIPSE('',#4069,0.0197989898732233,0.014);
#113=ELLIPSE('',#4071,0.0197989898732233,0.014);
#114=ELLIPSE('',#4073,0.0197989898732233,0.014);
#115=ELLIPSE('',#4075,0.0197989898732233,0.014);
#116=ELLIPSE('',#4077,0.0197989898732233,0.014);
#117=ELLIPSE('',#4079,0.0197989898732233,0.014);
#118=ELLIPSE('',#4081,0.0197989898732233,0.014);
#119=ELLIPSE('',#4083,0.0197989898732233,0.014);
#120=ELLIPSE('',#4085,0.0197989898732233,0.014);
#121=ELLIPSE('',#4087,0.0197989898732233,0.014);
#122=ELLIPSE('',#4089,0.0197989898732233,0.014);
#123=ELLIPSE('',#4091,0.0197989898732233,0.014);
#124=ELLIPSE('',#4093,0.0197989898732233,0.014);
#125=ELLIPSE('',#4095,0.0197989898732233,0.014);
#126=ELLIPSE('',#4097,0.0197989898732233,0.014);
#127=ELLIPSE('',#4099,0.0197989898732233,0.014);
#128=ELLIPSE('',#4101,0.0197989898732233,0.014);
#129=ELLIPSE('',#4103,0.0197989898732233,0.014);
#130=ELLIPSE('',#4105,0.0197989898732233,0.014);
#131=ELLIPSE('',#4107,0.0197989898732233,0.014);
#132=ELLIPSE('',#4109,0.0197989898732233,0.014);
#133=ELLIPSE('',#4111,0.0197989898732233,0.014);
#134=ELLIPSE('',#4113,0.0197989898732233,0.014);
#135=ELLIPSE('',#4115,0.0197989898732233,0.014);
#136=ELLIPSE('',#4117,0.0197989898732233,0.014);
#137=ELLIPSE('',#4119,0.0197989898732233,0.014);
#138=ELLIPSE('',#4121,0.0197989898732233,0.014);
#139=ELLIPSE('',#4123,0.0197989898732233,0.014);
#140=ELLIPSE('',#4125,0.0197989898732233,0.014);
#141=ELLIPSE('',#4127,0.0197989898732233,0.014);
#142=ELLIPSE('',#4129,0.0197989898732233,0.014);
#143=ELLIPSE('',#4131,0.0197989898732233,0.014);
#144=ELLIPSE('',#4133,0.0197989898732233,0.014);
#145=ELLIPSE('',#4135,0.0197989898732233,0.014);
#146=ELLIPSE('',#4137,0.0197989898732233,0.014);
#147=ELLIPSE('',#4139,0.0197989898732233,0.014);
#148=ELLIPSE('',#4141,0.0197989898732233,0.014);
#149=ELLIPSE('',#4143,0.0197989898732233,0.014);
#150=ELLIPSE('',#4145,0.0197989898732233,0.014);
#151=ELLIPSE('',#4147,0.0197989898732233,0.014);
#152=ELLIPSE('',#4149,0.0197989898732233,0.014);
#153=ELLIPSE('',#4151,0.0197989898732233,0.014);
#154=ELLIPSE('',#4153,0.0197989898732233,0.014);
#155=ELLIPSE('',#4155,0.0197989898732233,0.014);
#156=ELLIPSE('',#4172,0.0197989898732233,0.014);
#157=ELLIPSE('',#4175,0.0197989898732233,0.014);
#158=ELLIPSE('',#4177,0.0197989898732233,0.014);
#159=ELLIPSE('',#4180,0.0197989898732233,0.014);
#160=ELLIPSE('',#4182,0.0197989898732233,0.014);
#161=ELLIPSE('',#4192,0.0197989898732233,0.014);
#162=ELLIPSE('',#4194,0.0197989898732233,0.014);
#163=ELLIPSE('',#4196,0.0197989898732233,0.014);
#164=ELLIPSE('',#4207,0.0197989898732233,0.014);
#165=ELLIPSE('',#4209,0.0197989898732233,0.014);
#166=ELLIPSE('',#4213,0.0197989898732233,0.014);
#167=ELLIPSE('',#4215,0.0197989898732233,0.014);
#168=ELLIPSE('',#4225,0.0197989898732233,0.014);
#169=ELLIPSE('',#4227,0.0197989898732233,0.014);
#170=ELLIPSE('',#4231,0.0197989898732233,0.014);
#171=ELLIPSE('',#4233,0.0197989898732233,0.014);
#172=ELLIPSE('',#4243,0.0197989898732233,0.014);
#173=ELLIPSE('',#4245,0.0197989898732233,0.014);
#174=ELLIPSE('',#4247,0.0197989898732233,0.014);
#175=ELLIPSE('',#4255,0.0197989898732233,0.014);
#176=CYLINDRICAL_SURFACE('',#3888,0.021);
#177=CYLINDRICAL_SURFACE('',#3946,0.038);
#178=CYLINDRICAL_SURFACE('',#3951,0.038);
#179=CYLINDRICAL_SURFACE('',#3956,0.038);
#180=CYLINDRICAL_SURFACE('',#3963,0.038);
#181=CYLINDRICAL_SURFACE('',#3987,0.00645);
#182=CYLINDRICAL_SURFACE('',#3988,0.00645);
#183=CYLINDRICAL_SURFACE('',#3996,0.00645);
#184=CYLINDRICAL_SURFACE('',#3999,0.00645);
#185=CYLINDRICAL_SURFACE('',#4012,0.00645);
#186=CYLINDRICAL_SURFACE('',#4013,0.00645);
#187=CYLINDRICAL_SURFACE('',#4027,0.00645);
#188=CYLINDRICAL_SURFACE('',#4030,0.00645);
#189=CYLINDRICAL_SURFACE('',#4037,0.008);
#190=CYLINDRICAL_SURFACE('',#4159,0.0031);
#191=CYLINDRICAL_SURFACE('',#4256,0.014);
#192=CYLINDRICAL_SURFACE('',#4257,0.0035);
#193=ORIENTED_EDGE('',*,*,#1291,.T.);
#194=ORIENTED_EDGE('',*,*,#1292,.T.);
#195=ORIENTED_EDGE('',*,*,#1293,.T.);
#196=ORIENTED_EDGE('',*,*,#1294,.F.);
#197=ORIENTED_EDGE('',*,*,#1295,.F.);
#198=ORIENTED_EDGE('',*,*,#1296,.T.);
#199=ORIENTED_EDGE('',*,*,#1297,.T.);
#200=ORIENTED_EDGE('',*,*,#1298,.F.);
#201=ORIENTED_EDGE('',*,*,#1299,.F.);
#202=ORIENTED_EDGE('',*,*,#1300,.T.);
#203=ORIENTED_EDGE('',*,*,#1301,.F.);
#204=ORIENTED_EDGE('',*,*,#1302,.F.);
#205=ORIENTED_EDGE('',*,*,#1303,.F.);
#206=ORIENTED_EDGE('',*,*,#1304,.F.);
#207=ORIENTED_EDGE('',*,*,#1305,.T.);
#208=ORIENTED_EDGE('',*,*,#1306,.T.);
#209=ORIENTED_EDGE('',*,*,#1307,.T.);
#210=ORIENTED_EDGE('',*,*,#1308,.F.);
#211=ORIENTED_EDGE('',*,*,#1309,.T.);
#212=ORIENTED_EDGE('',*,*,#1310,.T.);
#213=ORIENTED_EDGE('',*,*,#1311,.T.);
#214=ORIENTED_EDGE('',*,*,#1312,.T.);
#215=ORIENTED_EDGE('',*,*,#1313,.F.);
#216=ORIENTED_EDGE('',*,*,#1314,.T.);
#217=ORIENTED_EDGE('',*,*,#1315,.T.);
#218=ORIENTED_EDGE('',*,*,#1316,.T.);
#219=ORIENTED_EDGE('',*,*,#1317,.T.);
#220=ORIENTED_EDGE('',*,*,#1318,.F.);
#221=ORIENTED_EDGE('',*,*,#1319,.T.);
#222=ORIENTED_EDGE('',*,*,#1320,.T.);
#223=ORIENTED_EDGE('',*,*,#1321,.T.);
#224=ORIENTED_EDGE('',*,*,#1322,.T.);
#225=ORIENTED_EDGE('',*,*,#1323,.F.);
#226=ORIENTED_EDGE('',*,*,#1324,.T.);
#227=ORIENTED_EDGE('',*,*,#1325,.T.);
#228=ORIENTED_EDGE('',*,*,#1326,.T.);
#229=ORIENTED_EDGE('',*,*,#1327,.T.);
#230=ORIENTED_EDGE('',*,*,#1328,.F.);
#231=ORIENTED_EDGE('',*,*,#1329,.T.);
#232=ORIENTED_EDGE('',*,*,#1302,.T.);
#233=ORIENTED_EDGE('',*,*,#1330,.F.);
#234=ORIENTED_EDGE('',*,*,#1293,.F.);
#235=ORIENTED_EDGE('',*,*,#1331,.T.);
#236=ORIENTED_EDGE('',*,*,#1332,.T.);
#237=ORIENTED_EDGE('',*,*,#1333,.T.);
#238=ORIENTED_EDGE('',*,*,#1334,.T.);
#239=ORIENTED_EDGE('',*,*,#1335,.F.);
#240=ORIENTED_EDGE('',*,*,#1336,.T.);
#241=ORIENTED_EDGE('',*,*,#1337,.T.);
#242=ORIENTED_EDGE('',*,*,#1338,.T.);
#243=ORIENTED_EDGE('',*,*,#1339,.T.);
#244=ORIENTED_EDGE('',*,*,#1340,.F.);
#245=ORIENTED_EDGE('',*,*,#1341,.T.);
#246=ORIENTED_EDGE('',*,*,#1342,.T.);
#247=ORIENTED_EDGE('',*,*,#1343,.T.);
#248=ORIENTED_EDGE('',*,*,#1344,.T.);
#249=ORIENTED_EDGE('',*,*,#1345,.F.);
#250=ORIENTED_EDGE('',*,*,#1346,.T.);
#251=ORIENTED_EDGE('',*,*,#1347,.T.);
#252=ORIENTED_EDGE('',*,*,#1348,.T.);
#253=ORIENTED_EDGE('',*,*,#1349,.T.);
#254=ORIENTED_EDGE('',*,*,#1350,.F.);
#255=ORIENTED_EDGE('',*,*,#1351,.T.);
#256=ORIENTED_EDGE('',*,*,#1352,.T.);
#257=ORIENTED_EDGE('',*,*,#1353,.T.);
#258=ORIENTED_EDGE('',*,*,#1354,.T.);
#259=ORIENTED_EDGE('',*,*,#1355,.F.);
#260=ORIENTED_EDGE('',*,*,#1356,.T.);
#261=ORIENTED_EDGE('',*,*,#1357,.F.);
#262=ORIENTED_EDGE('',*,*,#1296,.F.);
#263=ORIENTED_EDGE('',*,*,#1358,.T.);
#264=ORIENTED_EDGE('',*,*,#1299,.T.);
#265=ORIENTED_EDGE('',*,*,#1359,.F.);
#266=ORIENTED_EDGE('',*,*,#1360,.F.);
#267=ORIENTED_EDGE('',*,*,#1361,.F.);
#268=ORIENTED_EDGE('',*,*,#1362,.F.);
#269=ORIENTED_EDGE('',*,*,#1363,.F.);
#270=ORIENTED_EDGE('',*,*,#1364,.F.);
#271=ORIENTED_EDGE('',*,*,#1365,.F.);
#272=ORIENTED_EDGE('',*,*,#1366,.F.);
#273=ORIENTED_EDGE('',*,*,#1367,.F.);
#274=ORIENTED_EDGE('',*,*,#1368,.F.);
#275=ORIENTED_EDGE('',*,*,#1369,.F.);
#276=ORIENTED_EDGE('',*,*,#1370,.F.);
#277=ORIENTED_EDGE('',*,*,#1371,.F.);
#278=ORIENTED_EDGE('',*,*,#1372,.F.);
#279=ORIENTED_EDGE('',*,*,#1373,.F.);
#280=ORIENTED_EDGE('',*,*,#1374,.F.);
#281=ORIENTED_EDGE('',*,*,#1375,.F.);
#282=ORIENTED_EDGE('',*,*,#1376,.F.);
#283=ORIENTED_EDGE('',*,*,#1377,.F.);
#284=ORIENTED_EDGE('',*,*,#1378,.F.);
#285=ORIENTED_EDGE('',*,*,#1379,.F.);
#286=ORIENTED_EDGE('',*,*,#1380,.F.);
#287=ORIENTED_EDGE('',*,*,#1381,.F.);
#288=ORIENTED_EDGE('',*,*,#1382,.F.);
#289=ORIENTED_EDGE('',*,*,#1383,.F.);
#290=ORIENTED_EDGE('',*,*,#1384,.F.);
#291=ORIENTED_EDGE('',*,*,#1385,.F.);
#292=ORIENTED_EDGE('',*,*,#1386,.F.);
#293=ORIENTED_EDGE('',*,*,#1387,.F.);
#294=ORIENTED_EDGE('',*,*,#1388,.F.);
#295=ORIENTED_EDGE('',*,*,#1389,.F.);
#296=ORIENTED_EDGE('',*,*,#1390,.F.);
#297=ORIENTED_EDGE('',*,*,#1391,.F.);
#298=ORIENTED_EDGE('',*,*,#1392,.F.);
#299=ORIENTED_EDGE('',*,*,#1393,.F.);
#300=ORIENTED_EDGE('',*,*,#1394,.F.);
#301=ORIENTED_EDGE('',*,*,#1395,.F.);
#302=ORIENTED_EDGE('',*,*,#1396,.F.);
#303=ORIENTED_EDGE('',*,*,#1397,.F.);
#304=ORIENTED_EDGE('',*,*,#1398,.F.);
#305=ORIENTED_EDGE('',*,*,#1399,.F.);
#306=ORIENTED_EDGE('',*,*,#1400,.F.);
#307=ORIENTED_EDGE('',*,*,#1401,.F.);
#308=ORIENTED_EDGE('',*,*,#1402,.F.);
#309=ORIENTED_EDGE('',*,*,#1403,.F.);
#310=ORIENTED_EDGE('',*,*,#1404,.F.);
#311=ORIENTED_EDGE('',*,*,#1405,.F.);
#312=ORIENTED_EDGE('',*,*,#1406,.F.);
#313=ORIENTED_EDGE('',*,*,#1407,.F.);
#314=ORIENTED_EDGE('',*,*,#1408,.F.);
#315=ORIENTED_EDGE('',*,*,#1409,.F.);
#316=ORIENTED_EDGE('',*,*,#1410,.T.);
#317=ORIENTED_EDGE('',*,*,#1411,.F.);
#318=ORIENTED_EDGE('',*,*,#1412,.T.);
#319=ORIENTED_EDGE('',*,*,#1413,.T.);
#320=ORIENTED_EDGE('',*,*,#1414,.F.);
#321=ORIENTED_EDGE('',*,*,#1415,.F.);
#322=ORIENTED_EDGE('',*,*,#1416,.T.);
#323=ORIENTED_EDGE('',*,*,#1417,.F.);
#324=ORIENTED_EDGE('',*,*,#1418,.T.);
#325=ORIENTED_EDGE('',*,*,#1419,.T.);
#326=ORIENTED_EDGE('',*,*,#1420,.F.);
#327=ORIENTED_EDGE('',*,*,#1421,.F.);
#328=ORIENTED_EDGE('',*,*,#1422,.F.);
#329=ORIENTED_EDGE('',*,*,#1423,.F.);
#330=ORIENTED_EDGE('',*,*,#1424,.T.);
#331=ORIENTED_EDGE('',*,*,#1425,.T.);
#332=ORIENTED_EDGE('',*,*,#1426,.T.);
#333=ORIENTED_EDGE('',*,*,#1427,.T.);
#334=ORIENTED_EDGE('',*,*,#1428,.F.);
#335=ORIENTED_EDGE('',*,*,#1429,.T.);
#336=ORIENTED_EDGE('',*,*,#1430,.T.);
#337=ORIENTED_EDGE('',*,*,#1431,.T.);
#338=ORIENTED_EDGE('',*,*,#1432,.F.);
#339=ORIENTED_EDGE('',*,*,#1433,.F.);
#340=ORIENTED_EDGE('',*,*,#1434,.F.);
#341=ORIENTED_EDGE('',*,*,#1435,.T.);
#342=ORIENTED_EDGE('',*,*,#1436,.T.);
#343=ORIENTED_EDGE('',*,*,#1437,.T.);
#344=ORIENTED_EDGE('',*,*,#1438,.T.);
#345=ORIENTED_EDGE('',*,*,#1439,.F.);
#346=ORIENTED_EDGE('',*,*,#1423,.T.);
#347=ORIENTED_EDGE('',*,*,#1440,.T.);
#348=ORIENTED_EDGE('',*,*,#1441,.T.);
#349=ORIENTED_EDGE('',*,*,#1442,.F.);
#350=ORIENTED_EDGE('',*,*,#1433,.T.);
#351=ORIENTED_EDGE('',*,*,#1443,.T.);
#352=ORIENTED_EDGE('',*,*,#1444,.T.);
#353=ORIENTED_EDGE('',*,*,#1445,.F.);
#354=ORIENTED_EDGE('',*,*,#1434,.T.);
#355=ORIENTED_EDGE('',*,*,#1446,.T.);
#356=ORIENTED_EDGE('',*,*,#1447,.T.);
#357=ORIENTED_EDGE('',*,*,#1448,.F.);
#358=ORIENTED_EDGE('',*,*,#1449,.T.);
#359=ORIENTED_EDGE('',*,*,#1450,.T.);
#360=ORIENTED_EDGE('',*,*,#1451,.T.);
#361=ORIENTED_EDGE('',*,*,#1452,.F.);
#362=ORIENTED_EDGE('',*,*,#1415,.T.);
#363=ORIENTED_EDGE('',*,*,#1453,.F.);
#364=ORIENTED_EDGE('',*,*,#1412,.F.);
#365=ORIENTED_EDGE('',*,*,#1454,.T.);
#366=ORIENTED_EDGE('',*,*,#1294,.T.);
#367=ORIENTED_EDGE('',*,*,#1330,.T.);
#368=ORIENTED_EDGE('',*,*,#1301,.T.);
#369=ORIENTED_EDGE('',*,*,#1455,.T.);
#370=ORIENTED_EDGE('',*,*,#1421,.T.);
#371=ORIENTED_EDGE('',*,*,#1456,.F.);
#372=ORIENTED_EDGE('',*,*,#1418,.F.);
#373=ORIENTED_EDGE('',*,*,#1457,.F.);
#374=ORIENTED_EDGE('',*,*,#1449,.F.);
#375=ORIENTED_EDGE('',*,*,#1458,.T.);
#376=ORIENTED_EDGE('',*,*,#1459,.T.);
#377=ORIENTED_EDGE('',*,*,#1460,.T.);
#378=ORIENTED_EDGE('',*,*,#1461,.T.);
#379=ORIENTED_EDGE('',*,*,#1462,.F.);
#380=ORIENTED_EDGE('',*,*,#1463,.F.);
#381=ORIENTED_EDGE('',*,*,#1430,.F.);
#382=ORIENTED_EDGE('',*,*,#1464,.T.);
#383=ORIENTED_EDGE('',*,*,#1465,.T.);
#384=ORIENTED_EDGE('',*,*,#1466,.T.);
#385=ORIENTED_EDGE('',*,*,#1467,.F.);
#386=ORIENTED_EDGE('',*,*,#1468,.F.);
#387=ORIENTED_EDGE('',*,*,#1469,.T.);
#388=ORIENTED_EDGE('',*,*,#1470,.T.);
#389=ORIENTED_EDGE('',*,*,#1426,.F.);
#390=ORIENTED_EDGE('',*,*,#1471,.T.);
#391=ORIENTED_EDGE('',*,*,#1472,.T.);
#392=ORIENTED_EDGE('',*,*,#1473,.T.);
#393=ORIENTED_EDGE('',*,*,#1474,.F.);
#394=ORIENTED_EDGE('',*,*,#1475,.F.);
#395=ORIENTED_EDGE('',*,*,#1476,.T.);
#396=ORIENTED_EDGE('',*,*,#1477,.T.);
#397=ORIENTED_EDGE('',*,*,#1460,.F.);
#398=ORIENTED_EDGE('',*,*,#1478,.T.);
#399=ORIENTED_EDGE('',*,*,#1479,.T.);
#400=ORIENTED_EDGE('',*,*,#1480,.T.);
#401=ORIENTED_EDGE('',*,*,#1481,.F.);
#402=ORIENTED_EDGE('',*,*,#1482,.F.);
#403=ORIENTED_EDGE('',*,*,#1483,.T.);
#404=ORIENTED_EDGE('',*,*,#1484,.T.);
#405=ORIENTED_EDGE('',*,*,#1437,.F.);
#406=ORIENTED_EDGE('',*,*,#1485,.T.);
#407=ORIENTED_EDGE('',*,*,#1486,.T.);
#408=ORIENTED_EDGE('',*,*,#1487,.T.);
#409=ORIENTED_EDGE('',*,*,#1488,.F.);
#410=ORIENTED_EDGE('',*,*,#1489,.F.);
#411=ORIENTED_EDGE('',*,*,#1490,.T.);
#412=ORIENTED_EDGE('',*,*,#1491,.T.);
#413=ORIENTED_EDGE('',*,*,#1492,.F.);
#414=ORIENTED_EDGE('',*,*,#1493,.F.);
#415=ORIENTED_EDGE('',*,*,#1494,.F.);
#416=ORIENTED_EDGE('',*,*,#1495,.F.);
#417=ORIENTED_EDGE('',*,*,#1496,.F.);
#418=ORIENTED_EDGE('',*,*,#1497,.F.);
#419=ORIENTED_EDGE('',*,*,#1498,.F.);
#420=ORIENTED_EDGE('',*,*,#1499,.F.);
#421=ORIENTED_EDGE('',*,*,#1453,.T.);
#422=ORIENTED_EDGE('',*,*,#1414,.T.);
#423=ORIENTED_EDGE('',*,*,#1500,.F.);
#424=ORIENTED_EDGE('',*,*,#1410,.F.);
#425=ORIENTED_EDGE('',*,*,#1456,.T.);
#426=ORIENTED_EDGE('',*,*,#1420,.T.);
#427=ORIENTED_EDGE('',*,*,#1501,.F.);
#428=ORIENTED_EDGE('',*,*,#1416,.F.);
#429=ORIENTED_EDGE('',*,*,#1502,.T.);
#430=ORIENTED_EDGE('',*,*,#1503,.T.);
#431=ORIENTED_EDGE('',*,*,#1504,.F.);
#432=ORIENTED_EDGE('',*,*,#1505,.T.);
#433=ORIENTED_EDGE('',*,*,#1506,.T.);
#434=ORIENTED_EDGE('',*,*,#1507,.F.);
#435=ORIENTED_EDGE('',*,*,#1508,.F.);
#436=ORIENTED_EDGE('',*,*,#1509,.T.);
#437=ORIENTED_EDGE('',*,*,#1510,.T.);
#438=ORIENTED_EDGE('',*,*,#1511,.T.);
#439=ORIENTED_EDGE('',*,*,#1358,.F.);
#440=ORIENTED_EDGE('',*,*,#1295,.T.);
#441=ORIENTED_EDGE('',*,*,#1454,.F.);
#442=ORIENTED_EDGE('',*,*,#1411,.T.);
#443=ORIENTED_EDGE('',*,*,#1500,.T.);
#444=ORIENTED_EDGE('',*,*,#1413,.F.);
#445=ORIENTED_EDGE('',*,*,#1457,.T.);
#446=ORIENTED_EDGE('',*,*,#1417,.T.);
#447=ORIENTED_EDGE('',*,*,#1501,.T.);
#448=ORIENTED_EDGE('',*,*,#1419,.F.);
#449=ORIENTED_EDGE('',*,*,#1455,.F.);
#450=ORIENTED_EDGE('',*,*,#1300,.F.);
#451=ORIENTED_EDGE('',*,*,#1512,.F.);
#452=ORIENTED_EDGE('',*,*,#1513,.F.);
#453=ORIENTED_EDGE('',*,*,#1514,.F.);
#454=ORIENTED_EDGE('',*,*,#1515,.T.);
#455=ORIENTED_EDGE('',*,*,#1475,.T.);
#456=ORIENTED_EDGE('',*,*,#1516,.F.);
#457=ORIENTED_EDGE('',*,*,#1517,.F.);
#458=ORIENTED_EDGE('',*,*,#1516,.T.);
#459=ORIENTED_EDGE('',*,*,#1474,.T.);
#460=ORIENTED_EDGE('',*,*,#1518,.F.);
#461=ORIENTED_EDGE('',*,*,#1519,.F.);
#462=ORIENTED_EDGE('',*,*,#1520,.T.);
#463=ORIENTED_EDGE('',*,*,#1518,.T.);
#464=ORIENTED_EDGE('',*,*,#1473,.F.);
#465=ORIENTED_EDGE('',*,*,#1512,.T.);
#466=ORIENTED_EDGE('',*,*,#1497,.T.);
#467=ORIENTED_EDGE('',*,*,#1513,.T.);
#468=ORIENTED_EDGE('',*,*,#1496,.T.);
#469=ORIENTED_EDGE('',*,*,#1472,.F.);
#470=ORIENTED_EDGE('',*,*,#1521,.T.);
#471=ORIENTED_EDGE('',*,*,#1522,.T.);
#472=ORIENTED_EDGE('',*,*,#1523,.T.);
#473=ORIENTED_EDGE('',*,*,#1519,.T.);
#474=ORIENTED_EDGE('',*,*,#1524,.T.);
#475=ORIENTED_EDGE('',*,*,#1525,.F.);
#476=ORIENTED_EDGE('',*,*,#1514,.T.);
#477=ORIENTED_EDGE('',*,*,#1517,.T.);
#478=ORIENTED_EDGE('',*,*,#1520,.F.);
#479=ORIENTED_EDGE('',*,*,#1523,.F.);
#480=ORIENTED_EDGE('',*,*,#1526,.F.);
#481=ORIENTED_EDGE('',*,*,#1451,.F.);
#482=ORIENTED_EDGE('',*,*,#1527,.F.);
#483=ORIENTED_EDGE('',*,*,#1528,.T.);
#484=ORIENTED_EDGE('',*,*,#1476,.F.);
#485=ORIENTED_EDGE('',*,*,#1515,.F.);
#486=ORIENTED_EDGE('',*,*,#1525,.T.);
#487=ORIENTED_EDGE('',*,*,#1522,.F.);
#488=ORIENTED_EDGE('',*,*,#1529,.T.);
#489=ORIENTED_EDGE('',*,*,#1424,.F.);
#490=ORIENTED_EDGE('',*,*,#1452,.T.);
#491=ORIENTED_EDGE('',*,*,#1526,.T.);
#492=ORIENTED_EDGE('',*,*,#1462,.T.);
#493=ORIENTED_EDGE('',*,*,#1530,.T.);
#494=ORIENTED_EDGE('',*,*,#1527,.T.);
#495=ORIENTED_EDGE('',*,*,#1524,.F.);
#496=ORIENTED_EDGE('',*,*,#1450,.F.);
#497=ORIENTED_EDGE('',*,*,#1531,.F.);
#498=ORIENTED_EDGE('',*,*,#1531,.T.);
#499=ORIENTED_EDGE('',*,*,#1498,.T.);
#500=ORIENTED_EDGE('',*,*,#1532,.F.);
#501=ORIENTED_EDGE('',*,*,#1532,.T.);
#502=ORIENTED_EDGE('',*,*,#1499,.T.);
#503=ORIENTED_EDGE('',*,*,#1533,.T.);
#504=ORIENTED_EDGE('',*,*,#1534,.F.);
#505=ORIENTED_EDGE('',*,*,#1535,.T.);
#506=ORIENTED_EDGE('',*,*,#1536,.T.);
#507=ORIENTED_EDGE('',*,*,#1537,.F.);
#508=ORIENTED_EDGE('',*,*,#1538,.F.);
#509=ORIENTED_EDGE('',*,*,#1539,.F.);
#510=ORIENTED_EDGE('',*,*,#1447,.F.);
#511=ORIENTED_EDGE('',*,*,#1540,.F.);
#512=ORIENTED_EDGE('',*,*,#1541,.T.);
#513=ORIENTED_EDGE('',*,*,#1483,.F.);
#514=ORIENTED_EDGE('',*,*,#1542,.F.);
#515=ORIENTED_EDGE('',*,*,#1534,.T.);
#516=ORIENTED_EDGE('',*,*,#1479,.F.);
#517=ORIENTED_EDGE('',*,*,#1543,.T.);
#518=ORIENTED_EDGE('',*,*,#1544,.T.);
#519=ORIENTED_EDGE('',*,*,#1538,.T.);
#520=ORIENTED_EDGE('',*,*,#1545,.T.);
#521=ORIENTED_EDGE('',*,*,#1535,.F.);
#522=ORIENTED_EDGE('',*,*,#1542,.T.);
#523=ORIENTED_EDGE('',*,*,#1482,.T.);
#524=ORIENTED_EDGE('',*,*,#1546,.F.);
#525=ORIENTED_EDGE('',*,*,#1545,.F.);
#526=ORIENTED_EDGE('',*,*,#1537,.T.);
#527=ORIENTED_EDGE('',*,*,#1547,.T.);
#528=ORIENTED_EDGE('',*,*,#1480,.F.);
#529=ORIENTED_EDGE('',*,*,#1536,.F.);
#530=ORIENTED_EDGE('',*,*,#1546,.T.);
#531=ORIENTED_EDGE('',*,*,#1481,.T.);
#532=ORIENTED_EDGE('',*,*,#1547,.F.);
#533=ORIENTED_EDGE('',*,*,#1439,.T.);
#534=ORIENTED_EDGE('',*,*,#1548,.T.);
#535=ORIENTED_EDGE('',*,*,#1540,.T.);
#536=ORIENTED_EDGE('',*,*,#1533,.F.);
#537=ORIENTED_EDGE('',*,*,#1446,.F.);
#538=ORIENTED_EDGE('',*,*,#1544,.F.);
#539=ORIENTED_EDGE('',*,*,#1549,.T.);
#540=ORIENTED_EDGE('',*,*,#1458,.F.);
#541=ORIENTED_EDGE('',*,*,#1448,.T.);
#542=ORIENTED_EDGE('',*,*,#1539,.T.);
#543=ORIENTED_EDGE('',*,*,#1550,.F.);
#544=ORIENTED_EDGE('',*,*,#1551,.F.);
#545=ORIENTED_EDGE('',*,*,#1550,.T.);
#546=ORIENTED_EDGE('',*,*,#1493,.T.);
#547=ORIENTED_EDGE('',*,*,#1551,.T.);
#548=ORIENTED_EDGE('',*,*,#1492,.T.);
#549=ORIENTED_EDGE('',*,*,#1552,.F.);
#550=ORIENTED_EDGE('',*,*,#1553,.T.);
#551=ORIENTED_EDGE('',*,*,#1489,.T.);
#552=ORIENTED_EDGE('',*,*,#1554,.F.);
#553=ORIENTED_EDGE('',*,*,#1555,.F.);
#554=ORIENTED_EDGE('',*,*,#1554,.T.);
#555=ORIENTED_EDGE('',*,*,#1488,.T.);
#556=ORIENTED_EDGE('',*,*,#1556,.F.);
#557=ORIENTED_EDGE('',*,*,#1557,.F.);
#558=ORIENTED_EDGE('',*,*,#1558,.T.);
#559=ORIENTED_EDGE('',*,*,#1556,.T.);
#560=ORIENTED_EDGE('',*,*,#1487,.F.);
#561=ORIENTED_EDGE('',*,*,#1559,.F.);
#562=ORIENTED_EDGE('',*,*,#1560,.T.);
#563=ORIENTED_EDGE('',*,*,#1490,.F.);
#564=ORIENTED_EDGE('',*,*,#1553,.F.);
#565=ORIENTED_EDGE('',*,*,#1561,.T.);
#566=ORIENTED_EDGE('',*,*,#1486,.F.);
#567=ORIENTED_EDGE('',*,*,#1562,.T.);
#568=ORIENTED_EDGE('',*,*,#1563,.T.);
#569=ORIENTED_EDGE('',*,*,#1564,.T.);
#570=ORIENTED_EDGE('',*,*,#1557,.T.);
#571=ORIENTED_EDGE('',*,*,#1565,.T.);
#572=ORIENTED_EDGE('',*,*,#1566,.T.);
#573=ORIENTED_EDGE('',*,*,#1561,.F.);
#574=ORIENTED_EDGE('',*,*,#1552,.T.);
#575=ORIENTED_EDGE('',*,*,#1555,.T.);
#576=ORIENTED_EDGE('',*,*,#1558,.F.);
#577=ORIENTED_EDGE('',*,*,#1564,.F.);
#578=ORIENTED_EDGE('',*,*,#1567,.F.);
#579=ORIENTED_EDGE('',*,*,#1444,.F.);
#580=ORIENTED_EDGE('',*,*,#1563,.F.);
#581=ORIENTED_EDGE('',*,*,#1568,.T.);
#582=ORIENTED_EDGE('',*,*,#1435,.F.);
#583=ORIENTED_EDGE('',*,*,#1445,.T.);
#584=ORIENTED_EDGE('',*,*,#1567,.T.);
#585=ORIENTED_EDGE('',*,*,#1432,.T.);
#586=ORIENTED_EDGE('',*,*,#1569,.T.);
#587=ORIENTED_EDGE('',*,*,#1559,.T.);
#588=ORIENTED_EDGE('',*,*,#1566,.F.);
#589=ORIENTED_EDGE('',*,*,#1443,.F.);
#590=ORIENTED_EDGE('',*,*,#1422,.T.);
#591=ORIENTED_EDGE('',*,*,#1570,.T.);
#592=ORIENTED_EDGE('',*,*,#1571,.T.);
#593=ORIENTED_EDGE('',*,*,#1572,.F.);
#594=ORIENTED_EDGE('',*,*,#1440,.F.);
#595=ORIENTED_EDGE('',*,*,#1573,.F.);
#596=ORIENTED_EDGE('',*,*,#1574,.T.);
#597=ORIENTED_EDGE('',*,*,#1428,.T.);
#598=ORIENTED_EDGE('',*,*,#1442,.T.);
#599=ORIENTED_EDGE('',*,*,#1575,.T.);
#600=ORIENTED_EDGE('',*,*,#1576,.F.);
#601=ORIENTED_EDGE('',*,*,#1576,.T.);
#602=ORIENTED_EDGE('',*,*,#1494,.T.);
#603=ORIENTED_EDGE('',*,*,#1577,.F.);
#604=ORIENTED_EDGE('',*,*,#1577,.T.);
#605=ORIENTED_EDGE('',*,*,#1495,.T.);
#606=ORIENTED_EDGE('',*,*,#1572,.T.);
#607=ORIENTED_EDGE('',*,*,#1578,.F.);
#608=ORIENTED_EDGE('',*,*,#1579,.T.);
#609=ORIENTED_EDGE('',*,*,#1580,.T.);
#610=ORIENTED_EDGE('',*,*,#1581,.F.);
#611=ORIENTED_EDGE('',*,*,#1582,.F.);
#612=ORIENTED_EDGE('',*,*,#1575,.F.);
#613=ORIENTED_EDGE('',*,*,#1441,.F.);
#614=ORIENTED_EDGE('',*,*,#1571,.F.);
#615=ORIENTED_EDGE('',*,*,#1583,.T.);
#616=ORIENTED_EDGE('',*,*,#1469,.F.);
#617=ORIENTED_EDGE('',*,*,#1584,.F.);
#618=ORIENTED_EDGE('',*,*,#1578,.T.);
#619=ORIENTED_EDGE('',*,*,#1465,.F.);
#620=ORIENTED_EDGE('',*,*,#1585,.T.);
#621=ORIENTED_EDGE('',*,*,#1573,.T.);
#622=ORIENTED_EDGE('',*,*,#1582,.T.);
#623=ORIENTED_EDGE('',*,*,#1586,.T.);
#624=ORIENTED_EDGE('',*,*,#1579,.F.);
#625=ORIENTED_EDGE('',*,*,#1584,.T.);
#626=ORIENTED_EDGE('',*,*,#1468,.T.);
#627=ORIENTED_EDGE('',*,*,#1587,.F.);
#628=ORIENTED_EDGE('',*,*,#1586,.F.);
#629=ORIENTED_EDGE('',*,*,#1581,.T.);
#630=ORIENTED_EDGE('',*,*,#1588,.T.);
#631=ORIENTED_EDGE('',*,*,#1466,.F.);
#632=ORIENTED_EDGE('',*,*,#1580,.F.);
#633=ORIENTED_EDGE('',*,*,#1587,.T.);
#634=ORIENTED_EDGE('',*,*,#1467,.T.);
#635=ORIENTED_EDGE('',*,*,#1588,.F.);
#636=ORIENTED_EDGE('',*,*,#1565,.F.);
#637=ORIENTED_EDGE('',*,*,#1589,.F.);
#638=ORIENTED_EDGE('',*,*,#1590,.T.);
#639=ORIENTED_EDGE('',*,*,#1589,.T.);
#640=ORIENTED_EDGE('',*,*,#1304,.T.);
#641=ORIENTED_EDGE('',*,*,#1591,.T.);
#642=ORIENTED_EDGE('',*,*,#1592,.T.);
#643=ORIENTED_EDGE('',*,*,#1593,.T.);
#644=ORIENTED_EDGE('',*,*,#1594,.T.);
#645=ORIENTED_EDGE('',*,*,#1303,.T.);
#646=ORIENTED_EDGE('',*,*,#1329,.F.);
#647=ORIENTED_EDGE('',*,*,#1595,.T.);
#648=ORIENTED_EDGE('',*,*,#1591,.F.);
#649=ORIENTED_EDGE('',*,*,#1596,.F.);
#650=ORIENTED_EDGE('',*,*,#1597,.T.);
#651=ORIENTED_EDGE('',*,*,#1598,.T.);
#652=ORIENTED_EDGE('',*,*,#1599,.F.);
#653=ORIENTED_EDGE('',*,*,#1600,.T.);
#654=ORIENTED_EDGE('',*,*,#1505,.F.);
#655=ORIENTED_EDGE('',*,*,#1600,.F.);
#656=ORIENTED_EDGE('',*,*,#1601,.F.);
#657=ORIENTED_EDGE('',*,*,#1602,.T.);
#658=ORIENTED_EDGE('',*,*,#1603,.T.);
#659=ORIENTED_EDGE('',*,*,#1604,.F.);
#660=ORIENTED_EDGE('',*,*,#1506,.F.);
#661=ORIENTED_EDGE('',*,*,#1605,.F.);
#662=ORIENTED_EDGE('',*,*,#1606,.F.);
#663=ORIENTED_EDGE('',*,*,#1607,.T.);
#664=ORIENTED_EDGE('',*,*,#1608,.T.);
#665=ORIENTED_EDGE('',*,*,#1609,.T.);
#666=ORIENTED_EDGE('',*,*,#1511,.F.);
#667=ORIENTED_EDGE('',*,*,#1610,.T.);
#668=ORIENTED_EDGE('',*,*,#1611,.T.);
#669=ORIENTED_EDGE('',*,*,#1612,.F.);
#670=ORIENTED_EDGE('',*,*,#1613,.F.);
#671=ORIENTED_EDGE('',*,*,#1605,.T.);
#672=ORIENTED_EDGE('',*,*,#1510,.F.);
#673=ORIENTED_EDGE('',*,*,#1614,.T.);
#674=ORIENTED_EDGE('',*,*,#1615,.F.);
#675=ORIENTED_EDGE('',*,*,#1610,.F.);
#676=ORIENTED_EDGE('',*,*,#1509,.F.);
#677=ORIENTED_EDGE('',*,*,#1609,.F.);
#678=ORIENTED_EDGE('',*,*,#1616,.F.);
#679=ORIENTED_EDGE('',*,*,#1617,.F.);
#680=ORIENTED_EDGE('',*,*,#1502,.F.);
#681=ORIENTED_EDGE('',*,*,#1507,.T.);
#682=ORIENTED_EDGE('',*,*,#1604,.T.);
#683=ORIENTED_EDGE('',*,*,#1618,.T.);
#684=ORIENTED_EDGE('',*,*,#1619,.F.);
#685=ORIENTED_EDGE('',*,*,#1504,.T.);
#686=ORIENTED_EDGE('',*,*,#1620,.T.);
#687=ORIENTED_EDGE('',*,*,#1621,.T.);
#688=ORIENTED_EDGE('',*,*,#1596,.T.);
#689=ORIENTED_EDGE('',*,*,#1617,.T.);
#690=ORIENTED_EDGE('',*,*,#1622,.T.);
#691=ORIENTED_EDGE('',*,*,#1620,.F.);
#692=ORIENTED_EDGE('',*,*,#1503,.F.);
#693=ORIENTED_EDGE('',*,*,#1508,.T.);
#694=ORIENTED_EDGE('',*,*,#1619,.T.);
#695=ORIENTED_EDGE('',*,*,#1623,.F.);
#696=ORIENTED_EDGE('',*,*,#1614,.F.);
#697=ORIENTED_EDGE('',*,*,#1367,.T.);
#698=ORIENTED_EDGE('',*,*,#1624,.F.);
#699=ORIENTED_EDGE('',*,*,#1625,.T.);
#700=ORIENTED_EDGE('',*,*,#1626,.T.);
#701=ORIENTED_EDGE('',*,*,#1366,.T.);
#702=ORIENTED_EDGE('',*,*,#1627,.T.);
#703=ORIENTED_EDGE('',*,*,#1628,.T.);
#704=ORIENTED_EDGE('',*,*,#1624,.T.);
#705=ORIENTED_EDGE('',*,*,#1373,.T.);
#706=ORIENTED_EDGE('',*,*,#1629,.F.);
#707=ORIENTED_EDGE('',*,*,#1630,.T.);
#708=ORIENTED_EDGE('',*,*,#1631,.F.);
#709=ORIENTED_EDGE('',*,*,#1372,.T.);
#710=ORIENTED_EDGE('',*,*,#1632,.T.);
#711=ORIENTED_EDGE('',*,*,#1633,.T.);
#712=ORIENTED_EDGE('',*,*,#1629,.T.);
#713=ORIENTED_EDGE('',*,*,#1370,.T.);
#714=ORIENTED_EDGE('',*,*,#1634,.T.);
#715=ORIENTED_EDGE('',*,*,#1635,.T.);
#716=ORIENTED_EDGE('',*,*,#1636,.T.);
#717=ORIENTED_EDGE('',*,*,#1371,.T.);
#718=ORIENTED_EDGE('',*,*,#1636,.F.);
#719=ORIENTED_EDGE('',*,*,#1637,.T.);
#720=ORIENTED_EDGE('',*,*,#1632,.F.);
#721=ORIENTED_EDGE('',*,*,#1369,.T.);
#722=ORIENTED_EDGE('',*,*,#1638,.F.);
#723=ORIENTED_EDGE('',*,*,#1639,.T.);
#724=ORIENTED_EDGE('',*,*,#1634,.F.);
#725=ORIENTED_EDGE('',*,*,#1405,.T.);
#726=ORIENTED_EDGE('',*,*,#1640,.F.);
#727=ORIENTED_EDGE('',*,*,#1641,.T.);
#728=ORIENTED_EDGE('',*,*,#1642,.F.);
#729=ORIENTED_EDGE('',*,*,#1390,.T.);
#730=ORIENTED_EDGE('',*,*,#1643,.T.);
#731=ORIENTED_EDGE('',*,*,#1644,.T.);
#732=ORIENTED_EDGE('',*,*,#1645,.T.);
#733=ORIENTED_EDGE('',*,*,#1398,.T.);
#734=ORIENTED_EDGE('',*,*,#1646,.T.);
#735=ORIENTED_EDGE('',*,*,#1647,.T.);
#736=ORIENTED_EDGE('',*,*,#1648,.T.);
#737=ORIENTED_EDGE('',*,*,#1402,.T.);
#738=ORIENTED_EDGE('',*,*,#1649,.T.);
#739=ORIENTED_EDGE('',*,*,#1650,.T.);
#740=ORIENTED_EDGE('',*,*,#1651,.T.);
#741=ORIENTED_EDGE('',*,*,#1404,.T.);
#742=ORIENTED_EDGE('',*,*,#1652,.T.);
#743=ORIENTED_EDGE('',*,*,#1653,.T.);
#744=ORIENTED_EDGE('',*,*,#1640,.T.);
#745=ORIENTED_EDGE('',*,*,#1403,.T.);
#746=ORIENTED_EDGE('',*,*,#1651,.F.);
#747=ORIENTED_EDGE('',*,*,#1654,.T.);
#748=ORIENTED_EDGE('',*,*,#1652,.F.);
#749=ORIENTED_EDGE('',*,*,#1399,.T.);
#750=ORIENTED_EDGE('',*,*,#1648,.F.);
#751=ORIENTED_EDGE('',*,*,#1655,.T.);
#752=ORIENTED_EDGE('',*,*,#1656,.F.);
#753=ORIENTED_EDGE('',*,*,#1400,.T.);
#754=ORIENTED_EDGE('',*,*,#1656,.T.);
#755=ORIENTED_EDGE('',*,*,#1657,.T.);
#756=ORIENTED_EDGE('',*,*,#1658,.T.);
#757=ORIENTED_EDGE('',*,*,#1401,.T.);
#758=ORIENTED_EDGE('',*,*,#1658,.F.);
#759=ORIENTED_EDGE('',*,*,#1659,.T.);
#760=ORIENTED_EDGE('',*,*,#1649,.F.);
#761=ORIENTED_EDGE('',*,*,#1393,.T.);
#762=ORIENTED_EDGE('',*,*,#1660,.F.);
#763=ORIENTED_EDGE('',*,*,#1661,.T.);
#764=ORIENTED_EDGE('',*,*,#1662,.F.);
#765=ORIENTED_EDGE('',*,*,#1392,.T.);
#766=ORIENTED_EDGE('',*,*,#1663,.T.);
#767=ORIENTED_EDGE('',*,*,#1664,.T.);
#768=ORIENTED_EDGE('',*,*,#1660,.T.);
#769=ORIENTED_EDGE('',*,*,#1391,.T.);
#770=ORIENTED_EDGE('',*,*,#1645,.F.);
#771=ORIENTED_EDGE('',*,*,#1665,.T.);
#772=ORIENTED_EDGE('',*,*,#1663,.F.);
#773=ORIENTED_EDGE('',*,*,#1395,.T.);
#774=ORIENTED_EDGE('',*,*,#1666,.F.);
#775=ORIENTED_EDGE('',*,*,#1667,.T.);
#776=ORIENTED_EDGE('',*,*,#1668,.F.);
#777=ORIENTED_EDGE('',*,*,#1396,.T.);
#778=ORIENTED_EDGE('',*,*,#1668,.T.);
#779=ORIENTED_EDGE('',*,*,#1669,.T.);
#780=ORIENTED_EDGE('',*,*,#1670,.T.);
#781=ORIENTED_EDGE('',*,*,#1394,.T.);
#782=ORIENTED_EDGE('',*,*,#1662,.T.);
#783=ORIENTED_EDGE('',*,*,#1671,.T.);
#784=ORIENTED_EDGE('',*,*,#1666,.T.);
#785=ORIENTED_EDGE('',*,*,#1397,.T.);
#786=ORIENTED_EDGE('',*,*,#1670,.F.);
#787=ORIENTED_EDGE('',*,*,#1672,.T.);
#788=ORIENTED_EDGE('',*,*,#1646,.F.);
#789=ORIENTED_EDGE('',*,*,#1381,.T.);
#790=ORIENTED_EDGE('',*,*,#1673,.F.);
#791=ORIENTED_EDGE('',*,*,#1674,.T.);
#792=ORIENTED_EDGE('',*,*,#1675,.F.);
#793=ORIENTED_EDGE('',*,*,#1378,.T.);
#794=ORIENTED_EDGE('',*,*,#1676,.T.);
#795=ORIENTED_EDGE('',*,*,#1677,.T.);
#796=ORIENTED_EDGE('',*,*,#1678,.T.);
#797=ORIENTED_EDGE('',*,*,#1380,.T.);
#798=ORIENTED_EDGE('',*,*,#1679,.T.);
#799=ORIENTED_EDGE('',*,*,#1680,.T.);
#800=ORIENTED_EDGE('',*,*,#1673,.T.);
#801=ORIENTED_EDGE('',*,*,#1379,.T.);
#802=ORIENTED_EDGE('',*,*,#1678,.F.);
#803=ORIENTED_EDGE('',*,*,#1681,.T.);
#804=ORIENTED_EDGE('',*,*,#1679,.F.);
#805=ORIENTED_EDGE('',*,*,#1375,.T.);
#806=ORIENTED_EDGE('',*,*,#1682,.F.);
#807=ORIENTED_EDGE('',*,*,#1683,.T.);
#808=ORIENTED_EDGE('',*,*,#1684,.F.);
#809=ORIENTED_EDGE('',*,*,#1374,.T.);
#810=ORIENTED_EDGE('',*,*,#1631,.T.);
#811=ORIENTED_EDGE('',*,*,#1685,.T.);
#812=ORIENTED_EDGE('',*,*,#1682,.T.);
#813=ORIENTED_EDGE('',*,*,#1376,.T.);
#814=ORIENTED_EDGE('',*,*,#1684,.T.);
#815=ORIENTED_EDGE('',*,*,#1686,.T.);
#816=ORIENTED_EDGE('',*,*,#1687,.T.);
#817=ORIENTED_EDGE('',*,*,#1377,.T.);
#818=ORIENTED_EDGE('',*,*,#1687,.F.);
#819=ORIENTED_EDGE('',*,*,#1688,.T.);
#820=ORIENTED_EDGE('',*,*,#1676,.F.);
#821=ORIENTED_EDGE('',*,*,#1385,.T.);
#822=ORIENTED_EDGE('',*,*,#1689,.F.);
#823=ORIENTED_EDGE('',*,*,#1690,.T.);
#824=ORIENTED_EDGE('',*,*,#1691,.F.);
#825=ORIENTED_EDGE('',*,*,#1384,.T.);
#826=ORIENTED_EDGE('',*,*,#1692,.T.);
#827=ORIENTED_EDGE('',*,*,#1693,.T.);
#828=ORIENTED_EDGE('',*,*,#1689,.T.);
#829=ORIENTED_EDGE('',*,*,#1383,.T.);
#830=ORIENTED_EDGE('',*,*,#1694,.F.);
#831=ORIENTED_EDGE('',*,*,#1695,.T.);
#832=ORIENTED_EDGE('',*,*,#1692,.F.);
#833=ORIENTED_EDGE('',*,*,#1387,.T.);
#834=ORIENTED_EDGE('',*,*,#1696,.F.);
#835=ORIENTED_EDGE('',*,*,#1697,.T.);
#836=ORIENTED_EDGE('',*,*,#1698,.F.);
#837=ORIENTED_EDGE('',*,*,#1388,.T.);
#838=ORIENTED_EDGE('',*,*,#1698,.T.);
#839=ORIENTED_EDGE('',*,*,#1699,.T.);
#840=ORIENTED_EDGE('',*,*,#1700,.T.);
#841=ORIENTED_EDGE('',*,*,#1386,.T.);
#842=ORIENTED_EDGE('',*,*,#1691,.T.);
#843=ORIENTED_EDGE('',*,*,#1701,.T.);
#844=ORIENTED_EDGE('',*,*,#1696,.T.);
#845=ORIENTED_EDGE('',*,*,#1382,.T.);
#846=ORIENTED_EDGE('',*,*,#1675,.T.);
#847=ORIENTED_EDGE('',*,*,#1702,.T.);
#848=ORIENTED_EDGE('',*,*,#1694,.T.);
#849=ORIENTED_EDGE('',*,*,#1389,.T.);
#850=ORIENTED_EDGE('',*,*,#1700,.F.);
#851=ORIENTED_EDGE('',*,*,#1703,.T.);
#852=ORIENTED_EDGE('',*,*,#1643,.F.);
#853=ORIENTED_EDGE('',*,*,#1409,.T.);
#854=ORIENTED_EDGE('',*,*,#1704,.F.);
#855=ORIENTED_EDGE('',*,*,#1705,.T.);
#856=ORIENTED_EDGE('',*,*,#1706,.F.);
#857=ORIENTED_EDGE('',*,*,#1408,.T.);
#858=ORIENTED_EDGE('',*,*,#1707,.T.);
#859=ORIENTED_EDGE('',*,*,#1708,.T.);
#860=ORIENTED_EDGE('',*,*,#1704,.T.);
#861=ORIENTED_EDGE('',*,*,#1407,.T.);
#862=ORIENTED_EDGE('',*,*,#1709,.F.);
#863=ORIENTED_EDGE('',*,*,#1710,.T.);
#864=ORIENTED_EDGE('',*,*,#1707,.F.);
#865=ORIENTED_EDGE('',*,*,#1361,.T.);
#866=ORIENTED_EDGE('',*,*,#1711,.F.);
#867=ORIENTED_EDGE('',*,*,#1712,.T.);
#868=ORIENTED_EDGE('',*,*,#1713,.F.);
#869=ORIENTED_EDGE('',*,*,#1360,.T.);
#870=ORIENTED_EDGE('',*,*,#1714,.T.);
#871=ORIENTED_EDGE('',*,*,#1715,.T.);
#872=ORIENTED_EDGE('',*,*,#1711,.T.);
#873=ORIENTED_EDGE('',*,*,#1298,.T.);
#874=ORIENTED_EDGE('',*,*,#1594,.F.);
#875=ORIENTED_EDGE('',*,*,#1716,.T.);
#876=ORIENTED_EDGE('',*,*,#1714,.F.);
#877=ORIENTED_EDGE('',*,*,#1359,.T.);
#878=ORIENTED_EDGE('',*,*,#1363,.T.);
#879=ORIENTED_EDGE('',*,*,#1717,.F.);
#880=ORIENTED_EDGE('',*,*,#1718,.T.);
#881=ORIENTED_EDGE('',*,*,#1719,.F.);
#882=ORIENTED_EDGE('',*,*,#1364,.T.);
#883=ORIENTED_EDGE('',*,*,#1719,.T.);
#884=ORIENTED_EDGE('',*,*,#1720,.T.);
#885=ORIENTED_EDGE('',*,*,#1721,.T.);
#886=ORIENTED_EDGE('',*,*,#1362,.T.);
#887=ORIENTED_EDGE('',*,*,#1713,.T.);
#888=ORIENTED_EDGE('',*,*,#1722,.T.);
#889=ORIENTED_EDGE('',*,*,#1717,.T.);
#890=ORIENTED_EDGE('',*,*,#1406,.T.);
#891=ORIENTED_EDGE('',*,*,#1642,.T.);
#892=ORIENTED_EDGE('',*,*,#1723,.T.);
#893=ORIENTED_EDGE('',*,*,#1709,.T.);
#894=ORIENTED_EDGE('',*,*,#1365,.T.);
#895=ORIENTED_EDGE('',*,*,#1721,.F.);
#896=ORIENTED_EDGE('',*,*,#1724,.T.);
#897=ORIENTED_EDGE('',*,*,#1627,.F.);
#898=ORIENTED_EDGE('',*,*,#1368,.T.);
#899=ORIENTED_EDGE('',*,*,#1626,.F.);
#900=ORIENTED_EDGE('',*,*,#1725,.T.);
#901=ORIENTED_EDGE('',*,*,#1638,.T.);
#902=ORIENTED_EDGE('',*,*,#1726,.T.);
#903=ORIENTED_EDGE('',*,*,#1727,.T.);
#904=ORIENTED_EDGE('',*,*,#1728,.T.);
#905=ORIENTED_EDGE('',*,*,#1726,.F.);
#906=ORIENTED_EDGE('',*,*,#1728,.F.);
#907=ORIENTED_EDGE('',*,*,#1729,.T.);
#908=ORIENTED_EDGE('',*,*,#1606,.T.);
#909=ORIENTED_EDGE('',*,*,#1613,.T.);
#910=ORIENTED_EDGE('',*,*,#1730,.T.);
#911=ORIENTED_EDGE('',*,*,#1601,.T.);
#912=ORIENTED_EDGE('',*,*,#1599,.T.);
#913=ORIENTED_EDGE('',*,*,#1731,.T.);
#914=ORIENTED_EDGE('',*,*,#1607,.F.);
#915=ORIENTED_EDGE('',*,*,#1729,.F.);
#916=ORIENTED_EDGE('',*,*,#1598,.F.);
#917=ORIENTED_EDGE('',*,*,#1732,.T.);
#918=ORIENTED_EDGE('',*,*,#1602,.F.);
#919=ORIENTED_EDGE('',*,*,#1730,.F.);
#920=ORIENTED_EDGE('',*,*,#1612,.T.);
#921=ORIENTED_EDGE('',*,*,#1731,.F.);
#922=ORIENTED_EDGE('',*,*,#1597,.F.);
#923=ORIENTED_EDGE('',*,*,#1621,.F.);
#924=ORIENTED_EDGE('',*,*,#1622,.F.);
#925=ORIENTED_EDGE('',*,*,#1616,.T.);
#926=ORIENTED_EDGE('',*,*,#1608,.F.);
#927=ORIENTED_EDGE('',*,*,#1732,.F.);
#928=ORIENTED_EDGE('',*,*,#1611,.F.);
#929=ORIENTED_EDGE('',*,*,#1615,.T.);
#930=ORIENTED_EDGE('',*,*,#1623,.T.);
#931=ORIENTED_EDGE('',*,*,#1618,.F.);
#932=ORIENTED_EDGE('',*,*,#1603,.F.);
#933=ORIENTED_EDGE('',*,*,#1733,.T.);
#934=ORIENTED_EDGE('',*,*,#1734,.T.);
#935=ORIENTED_EDGE('',*,*,#1305,.F.);
#936=ORIENTED_EDGE('',*,*,#1734,.F.);
#937=ORIENTED_EDGE('',*,*,#1735,.T.);
#938=ORIENTED_EDGE('',*,*,#1306,.F.);
#939=ORIENTED_EDGE('',*,*,#1308,.T.);
#940=ORIENTED_EDGE('',*,*,#1736,.T.);
#941=ORIENTED_EDGE('',*,*,#1737,.F.);
#942=ORIENTED_EDGE('',*,*,#1735,.F.);
#943=ORIENTED_EDGE('',*,*,#1736,.F.);
#944=ORIENTED_EDGE('',*,*,#1307,.F.);
#945=ORIENTED_EDGE('',*,*,#1738,.T.);
#946=ORIENTED_EDGE('',*,*,#1739,.F.);
#947=ORIENTED_EDGE('',*,*,#1740,.F.);
#948=ORIENTED_EDGE('',*,*,#1733,.F.);
#949=ORIENTED_EDGE('',*,*,#1356,.F.);
#950=ORIENTED_EDGE('',*,*,#1741,.T.);
#951=ORIENTED_EDGE('',*,*,#1742,.F.);
#952=ORIENTED_EDGE('',*,*,#1740,.T.);
#953=ORIENTED_EDGE('',*,*,#1743,.F.);
#954=ORIENTED_EDGE('',*,*,#1744,.T.);
#955=ORIENTED_EDGE('',*,*,#1745,.F.);
#956=ORIENTED_EDGE('',*,*,#1746,.F.);
#957=ORIENTED_EDGE('',*,*,#1747,.F.);
#958=ORIENTED_EDGE('',*,*,#1341,.F.);
#959=ORIENTED_EDGE('',*,*,#1748,.T.);
#960=ORIENTED_EDGE('',*,*,#1749,.T.);
#961=ORIENTED_EDGE('',*,*,#1745,.T.);
#962=ORIENTED_EDGE('',*,*,#1750,.T.);
#963=ORIENTED_EDGE('',*,*,#1751,.T.);
#964=ORIENTED_EDGE('',*,*,#1752,.T.);
#965=ORIENTED_EDGE('',*,*,#1753,.T.);
#966=ORIENTED_EDGE('',*,*,#1754,.T.);
#967=ORIENTED_EDGE('',*,*,#1755,.T.);
#968=ORIENTED_EDGE('',*,*,#1753,.F.);
#969=ORIENTED_EDGE('',*,*,#1756,.F.);
#970=ORIENTED_EDGE('',*,*,#1757,.F.);
#971=ORIENTED_EDGE('',*,*,#1351,.F.);
#972=ORIENTED_EDGE('',*,*,#1758,.T.);
#973=ORIENTED_EDGE('',*,*,#1743,.T.);
#974=ORIENTED_EDGE('',*,*,#1739,.T.);
#975=ORIENTED_EDGE('',*,*,#1759,.T.);
#976=ORIENTED_EDGE('',*,*,#1760,.T.);
#977=ORIENTED_EDGE('',*,*,#1759,.F.);
#978=ORIENTED_EDGE('',*,*,#1756,.T.);
#979=ORIENTED_EDGE('',*,*,#1752,.F.);
#980=ORIENTED_EDGE('',*,*,#1757,.T.);
#981=ORIENTED_EDGE('',*,*,#1761,.T.);
#982=ORIENTED_EDGE('',*,*,#1352,.F.);
#983=ORIENTED_EDGE('',*,*,#1761,.F.);
#984=ORIENTED_EDGE('',*,*,#1762,.T.);
#985=ORIENTED_EDGE('',*,*,#1353,.F.);
#986=ORIENTED_EDGE('',*,*,#1355,.T.);
#987=ORIENTED_EDGE('',*,*,#1763,.T.);
#988=ORIENTED_EDGE('',*,*,#1738,.F.);
#989=ORIENTED_EDGE('',*,*,#1762,.F.);
#990=ORIENTED_EDGE('',*,*,#1763,.F.);
#991=ORIENTED_EDGE('',*,*,#1354,.F.);
#992=ORIENTED_EDGE('',*,*,#1764,.F.);
#993=ORIENTED_EDGE('',*,*,#1765,.F.);
#994=ORIENTED_EDGE('',*,*,#1344,.F.);
#995=ORIENTED_EDGE('',*,*,#1345,.T.);
#996=ORIENTED_EDGE('',*,*,#1765,.T.);
#997=ORIENTED_EDGE('',*,*,#1766,.F.);
#998=ORIENTED_EDGE('',*,*,#1767,.F.);
#999=ORIENTED_EDGE('',*,*,#1764,.T.);
#1000=ORIENTED_EDGE('',*,*,#1343,.F.);
#1001=ORIENTED_EDGE('',*,*,#1747,.T.);
#1002=ORIENTED_EDGE('',*,*,#1767,.T.);
#1003=ORIENTED_EDGE('',*,*,#1342,.F.);
#1004=ORIENTED_EDGE('',*,*,#1768,.T.);
#1005=ORIENTED_EDGE('',*,*,#1769,.F.);
#1006=ORIENTED_EDGE('',*,*,#1746,.T.);
#1007=ORIENTED_EDGE('',*,*,#1749,.F.);
#1008=ORIENTED_EDGE('',*,*,#1770,.T.);
#1009=ORIENTED_EDGE('',*,*,#1771,.T.);
#1010=ORIENTED_EDGE('',*,*,#1772,.T.);
#1011=ORIENTED_EDGE('',*,*,#1769,.T.);
#1012=ORIENTED_EDGE('',*,*,#1773,.T.);
#1013=ORIENTED_EDGE('',*,*,#1754,.F.);
#1014=ORIENTED_EDGE('',*,*,#1774,.T.);
#1015=ORIENTED_EDGE('',*,*,#1771,.F.);
#1016=ORIENTED_EDGE('',*,*,#1766,.T.);
#1017=ORIENTED_EDGE('',*,*,#1772,.F.);
#1018=ORIENTED_EDGE('',*,*,#1774,.F.);
#1019=ORIENTED_EDGE('',*,*,#1775,.F.);
#1020=ORIENTED_EDGE('',*,*,#1346,.F.);
#1021=ORIENTED_EDGE('',*,*,#1776,.F.);
#1022=ORIENTED_EDGE('',*,*,#1777,.F.);
#1023=ORIENTED_EDGE('',*,*,#1349,.F.);
#1024=ORIENTED_EDGE('',*,*,#1350,.T.);
#1025=ORIENTED_EDGE('',*,*,#1777,.T.);
#1026=ORIENTED_EDGE('',*,*,#1755,.F.);
#1027=ORIENTED_EDGE('',*,*,#1778,.F.);
#1028=ORIENTED_EDGE('',*,*,#1776,.T.);
#1029=ORIENTED_EDGE('',*,*,#1348,.F.);
#1030=ORIENTED_EDGE('',*,*,#1775,.T.);
#1031=ORIENTED_EDGE('',*,*,#1778,.T.);
#1032=ORIENTED_EDGE('',*,*,#1347,.F.);
#1033=ORIENTED_EDGE('',*,*,#1779,.F.);
#1034=ORIENTED_EDGE('',*,*,#1780,.F.);
#1035=ORIENTED_EDGE('',*,*,#1334,.F.);
#1036=ORIENTED_EDGE('',*,*,#1335,.T.);
#1037=ORIENTED_EDGE('',*,*,#1780,.T.);
#1038=ORIENTED_EDGE('',*,*,#1781,.F.);
#1039=ORIENTED_EDGE('',*,*,#1782,.F.);
#1040=ORIENTED_EDGE('',*,*,#1779,.T.);
#1041=ORIENTED_EDGE('',*,*,#1333,.F.);
#1042=ORIENTED_EDGE('',*,*,#1783,.T.);
#1043=ORIENTED_EDGE('',*,*,#1782,.T.);
#1044=ORIENTED_EDGE('',*,*,#1332,.F.);
#1045=ORIENTED_EDGE('',*,*,#1784,.F.);
#1046=ORIENTED_EDGE('',*,*,#1785,.T.);
#1047=ORIENTED_EDGE('',*,*,#1786,.F.);
#1048=ORIENTED_EDGE('',*,*,#1787,.T.);
#1049=ORIENTED_EDGE('',*,*,#1291,.F.);
#1050=ORIENTED_EDGE('',*,*,#1788,.T.);
#1051=ORIENTED_EDGE('',*,*,#1789,.T.);
#1052=ORIENTED_EDGE('',*,*,#1790,.T.);
#1053=ORIENTED_EDGE('',*,*,#1786,.T.);
#1054=ORIENTED_EDGE('',*,*,#1781,.T.);
#1055=ORIENTED_EDGE('',*,*,#1790,.F.);
#1056=ORIENTED_EDGE('',*,*,#1791,.F.);
#1057=ORIENTED_EDGE('',*,*,#1792,.F.);
#1058=ORIENTED_EDGE('',*,*,#1336,.F.);
#1059=ORIENTED_EDGE('',*,*,#1787,.F.);
#1060=ORIENTED_EDGE('',*,*,#1783,.F.);
#1061=ORIENTED_EDGE('',*,*,#1331,.F.);
#1062=ORIENTED_EDGE('',*,*,#1292,.F.);
#1063=ORIENTED_EDGE('',*,*,#1357,.T.);
#1064=ORIENTED_EDGE('',*,*,#1706,.T.);
#1065=ORIENTED_EDGE('',*,*,#1793,.T.);
#1066=ORIENTED_EDGE('',*,*,#1784,.T.);
#1067=ORIENTED_EDGE('',*,*,#1297,.F.);
#1068=ORIENTED_EDGE('',*,*,#1794,.T.);
#1069=ORIENTED_EDGE('',*,*,#1750,.F.);
#1070=ORIENTED_EDGE('',*,*,#1791,.T.);
#1071=ORIENTED_EDGE('',*,*,#1789,.F.);
#1072=ORIENTED_EDGE('',*,*,#1792,.T.);
#1073=ORIENTED_EDGE('',*,*,#1795,.T.);
#1074=ORIENTED_EDGE('',*,*,#1337,.F.);
#1075=ORIENTED_EDGE('',*,*,#1795,.F.);
#1076=ORIENTED_EDGE('',*,*,#1796,.T.);
#1077=ORIENTED_EDGE('',*,*,#1338,.F.);
#1078=ORIENTED_EDGE('',*,*,#1796,.F.);
#1079=ORIENTED_EDGE('',*,*,#1797,.F.);
#1080=ORIENTED_EDGE('',*,*,#1339,.F.);
#1081=ORIENTED_EDGE('',*,*,#1340,.T.);
#1082=ORIENTED_EDGE('',*,*,#1797,.T.);
#1083=ORIENTED_EDGE('',*,*,#1744,.F.);
#1084=ORIENTED_EDGE('',*,*,#1328,.T.);
#1085=ORIENTED_EDGE('',*,*,#1798,.T.);
#1086=ORIENTED_EDGE('',*,*,#1595,.F.);
#1087=ORIENTED_EDGE('',*,*,#1799,.F.);
#1088=ORIENTED_EDGE('',*,*,#1798,.F.);
#1089=ORIENTED_EDGE('',*,*,#1327,.F.);
#1090=ORIENTED_EDGE('',*,*,#1800,.F.);
#1091=ORIENTED_EDGE('',*,*,#1799,.T.);
#1092=ORIENTED_EDGE('',*,*,#1326,.F.);
#1093=ORIENTED_EDGE('',*,*,#1801,.T.);
#1094=ORIENTED_EDGE('',*,*,#1800,.T.);
#1095=ORIENTED_EDGE('',*,*,#1325,.F.);
#1096=ORIENTED_EDGE('',*,*,#1802,.T.);
#1097=ORIENTED_EDGE('',*,*,#1592,.F.);
#1098=ORIENTED_EDGE('',*,*,#1803,.T.);
#1099=ORIENTED_EDGE('',*,*,#1804,.F.);
#1100=ORIENTED_EDGE('',*,*,#1805,.T.);
#1101=ORIENTED_EDGE('',*,*,#1806,.T.);
#1102=ORIENTED_EDGE('',*,*,#1807,.T.);
#1103=ORIENTED_EDGE('',*,*,#1808,.T.);
#1104=ORIENTED_EDGE('',*,*,#1809,.T.);
#1105=ORIENTED_EDGE('',*,*,#1807,.F.);
#1106=ORIENTED_EDGE('',*,*,#1810,.F.);
#1107=ORIENTED_EDGE('',*,*,#1811,.F.);
#1108=ORIENTED_EDGE('',*,*,#1319,.F.);
#1109=ORIENTED_EDGE('',*,*,#1812,.T.);
#1110=ORIENTED_EDGE('',*,*,#1813,.F.);
#1111=ORIENTED_EDGE('',*,*,#1803,.F.);
#1112=ORIENTED_EDGE('',*,*,#1801,.F.);
#1113=ORIENTED_EDGE('',*,*,#1324,.F.);
#1114=ORIENTED_EDGE('',*,*,#1814,.T.);
#1115=ORIENTED_EDGE('',*,*,#1804,.T.);
#1116=ORIENTED_EDGE('',*,*,#1813,.T.);
#1117=ORIENTED_EDGE('',*,*,#1815,.T.);
#1118=ORIENTED_EDGE('',*,*,#1816,.T.);
#1119=ORIENTED_EDGE('',*,*,#1815,.F.);
#1120=ORIENTED_EDGE('',*,*,#1810,.T.);
#1121=ORIENTED_EDGE('',*,*,#1806,.F.);
#1122=ORIENTED_EDGE('',*,*,#1811,.T.);
#1123=ORIENTED_EDGE('',*,*,#1817,.T.);
#1124=ORIENTED_EDGE('',*,*,#1320,.F.);
#1125=ORIENTED_EDGE('',*,*,#1817,.F.);
#1126=ORIENTED_EDGE('',*,*,#1818,.T.);
#1127=ORIENTED_EDGE('',*,*,#1321,.F.);
#1128=ORIENTED_EDGE('',*,*,#1323,.T.);
#1129=ORIENTED_EDGE('',*,*,#1819,.T.);
#1130=ORIENTED_EDGE('',*,*,#1812,.F.);
#1131=ORIENTED_EDGE('',*,*,#1818,.F.);
#1132=ORIENTED_EDGE('',*,*,#1819,.F.);
#1133=ORIENTED_EDGE('',*,*,#1322,.F.);
#1134=ORIENTED_EDGE('',*,*,#1820,.F.);
#1135=ORIENTED_EDGE('',*,*,#1821,.F.);
#1136=ORIENTED_EDGE('',*,*,#1312,.F.);
#1137=ORIENTED_EDGE('',*,*,#1313,.T.);
#1138=ORIENTED_EDGE('',*,*,#1821,.T.);
#1139=ORIENTED_EDGE('',*,*,#1822,.F.);
#1140=ORIENTED_EDGE('',*,*,#1823,.F.);
#1141=ORIENTED_EDGE('',*,*,#1820,.T.);
#1142=ORIENTED_EDGE('',*,*,#1311,.F.);
#1143=ORIENTED_EDGE('',*,*,#1824,.T.);
#1144=ORIENTED_EDGE('',*,*,#1823,.T.);
#1145=ORIENTED_EDGE('',*,*,#1310,.F.);
#1146=ORIENTED_EDGE('',*,*,#1825,.T.);
#1147=ORIENTED_EDGE('',*,*,#1826,.F.);
#1148=ORIENTED_EDGE('',*,*,#1827,.T.);
#1149=ORIENTED_EDGE('',*,*,#1828,.F.);
#1150=ORIENTED_EDGE('',*,*,#1829,.T.);
#1151=ORIENTED_EDGE('',*,*,#1830,.T.);
#1152=ORIENTED_EDGE('',*,*,#1831,.T.);
#1153=ORIENTED_EDGE('',*,*,#1826,.T.);
#1154=ORIENTED_EDGE('',*,*,#1832,.T.);
#1155=ORIENTED_EDGE('',*,*,#1808,.F.);
#1156=ORIENTED_EDGE('',*,*,#1833,.T.);
#1157=ORIENTED_EDGE('',*,*,#1830,.F.);
#1158=ORIENTED_EDGE('',*,*,#1822,.T.);
#1159=ORIENTED_EDGE('',*,*,#1831,.F.);
#1160=ORIENTED_EDGE('',*,*,#1833,.F.);
#1161=ORIENTED_EDGE('',*,*,#1834,.F.);
#1162=ORIENTED_EDGE('',*,*,#1314,.F.);
#1163=ORIENTED_EDGE('',*,*,#1835,.F.);
#1164=ORIENTED_EDGE('',*,*,#1836,.F.);
#1165=ORIENTED_EDGE('',*,*,#1317,.F.);
#1166=ORIENTED_EDGE('',*,*,#1318,.T.);
#1167=ORIENTED_EDGE('',*,*,#1836,.T.);
#1168=ORIENTED_EDGE('',*,*,#1809,.F.);
#1169=ORIENTED_EDGE('',*,*,#1837,.F.);
#1170=ORIENTED_EDGE('',*,*,#1835,.T.);
#1171=ORIENTED_EDGE('',*,*,#1316,.F.);
#1172=ORIENTED_EDGE('',*,*,#1834,.T.);
#1173=ORIENTED_EDGE('',*,*,#1837,.T.);
#1174=ORIENTED_EDGE('',*,*,#1315,.F.);
#1175=ORIENTED_EDGE('',*,*,#1737,.T.);
#1176=ORIENTED_EDGE('',*,*,#1838,.F.);
#1177=ORIENTED_EDGE('',*,*,#1827,.F.);
#1178=ORIENTED_EDGE('',*,*,#1824,.F.);
#1179=ORIENTED_EDGE('',*,*,#1309,.F.);
#1180=ORIENTED_EDGE('',*,*,#1839,.T.);
#1181=ORIENTED_EDGE('',*,*,#1828,.T.);
#1182=ORIENTED_EDGE('',*,*,#1838,.T.);
#1183=ORIENTED_EDGE('',*,*,#1742,.T.);
#1184=ORIENTED_EDGE('',*,*,#1727,.F.);
#1185=ORIENTED_EDGE('',*,*,#1628,.F.);
#1186=ORIENTED_EDGE('',*,*,#1724,.F.);
#1187=ORIENTED_EDGE('',*,*,#1720,.F.);
#1188=ORIENTED_EDGE('',*,*,#1718,.F.);
#1189=ORIENTED_EDGE('',*,*,#1722,.F.);
#1190=ORIENTED_EDGE('',*,*,#1712,.F.);
#1191=ORIENTED_EDGE('',*,*,#1715,.F.);
#1192=ORIENTED_EDGE('',*,*,#1716,.F.);
#1193=ORIENTED_EDGE('',*,*,#1593,.F.);
#1194=ORIENTED_EDGE('',*,*,#1802,.F.);
#1195=ORIENTED_EDGE('',*,*,#1814,.F.);
#1196=ORIENTED_EDGE('',*,*,#1816,.F.);
#1197=ORIENTED_EDGE('',*,*,#1805,.F.);
#1198=ORIENTED_EDGE('',*,*,#1832,.F.);
#1199=ORIENTED_EDGE('',*,*,#1829,.F.);
#1200=ORIENTED_EDGE('',*,*,#1825,.F.);
#1201=ORIENTED_EDGE('',*,*,#1839,.F.);
#1202=ORIENTED_EDGE('',*,*,#1741,.F.);
#1203=ORIENTED_EDGE('',*,*,#1758,.F.);
#1204=ORIENTED_EDGE('',*,*,#1760,.F.);
#1205=ORIENTED_EDGE('',*,*,#1751,.F.);
#1206=ORIENTED_EDGE('',*,*,#1773,.F.);
#1207=ORIENTED_EDGE('',*,*,#1770,.F.);
#1208=ORIENTED_EDGE('',*,*,#1768,.F.);
#1209=ORIENTED_EDGE('',*,*,#1748,.F.);
#1210=ORIENTED_EDGE('',*,*,#1794,.F.);
#1211=ORIENTED_EDGE('',*,*,#1788,.F.);
#1212=ORIENTED_EDGE('',*,*,#1785,.F.);
#1213=ORIENTED_EDGE('',*,*,#1793,.F.);
#1214=ORIENTED_EDGE('',*,*,#1705,.F.);
#1215=ORIENTED_EDGE('',*,*,#1708,.F.);
#1216=ORIENTED_EDGE('',*,*,#1710,.F.);
#1217=ORIENTED_EDGE('',*,*,#1723,.F.);
#1218=ORIENTED_EDGE('',*,*,#1641,.F.);
#1219=ORIENTED_EDGE('',*,*,#1653,.F.);
#1220=ORIENTED_EDGE('',*,*,#1654,.F.);
#1221=ORIENTED_EDGE('',*,*,#1650,.F.);
#1222=ORIENTED_EDGE('',*,*,#1659,.F.);
#1223=ORIENTED_EDGE('',*,*,#1657,.F.);
#1224=ORIENTED_EDGE('',*,*,#1655,.F.);
#1225=ORIENTED_EDGE('',*,*,#1647,.F.);
#1226=ORIENTED_EDGE('',*,*,#1672,.F.);
#1227=ORIENTED_EDGE('',*,*,#1669,.F.);
#1228=ORIENTED_EDGE('',*,*,#1667,.F.);
#1229=ORIENTED_EDGE('',*,*,#1671,.F.);
#1230=ORIENTED_EDGE('',*,*,#1661,.F.);
#1231=ORIENTED_EDGE('',*,*,#1664,.F.);
#1232=ORIENTED_EDGE('',*,*,#1665,.F.);
#1233=ORIENTED_EDGE('',*,*,#1644,.F.);
#1234=ORIENTED_EDGE('',*,*,#1703,.F.);
#1235=ORIENTED_EDGE('',*,*,#1699,.F.);
#1236=ORIENTED_EDGE('',*,*,#1697,.F.);
#1237=ORIENTED_EDGE('',*,*,#1701,.F.);
#1238=ORIENTED_EDGE('',*,*,#1690,.F.);
#1239=ORIENTED_EDGE('',*,*,#1693,.F.);
#1240=ORIENTED_EDGE('',*,*,#1695,.F.);
#1241=ORIENTED_EDGE('',*,*,#1702,.F.);
#1242=ORIENTED_EDGE('',*,*,#1674,.F.);
#1243=ORIENTED_EDGE('',*,*,#1680,.F.);
#1244=ORIENTED_EDGE('',*,*,#1681,.F.);
#1245=ORIENTED_EDGE('',*,*,#1677,.F.);
#1246=ORIENTED_EDGE('',*,*,#1688,.F.);
#1247=ORIENTED_EDGE('',*,*,#1686,.F.);
#1248=ORIENTED_EDGE('',*,*,#1683,.F.);
#1249=ORIENTED_EDGE('',*,*,#1685,.F.);
#1250=ORIENTED_EDGE('',*,*,#1630,.F.);
#1251=ORIENTED_EDGE('',*,*,#1633,.F.);
#1252=ORIENTED_EDGE('',*,*,#1637,.F.);
#1253=ORIENTED_EDGE('',*,*,#1635,.F.);
#1254=ORIENTED_EDGE('',*,*,#1639,.F.);
#1255=ORIENTED_EDGE('',*,*,#1725,.F.);
#1256=ORIENTED_EDGE('',*,*,#1625,.F.);
#1257=ORIENTED_EDGE('',*,*,#1590,.F.);
#1258=ORIENTED_EDGE('',*,*,#1463,.T.);
#1259=ORIENTED_EDGE('',*,*,#1585,.F.);
#1260=ORIENTED_EDGE('',*,*,#1464,.F.);
#1261=ORIENTED_EDGE('',*,*,#1429,.F.);
#1262=ORIENTED_EDGE('',*,*,#1574,.F.);
#1263=ORIENTED_EDGE('',*,*,#1438,.F.);
#1264=ORIENTED_EDGE('',*,*,#1484,.F.);
#1265=ORIENTED_EDGE('',*,*,#1541,.F.);
#1266=ORIENTED_EDGE('',*,*,#1548,.F.);
#1267=ORIENTED_EDGE('',*,*,#1427,.F.);
#1268=ORIENTED_EDGE('',*,*,#1470,.F.);
#1269=ORIENTED_EDGE('',*,*,#1583,.F.);
#1270=ORIENTED_EDGE('',*,*,#1570,.F.);
#1271=ORIENTED_EDGE('',*,*,#1425,.F.);
#1272=ORIENTED_EDGE('',*,*,#1529,.F.);
#1273=ORIENTED_EDGE('',*,*,#1521,.F.);
#1274=ORIENTED_EDGE('',*,*,#1471,.F.);
#1275=ORIENTED_EDGE('',*,*,#1461,.F.);
#1276=ORIENTED_EDGE('',*,*,#1477,.F.);
#1277=ORIENTED_EDGE('',*,*,#1528,.F.);
#1278=ORIENTED_EDGE('',*,*,#1530,.F.);
#1279=ORIENTED_EDGE('',*,*,#1459,.F.);
#1280=ORIENTED_EDGE('',*,*,#1549,.F.);
#1281=ORIENTED_EDGE('',*,*,#1543,.F.);
#1282=ORIENTED_EDGE('',*,*,#1478,.F.);
#1283=ORIENTED_EDGE('',*,*,#1436,.F.);
#1284=ORIENTED_EDGE('',*,*,#1568,.F.);
#1285=ORIENTED_EDGE('',*,*,#1562,.F.);
#1286=ORIENTED_EDGE('',*,*,#1485,.F.);
#1287=ORIENTED_EDGE('',*,*,#1431,.F.);
#1288=ORIENTED_EDGE('',*,*,#1491,.F.);
#1289=ORIENTED_EDGE('',*,*,#1560,.F.);
#1290=ORIENTED_EDGE('',*,*,#1569,.F.);
#1291=EDGE_CURVE('',#1840,#1841,#2197,.T.);
#1292=EDGE_CURVE('',#1841,#1842,#2198,.T.);
#1293=EDGE_CURVE('',#1842,#1843,#2199,.T.);
#1294=EDGE_CURVE('',#1844,#1843,#2200,.T.);
#1295=EDGE_CURVE('',#1845,#1844,#2201,.T.);
#1296=EDGE_CURVE('',#1845,#1846,#2202,.F.);
#1297=EDGE_CURVE('',#1846,#1840,#2203,.T.);
#1298=EDGE_CURVE('',#1847,#1848,#2204,.T.);
#1299=EDGE_CURVE('',#1849,#1847,#2205,.F.);
#1300=EDGE_CURVE('',#1849,#1850,#2206,.T.);
#1301=EDGE_CURVE('',#1851,#1850,#2207,.T.);
#1302=EDGE_CURVE('',#1852,#1851,#2208,.T.);
#1303=EDGE_CURVE('',#1853,#1852,#2209,.T.);
#1304=EDGE_CURVE('',#1848,#1853,#2210,.T.);
#1305=EDGE_CURVE('',#1854,#1855,#2211,.T.);
#1306=EDGE_CURVE('',#1855,#1856,#2212,.T.);
#1307=EDGE_CURVE('',#1856,#1857,#2213,.T.);
#1308=EDGE_CURVE('',#1858,#1857,#2214,.T.);
#1309=EDGE_CURVE('',#1858,#1859,#2215,.T.);
#1310=EDGE_CURVE('',#1859,#1860,#2216,.T.);
#1311=EDGE_CURVE('',#1860,#1861,#2217,.T.);
#1312=EDGE_CURVE('',#1861,#1862,#2218,.T.);
#1313=EDGE_CURVE('',#1863,#1862,#2219,.T.);
#1314=EDGE_CURVE('',#1863,#1864,#2220,.T.);
#1315=EDGE_CURVE('',#1864,#1865,#2221,.T.);
#1316=EDGE_CURVE('',#1865,#1866,#2222,.T.);
#1317=EDGE_CURVE('',#1866,#1867,#2223,.T.);
#1318=EDGE_CURVE('',#1868,#1867,#2224,.T.);
#1319=EDGE_CURVE('',#1868,#1869,#2225,.T.);
#1320=EDGE_CURVE('',#1869,#1870,#2226,.T.);
#1321=EDGE_CURVE('',#1870,#1871,#2227,.T.);
#1322=EDGE_CURVE('',#1871,#1872,#2228,.T.);
#1323=EDGE_CURVE('',#1873,#1872,#2229,.T.);
#1324=EDGE_CURVE('',#1873,#1874,#2230,.T.);
#1325=EDGE_CURVE('',#1874,#1875,#2231,.T.);
#1326=EDGE_CURVE('',#1875,#1876,#2232,.T.);
#1327=EDGE_CURVE('',#1876,#1877,#2233,.T.);
#1328=EDGE_CURVE('',#1878,#1877,#2234,.T.);
#1329=EDGE_CURVE('',#1878,#1852,#2235,.T.);
#1330=EDGE_CURVE('',#1843,#1851,#2236,.T.);
#1331=EDGE_CURVE('',#1842,#1879,#2237,.T.);
#1332=EDGE_CURVE('',#1879,#1880,#2238,.T.);
#1333=EDGE_CURVE('',#1880,#1881,#2239,.T.);
#1334=EDGE_CURVE('',#1881,#1882,#2240,.T.);
#1335=EDGE_CURVE('',#1883,#1882,#2241,.T.);
#1336=EDGE_CURVE('',#1883,#1884,#2242,.T.);
#1337=EDGE_CURVE('',#1884,#1885,#2243,.T.);
#1338=EDGE_CURVE('',#1885,#1886,#2244,.T.);
#1339=EDGE_CURVE('',#1886,#1887,#2245,.T.);
#1340=EDGE_CURVE('',#1888,#1887,#2246,.T.);
#1341=EDGE_CURVE('',#1888,#1889,#2247,.T.);
#1342=EDGE_CURVE('',#1889,#1890,#2248,.T.);
#1343=EDGE_CURVE('',#1890,#1891,#2249,.T.);
#1344=EDGE_CURVE('',#1891,#1892,#2250,.T.);
#1345=EDGE_CURVE('',#1893,#1892,#2251,.T.);
#1346=EDGE_CURVE('',#1893,#1894,#2252,.T.);
#1347=EDGE_CURVE('',#1894,#1895,#2253,.T.);
#1348=EDGE_CURVE('',#1895,#1896,#2254,.T.);
#1349=EDGE_CURVE('',#1896,#1897,#2255,.T.);
#1350=EDGE_CURVE('',#1898,#1897,#2256,.T.);
#1351=EDGE_CURVE('',#1898,#1899,#2257,.T.);
#1352=EDGE_CURVE('',#1899,#1900,#2258,.T.);
#1353=EDGE_CURVE('',#1900,#1901,#2259,.T.);
#1354=EDGE_CURVE('',#1901,#1902,#2260,.T.);
#1355=EDGE_CURVE('',#1903,#1902,#2261,.T.);
#1356=EDGE_CURVE('',#1903,#1854,#2262,.T.);
#1357=EDGE_CURVE('',#1846,#1904,#43,.T.);
#1358=EDGE_CURVE('',#1845,#1849,#12,.T.);
#1359=EDGE_CURVE('',#1905,#1847,#44,.T.);
#1360=EDGE_CURVE('',#1906,#1905,#45,.T.);
#1361=EDGE_CURVE('',#1907,#1906,#46,.T.);
#1362=EDGE_CURVE('',#1908,#1907,#47,.T.);
#1363=EDGE_CURVE('',#1909,#1908,#48,.T.);
#1364=EDGE_CURVE('',#1910,#1909,#49,.T.);
#1365=EDGE_CURVE('',#1911,#1910,#50,.T.);
#1366=EDGE_CURVE('',#1912,#1911,#51,.T.);
#1367=EDGE_CURVE('',#1913,#1912,#52,.T.);
#1368=EDGE_CURVE('',#1914,#1913,#53,.T.);
#1369=EDGE_CURVE('',#1915,#1914,#54,.T.);
#1370=EDGE_CURVE('',#1916,#1915,#55,.T.);
#1371=EDGE_CURVE('',#1917,#1916,#56,.T.);
#1372=EDGE_CURVE('',#1918,#1917,#57,.T.);
#1373=EDGE_CURVE('',#1919,#1918,#58,.T.);
#1374=EDGE_CURVE('',#1920,#1919,#59,.T.);
#1375=EDGE_CURVE('',#1921,#1920,#60,.T.);
#1376=EDGE_CURVE('',#1922,#1921,#61,.T.);
#1377=EDGE_CURVE('',#1923,#1922,#62,.T.);
#1378=EDGE_CURVE('',#1924,#1923,#63,.T.);
#1379=EDGE_CURVE('',#1925,#1924,#64,.T.);
#1380=EDGE_CURVE('',#1926,#1925,#65,.T.);
#1381=EDGE_CURVE('',#1927,#1926,#66,.T.);
#1382=EDGE_CURVE('',#1928,#1927,#67,.T.);
#1383=EDGE_CURVE('',#1929,#1928,#68,.T.);
#1384=EDGE_CURVE('',#1930,#1929,#69,.T.);
#1385=EDGE_CURVE('',#1931,#1930,#70,.T.);
#1386=EDGE_CURVE('',#1932,#1931,#71,.T.);
#1387=EDGE_CURVE('',#1933,#1932,#72,.T.);
#1388=EDGE_CURVE('',#1934,#1933,#73,.T.);
#1389=EDGE_CURVE('',#1935,#1934,#74,.T.);
#1390=EDGE_CURVE('',#1936,#1935,#75,.T.);
#1391=EDGE_CURVE('',#1937,#1936,#76,.T.);
#1392=EDGE_CURVE('',#1938,#1937,#77,.T.);
#1393=EDGE_CURVE('',#1939,#1938,#78,.T.);
#1394=EDGE_CURVE('',#1940,#1939,#79,.T.);
#1395=EDGE_CURVE('',#1941,#1940,#80,.T.);
#1396=EDGE_CURVE('',#1942,#1941,#81,.T.);
#1397=EDGE_CURVE('',#1943,#1942,#82,.T.);
#1398=EDGE_CURVE('',#1944,#1943,#83,.T.);
#1399=EDGE_CURVE('',#1945,#1944,#84,.T.);
#1400=EDGE_CURVE('',#1946,#1945,#85,.T.);
#1401=EDGE_CURVE('',#1947,#1946,#86,.T.);
#1402=EDGE_CURVE('',#1948,#1947,#87,.T.);
#1403=EDGE_CURVE('',#1949,#1948,#88,.T.);
#1404=EDGE_CURVE('',#1950,#1949,#89,.T.);
#1405=EDGE_CURVE('',#1951,#1950,#90,.T.);
#1406=EDGE_CURVE('',#1952,#1951,#91,.T.);
#1407=EDGE_CURVE('',#1953,#1952,#92,.T.);
#1408=EDGE_CURVE('',#1954,#1953,#93,.T.);
#1409=EDGE_CURVE('',#1904,#1954,#94,.T.);
#1410=EDGE_CURVE('',#1955,#1956,#2263,.T.);
#1411=EDGE_CURVE('',#1957,#1956,#2264,.T.);
#1412=EDGE_CURVE('',#1957,#1955,#2265,.T.);
#1413=EDGE_CURVE('',#1958,#1959,#2266,.T.);
#1414=EDGE_CURVE('',#1960,#1959,#2267,.T.);
#1415=EDGE_CURVE('',#1958,#1960,#2268,.T.);
#1416=EDGE_CURVE('',#1961,#1962,#2269,.T.);
#1417=EDGE_CURVE('',#1963,#1962,#2270,.T.);
#1418=EDGE_CURVE('',#1963,#1961,#2271,.T.);
#1419=EDGE_CURVE('',#1964,#1965,#2272,.T.);
#1420=EDGE_CURVE('',#1966,#1965,#2273,.T.);
#1421=EDGE_CURVE('',#1964,#1966,#2274,.T.);
#1422=EDGE_CURVE('',#1967,#1968,#2275,.T.);
#1423=EDGE_CURVE('',#1969,#1967,#13,.T.);
#1424=EDGE_CURVE('',#1969,#1970,#2276,.T.);
#1425=EDGE_CURVE('',#1970,#1971,#95,.T.);
#1426=EDGE_CURVE('',#1971,#1972,#14,.T.);
#1427=EDGE_CURVE('',#1972,#1968,#96,.F.);
#1428=EDGE_CURVE('',#1973,#1974,#2277,.F.);
#1429=EDGE_CURVE('',#1973,#1975,#97,.F.);
#1430=EDGE_CURVE('',#1975,#1976,#15,.T.);
#1431=EDGE_CURVE('',#1976,#1977,#98,.F.);
#1432=EDGE_CURVE('',#1978,#1977,#2278,.T.);
#1433=EDGE_CURVE('',#1974,#1978,#16,.T.);
#1434=EDGE_CURVE('',#1979,#1980,#17,.T.);
#1435=EDGE_CURVE('',#1979,#1981,#2279,.T.);
#1436=EDGE_CURVE('',#1981,#1982,#99,.T.);
#1437=EDGE_CURVE('',#1982,#1983,#18,.T.);
#1438=EDGE_CURVE('',#1983,#1984,#100,.F.);
#1439=EDGE_CURVE('',#1980,#1984,#2280,.T.);
#1440=EDGE_CURVE('',#1967,#1985,#2281,.T.);
#1441=EDGE_CURVE('',#1985,#1986,#2282,.T.);
#1442=EDGE_CURVE('',#1974,#1986,#2283,.T.);
#1443=EDGE_CURVE('',#1978,#1987,#2284,.T.);
#1444=EDGE_CURVE('',#1987,#1988,#2285,.T.);
#1445=EDGE_CURVE('',#1979,#1988,#2286,.T.);
#1446=EDGE_CURVE('',#1980,#1989,#2287,.T.);
#1447=EDGE_CURVE('',#1989,#1990,#2288,.T.);
#1448=EDGE_CURVE('',#1991,#1990,#2289,.T.);
#1449=EDGE_CURVE('',#1991,#1992,#19,.T.);
#1450=EDGE_CURVE('',#1992,#1993,#2290,.T.);
#1451=EDGE_CURVE('',#1993,#1994,#2291,.T.);
#1452=EDGE_CURVE('',#1969,#1994,#2292,.T.);
#1453=EDGE_CURVE('',#1955,#1960,#2293,.T.);
#1454=EDGE_CURVE('',#1957,#1844,#2294,.T.);
#1455=EDGE_CURVE('',#1850,#1964,#2295,.T.);
#1456=EDGE_CURVE('',#1961,#1966,#2296,.T.);
#1457=EDGE_CURVE('',#1958,#1963,#2297,.T.);
#1458=EDGE_CURVE('',#1991,#1995,#2298,.T.);
#1459=EDGE_CURVE('',#1995,#1996,#101,.T.);
#1460=EDGE_CURVE('',#1996,#1997,#20,.T.);
#1461=EDGE_CURVE('',#1997,#1998,#102,.F.);
#1462=EDGE_CURVE('',#1992,#1998,#2299,.T.);
#1463=EDGE_CURVE('',#1999,#1999,#21,.F.);
#1464=EDGE_CURVE('',#1975,#2000,#2300,.T.);
#1465=EDGE_CURVE('',#2000,#2001,#2301,.T.);
#1466=EDGE_CURVE('',#2001,#2002,#2302,.T.);
#1467=EDGE_CURVE('',#2003,#2002,#2303,.T.);
#1468=EDGE_CURVE('',#2004,#2003,#2304,.T.);
#1469=EDGE_CURVE('',#2004,#2005,#2305,.T.);
#1470=EDGE_CURVE('',#2005,#1972,#2306,.T.);
#1471=EDGE_CURVE('',#1971,#2006,#2307,.T.);
#1472=EDGE_CURVE('',#2006,#2007,#2308,.T.);
#1473=EDGE_CURVE('',#2007,#2008,#2309,.T.);
#1474=EDGE_CURVE('',#2009,#2008,#2310,.T.);
#1475=EDGE_CURVE('',#2010,#2009,#2311,.T.);
#1476=EDGE_CURVE('',#2010,#2011,#2312,.T.);
#1477=EDGE_CURVE('',#2011,#1997,#2313,.T.);
#1478=EDGE_CURVE('',#1996,#2012,#2314,.T.);
#1479=EDGE_CURVE('',#2012,#2013,#2315,.T.);
#1480=EDGE_CURVE('',#2013,#2014,#2316,.T.);
#1481=EDGE_CURVE('',#2015,#2014,#2317,.T.);
#1482=EDGE_CURVE('',#2016,#2015,#2318,.T.);
#1483=EDGE_CURVE('',#2016,#2017,#2319,.T.);
#1484=EDGE_CURVE('',#2017,#1983,#2320,.T.);
#1485=EDGE_CURVE('',#1982,#2018,#2321,.T.);
#1486=EDGE_CURVE('',#2018,#2019,#2322,.T.);
#1487=EDGE_CURVE('',#2019,#2020,#2323,.T.);
#1488=EDGE_CURVE('',#2021,#2020,#2324,.T.);
#1489=EDGE_CURVE('',#2022,#2021,#2325,.T.);
#1490=EDGE_CURVE('',#2022,#2023,#2326,.T.);
#1491=EDGE_CURVE('',#2023,#1976,#2327,.T.);
#1492=EDGE_CURVE('',#2024,#2024,#22,.F.);
#1493=EDGE_CURVE('',#2025,#2025,#23,.F.);
#1494=EDGE_CURVE('',#2026,#2026,#24,.F.);
#1495=EDGE_CURVE('',#2027,#2027,#25,.F.);
#1496=EDGE_CURVE('',#2028,#2028,#26,.F.);
#1497=EDGE_CURVE('',#2029,#2029,#27,.F.);
#1498=EDGE_CURVE('',#2030,#2030,#28,.F.);
#1499=EDGE_CURVE('',#2031,#2031,#29,.F.);
#1500=EDGE_CURVE('',#1956,#1959,#2328,.T.);
#1501=EDGE_CURVE('',#1962,#1965,#2329,.T.);
#1502=EDGE_CURVE('',#2032,#2033,#2330,.T.);
#1503=EDGE_CURVE('',#2033,#2034,#2331,.T.);
#1504=EDGE_CURVE('',#2035,#2034,#2332,.T.);
#1505=EDGE_CURVE('',#2035,#2036,#2333,.T.);
#1506=EDGE_CURVE('',#2036,#2037,#2334,.T.);
#1507=EDGE_CURVE('',#2038,#2037,#2335,.T.);
#1508=EDGE_CURVE('',#2039,#2038,#2336,.T.);
#1509=EDGE_CURVE('',#2039,#2040,#2337,.T.);
#1510=EDGE_CURVE('',#2040,#2041,#2338,.T.);
#1511=EDGE_CURVE('',#2041,#2032,#2339,.T.);
#1512=EDGE_CURVE('',#2042,#2042,#30,.T.);
#1513=EDGE_CURVE('',#2043,#2043,#31,.T.);
#1514=EDGE_CURVE('',#2044,#2045,#2340,.T.);
#1515=EDGE_CURVE('',#2044,#2010,#2341,.T.);
#1516=EDGE_CURVE('',#2045,#2009,#2342,.T.);
#1517=EDGE_CURVE('',#2045,#2046,#2343,.T.);
#1518=EDGE_CURVE('',#2046,#2008,#2344,.T.);
#1519=EDGE_CURVE('',#2047,#2007,#2345,.T.);
#1520=EDGE_CURVE('',#2047,#2046,#2346,.T.);
#1521=EDGE_CURVE('',#2006,#2048,#2347,.T.);
#1522=EDGE_CURVE('',#2048,#2049,#2348,.T.);
#1523=EDGE_CURVE('',#2049,#2047,#2349,.T.);
#1524=EDGE_CURVE('',#1993,#2050,#2350,.T.);
#1525=EDGE_CURVE('',#2044,#2050,#2351,.T.);
#1526=EDGE_CURVE('',#1994,#2049,#2352,.T.);
#1527=EDGE_CURVE('',#2051,#2050,#2353,.T.);
#1528=EDGE_CURVE('',#2051,#2011,#2354,.F.);
#1529=EDGE_CURVE('',#2048,#1970,#2355,.T.);
#1530=EDGE_CURVE('',#1998,#2051,#2356,.T.);
#1531=EDGE_CURVE('',#2052,#2052,#32,.T.);
#1532=EDGE_CURVE('',#2053,#2053,#33,.T.);
#1533=EDGE_CURVE('',#1989,#2054,#2357,.T.);
#1534=EDGE_CURVE('',#2055,#2054,#2358,.T.);
#1535=EDGE_CURVE('',#2055,#2056,#2359,.T.);
#1536=EDGE_CURVE('',#2056,#2057,#2360,.T.);
#1537=EDGE_CURVE('',#2058,#2057,#2361,.T.);
#1538=EDGE_CURVE('',#2059,#2058,#2362,.T.);
#1539=EDGE_CURVE('',#1990,#2059,#2363,.T.);
#1540=EDGE_CURVE('',#2060,#2054,#2364,.T.);
#1541=EDGE_CURVE('',#2060,#2017,#2365,.F.);
#1542=EDGE_CURVE('',#2055,#2016,#2366,.T.);
#1543=EDGE_CURVE('',#2012,#2061,#2367,.T.);
#1544=EDGE_CURVE('',#2061,#2059,#2368,.T.);
#1545=EDGE_CURVE('',#2058,#2013,#2369,.T.);
#1546=EDGE_CURVE('',#2056,#2015,#2370,.T.);
#1547=EDGE_CURVE('',#2057,#2014,#2371,.T.);
#1548=EDGE_CURVE('',#1984,#2060,#2372,.T.);
#1549=EDGE_CURVE('',#2061,#1995,#2373,.T.);
#1550=EDGE_CURVE('',#2062,#2062,#34,.T.);
#1551=EDGE_CURVE('',#2063,#2063,#35,.T.);
#1552=EDGE_CURVE('',#2064,#2065,#2374,.T.);
#1553=EDGE_CURVE('',#2064,#2022,#2375,.T.);
#1554=EDGE_CURVE('',#2065,#2021,#2376,.T.);
#1555=EDGE_CURVE('',#2065,#2066,#2377,.T.);
#1556=EDGE_CURVE('',#2066,#2020,#2378,.T.);
#1557=EDGE_CURVE('',#2067,#2019,#2379,.T.);
#1558=EDGE_CURVE('',#2067,#2066,#2380,.T.);
#1559=EDGE_CURVE('',#2068,#2069,#2381,.T.);
#1560=EDGE_CURVE('',#2068,#2023,#2382,.F.);
#1561=EDGE_CURVE('',#2064,#2069,#2383,.T.);
#1562=EDGE_CURVE('',#2018,#2070,#2384,.T.);
#1563=EDGE_CURVE('',#2070,#2071,#2385,.T.);
#1564=EDGE_CURVE('',#2071,#2067,#2386,.T.);
#1565=EDGE_CURVE('',#2072,#2072,#103,.F.);
#1566=EDGE_CURVE('',#1987,#2069,#2387,.T.);
#1567=EDGE_CURVE('',#1988,#2071,#2388,.T.);
#1568=EDGE_CURVE('',#2070,#1981,#2389,.T.);
#1569=EDGE_CURVE('',#1977,#2068,#2390,.T.);
#1570=EDGE_CURVE('',#1968,#2073,#2391,.T.);
#1571=EDGE_CURVE('',#2073,#2074,#2392,.T.);
#1572=EDGE_CURVE('',#1985,#2074,#2393,.T.);
#1573=EDGE_CURVE('',#2075,#2076,#2394,.T.);
#1574=EDGE_CURVE('',#2075,#1973,#2395,.T.);
#1575=EDGE_CURVE('',#1986,#2076,#2396,.T.);
#1576=EDGE_CURVE('',#2077,#2077,#36,.T.);
#1577=EDGE_CURVE('',#2078,#2078,#37,.T.);
#1578=EDGE_CURVE('',#2079,#2074,#2397,.T.);
#1579=EDGE_CURVE('',#2079,#2080,#2398,.T.);
#1580=EDGE_CURVE('',#2080,#2081,#2399,.T.);
#1581=EDGE_CURVE('',#2082,#2081,#2400,.T.);
#1582=EDGE_CURVE('',#2076,#2082,#2401,.T.);
#1583=EDGE_CURVE('',#2073,#2005,#2402,.F.);
#1584=EDGE_CURVE('',#2079,#2004,#2403,.T.);
#1585=EDGE_CURVE('',#2000,#2075,#2404,.F.);
#1586=EDGE_CURVE('',#2082,#2001,#2405,.T.);
#1587=EDGE_CURVE('',#2080,#2003,#2406,.T.);
#1588=EDGE_CURVE('',#2081,#2002,#2407,.T.);
#1589=EDGE_CURVE('',#2083,#2083,#38,.T.);
#1590=EDGE_CURVE('',#2084,#2084,#39,.F.);
#1591=EDGE_CURVE('',#1853,#2085,#2408,.T.);
#1592=EDGE_CURVE('',#2085,#2086,#2409,.T.);
#1593=EDGE_CURVE('',#2086,#2087,#104,.F.);
#1594=EDGE_CURVE('',#2087,#1848,#2410,.T.);
#1595=EDGE_CURVE('',#1878,#2085,#2411,.T.);
#1596=EDGE_CURVE('',#2088,#2035,#2412,.T.);
#1597=EDGE_CURVE('',#2088,#2089,#2413,.T.);
#1598=EDGE_CURVE('',#2089,#2090,#2414,.T.);
#1599=EDGE_CURVE('',#2091,#2090,#2415,.T.);
#1600=EDGE_CURVE('',#2091,#2036,#2416,.T.);
#1601=EDGE_CURVE('',#2092,#2091,#2417,.T.);
#1602=EDGE_CURVE('',#2092,#2093,#2418,.T.);
#1603=EDGE_CURVE('',#2093,#2094,#2419,.T.);
#1604=EDGE_CURVE('',#2037,#2094,#2420,.T.);
#1605=EDGE_CURVE('',#2095,#2041,#2421,.T.);
#1606=EDGE_CURVE('',#2096,#2095,#2422,.T.);
#1607=EDGE_CURVE('',#2096,#2097,#2423,.T.);
#1608=EDGE_CURVE('',#2097,#2098,#2424,.T.);
#1609=EDGE_CURVE('',#2098,#2032,#2425,.T.);
#1610=EDGE_CURVE('',#2040,#2099,#2426,.T.);
#1611=EDGE_CURVE('',#2099,#2100,#2427,.T.);
#1612=EDGE_CURVE('',#2101,#2100,#2428,.T.);
#1613=EDGE_CURVE('',#2095,#2101,#2429,.T.);
#1614=EDGE_CURVE('',#2039,#2102,#2430,.T.);
#1615=EDGE_CURVE('',#2099,#2102,#2431,.T.);
#1616=EDGE_CURVE('',#2103,#2098,#2432,.T.);
#1617=EDGE_CURVE('',#2033,#2103,#2433,.T.);
#1618=EDGE_CURVE('',#2094,#2104,#2434,.T.);
#1619=EDGE_CURVE('',#2038,#2104,#2435,.T.);
#1620=EDGE_CURVE('',#2034,#2105,#2436,.T.);
#1621=EDGE_CURVE('',#2105,#2088,#2437,.T.);
#1622=EDGE_CURVE('',#2103,#2105,#2438,.T.);
#1623=EDGE_CURVE('',#2102,#2104,#2439,.T.);
#1624=EDGE_CURVE('',#2106,#1912,#2440,.T.);
#1625=EDGE_CURVE('',#2106,#2107,#105,.F.);
#1626=EDGE_CURVE('',#2107,#1913,#2441,.T.);
#1627=EDGE_CURVE('',#1911,#2108,#2442,.T.);
#1628=EDGE_CURVE('',#2108,#2106,#106,.F.);
#1629=EDGE_CURVE('',#2109,#1918,#2443,.T.);
#1630=EDGE_CURVE('',#2109,#2110,#107,.F.);
#1631=EDGE_CURVE('',#1919,#2110,#2444,.T.);
#1632=EDGE_CURVE('',#1917,#2111,#2445,.T.);
#1633=EDGE_CURVE('',#2111,#2109,#108,.F.);
#1634=EDGE_CURVE('',#1915,#2112,#2446,.T.);
#1635=EDGE_CURVE('',#2112,#2113,#109,.F.);
#1636=EDGE_CURVE('',#2113,#1916,#2447,.T.);
#1637=EDGE_CURVE('',#2113,#2111,#110,.F.);
#1638=EDGE_CURVE('',#2114,#1914,#2448,.T.);
#1639=EDGE_CURVE('',#2114,#2112,#111,.F.);
#1640=EDGE_CURVE('',#2115,#1950,#2449,.T.);
#1641=EDGE_CURVE('',#2115,#2116,#112,.F.);
#1642=EDGE_CURVE('',#1951,#2116,#2450,.T.);
#1643=EDGE_CURVE('',#1935,#2117,#2451,.T.);
#1644=EDGE_CURVE('',#2117,#2118,#113,.F.);
#1645=EDGE_CURVE('',#2118,#1936,#2452,.T.);
#1646=EDGE_CURVE('',#1943,#2119,#2453,.T.);
#1647=EDGE_CURVE('',#2119,#2120,#114,.F.);
#1648=EDGE_CURVE('',#2120,#1944,#2454,.T.);
#1649=EDGE_CURVE('',#1947,#2121,#2455,.T.);
#1650=EDGE_CURVE('',#2121,#2122,#115,.F.);
#1651=EDGE_CURVE('',#2122,#1948,#2456,.T.);
#1652=EDGE_CURVE('',#1949,#2123,#2457,.T.);
#1653=EDGE_CURVE('',#2123,#2115,#116,.F.);
#1654=EDGE_CURVE('',#2122,#2123,#117,.F.);
#1655=EDGE_CURVE('',#2120,#2124,#118,.F.);
#1656=EDGE_CURVE('',#1945,#2124,#2458,.T.);
#1657=EDGE_CURVE('',#2124,#2125,#119,.F.);
#1658=EDGE_CURVE('',#2125,#1946,#2459,.T.);
#1659=EDGE_CURVE('',#2125,#2121,#120,.F.);
#1660=EDGE_CURVE('',#2126,#1938,#2460,.T.);
#1661=EDGE_CURVE('',#2126,#2127,#121,.F.);
#1662=EDGE_CURVE('',#1939,#2127,#2461,.T.);
#1663=EDGE_CURVE('',#1937,#2128,#2462,.T.);
#1664=EDGE_CURVE('',#2128,#2126,#122,.F.);
#1665=EDGE_CURVE('',#2118,#2128,#123,.F.);
#1666=EDGE_CURVE('',#2129,#1940,#2463,.T.);
#1667=EDGE_CURVE('',#2129,#2130,#124,.F.);
#1668=EDGE_CURVE('',#1941,#2130,#2464,.T.);
#1669=EDGE_CURVE('',#2130,#2131,#125,.F.);
#1670=EDGE_CURVE('',#2131,#1942,#2465,.T.);
#1671=EDGE_CURVE('',#2127,#2129,#126,.F.);
#1672=EDGE_CURVE('',#2131,#2119,#127,.F.);
#1673=EDGE_CURVE('',#2132,#1926,#2466,.T.);
#1674=EDGE_CURVE('',#2132,#2133,#128,.F.);
#1675=EDGE_CURVE('',#1927,#2133,#2467,.T.);
#1676=EDGE_CURVE('',#1923,#2134,#2468,.T.);
#1677=EDGE_CURVE('',#2134,#2135,#129,.F.);
#1678=EDGE_CURVE('',#2135,#1924,#2469,.T.);
#1679=EDGE_CURVE('',#1925,#2136,#2470,.T.);
#1680=EDGE_CURVE('',#2136,#2132,#130,.F.);
#1681=EDGE_CURVE('',#2135,#2136,#131,.F.);
#1682=EDGE_CURVE('',#2137,#1920,#2471,.T.);
#1683=EDGE_CURVE('',#2137,#2138,#132,.F.);
#1684=EDGE_CURVE('',#1921,#2138,#2472,.T.);
#1685=EDGE_CURVE('',#2110,#2137,#133,.F.);
#1686=EDGE_CURVE('',#2138,#2139,#134,.F.);
#1687=EDGE_CURVE('',#2139,#1922,#2473,.T.);
#1688=EDGE_CURVE('',#2139,#2134,#135,.F.);
#1689=EDGE_CURVE('',#2140,#1930,#2474,.T.);
#1690=EDGE_CURVE('',#2140,#2141,#136,.F.);
#1691=EDGE_CURVE('',#1931,#2141,#2475,.T.);
#1692=EDGE_CURVE('',#1929,#2142,#2476,.T.);
#1693=EDGE_CURVE('',#2142,#2140,#137,.F.);
#1694=EDGE_CURVE('',#2143,#1928,#2477,.T.);
#1695=EDGE_CURVE('',#2143,#2142,#138,.F.);
#1696=EDGE_CURVE('',#2144,#1932,#2478,.T.);
#1697=EDGE_CURVE('',#2144,#2145,#139,.F.);
#1698=EDGE_CURVE('',#1933,#2145,#2479,.T.);
#1699=EDGE_CURVE('',#2145,#2146,#140,.F.);
#1700=EDGE_CURVE('',#2146,#1934,#2480,.T.);
#1701=EDGE_CURVE('',#2141,#2144,#141,.F.);
#1702=EDGE_CURVE('',#2133,#2143,#142,.F.);
#1703=EDGE_CURVE('',#2146,#2117,#143,.F.);
#1704=EDGE_CURVE('',#2147,#1954,#2481,.T.);
#1705=EDGE_CURVE('',#2147,#2148,#144,.F.);
#1706=EDGE_CURVE('',#1904,#2148,#2482,.T.);
#1707=EDGE_CURVE('',#1953,#2149,#2483,.T.);
#1708=EDGE_CURVE('',#2149,#2147,#145,.F.);
#1709=EDGE_CURVE('',#2150,#1952,#2484,.T.);
#1710=EDGE_CURVE('',#2150,#2149,#146,.F.);
#1711=EDGE_CURVE('',#2151,#1906,#2485,.T.);
#1712=EDGE_CURVE('',#2151,#2152,#147,.F.);
#1713=EDGE_CURVE('',#1907,#2152,#2486,.T.);
#1714=EDGE_CURVE('',#1905,#2153,#2487,.T.);
#1715=EDGE_CURVE('',#2153,#2151,#148,.F.);
#1716=EDGE_CURVE('',#2087,#2153,#149,.F.);
#1717=EDGE_CURVE('',#2154,#1908,#2488,.T.);
#1718=EDGE_CURVE('',#2154,#2155,#150,.F.);
#1719=EDGE_CURVE('',#1909,#2155,#2489,.T.);
#1720=EDGE_CURVE('',#2155,#2156,#151,.F.);
#1721=EDGE_CURVE('',#2156,#1910,#2490,.T.);
#1722=EDGE_CURVE('',#2152,#2154,#152,.F.);
#1723=EDGE_CURVE('',#2116,#2150,#153,.F.);
#1724=EDGE_CURVE('',#2156,#2108,#154,.F.);
#1725=EDGE_CURVE('',#2107,#2114,#155,.F.);
#1726=EDGE_CURVE('',#2157,#2157,#40,.F.);
#1727=EDGE_CURVE('',#2158,#2158,#41,.T.);
#1728=EDGE_CURVE('',#2159,#2159,#42,.T.);
#1729=EDGE_CURVE('',#2090,#2096,#2491,.T.);
#1730=EDGE_CURVE('',#2101,#2092,#2492,.T.);
#1731=EDGE_CURVE('',#2089,#2097,#2493,.T.);
#1732=EDGE_CURVE('',#2100,#2093,#2494,.T.);
#1733=EDGE_CURVE('',#1854,#2160,#2495,.T.);
#1734=EDGE_CURVE('',#2160,#1855,#2496,.T.);
#1735=EDGE_CURVE('',#2160,#1856,#2497,.T.);
#1736=EDGE_CURVE('',#1857,#2160,#2498,.T.);
#1737=EDGE_CURVE('',#1858,#2160,#2499,.T.);
#1738=EDGE_CURVE('',#1903,#2161,#2500,.T.);
#1739=EDGE_CURVE('',#2162,#2161,#2501,.T.);
#1740=EDGE_CURVE('',#2160,#2162,#2502,.T.);
#1741=EDGE_CURVE('',#2163,#2164,#156,.F.);
#1742=EDGE_CURVE('',#2160,#2164,#2503,.T.);
#1743=EDGE_CURVE('',#2163,#2162,#2504,.T.);
#1744=EDGE_CURVE('',#1888,#2165,#2505,.T.);
#1745=EDGE_CURVE('',#2166,#2165,#2506,.T.);
#1746=EDGE_CURVE('',#2167,#2166,#2507,.T.);
#1747=EDGE_CURVE('',#1889,#2167,#2508,.T.);
#1748=EDGE_CURVE('',#2168,#2169,#157,.F.);
#1749=EDGE_CURVE('',#2169,#2166,#2509,.T.);
#1750=EDGE_CURVE('',#2165,#2168,#2510,.T.);
#1751=EDGE_CURVE('',#2170,#2171,#158,.F.);
#1752=EDGE_CURVE('',#2171,#2172,#2511,.T.);
#1753=EDGE_CURVE('',#2172,#2173,#2512,.T.);
#1754=EDGE_CURVE('',#2173,#2170,#2513,.T.);
#1755=EDGE_CURVE('',#1898,#2173,#2514,.T.);
#1756=EDGE_CURVE('',#2161,#2172,#2515,.T.);
#1757=EDGE_CURVE('',#1899,#2161,#2516,.T.);
#1758=EDGE_CURVE('',#2174,#2163,#159,.F.);
#1759=EDGE_CURVE('',#2161,#2174,#2517,.T.);
#1760=EDGE_CURVE('',#2171,#2174,#160,.F.);
#1761=EDGE_CURVE('',#2161,#1900,#2518,.T.);
#1762=EDGE_CURVE('',#2161,#1901,#2519,.T.);
#1763=EDGE_CURVE('',#1902,#2161,#2520,.T.);
#1764=EDGE_CURVE('',#2167,#1891,#2521,.T.);
#1765=EDGE_CURVE('',#1892,#2167,#2522,.T.);
#1766=EDGE_CURVE('',#1893,#2167,#2523,.T.);
#1767=EDGE_CURVE('',#2167,#1890,#2524,.T.);
#1768=EDGE_CURVE('',#2169,#2175,#161,.F.);
#1769=EDGE_CURVE('',#2167,#2175,#2525,.T.);
#1770=EDGE_CURVE('',#2175,#2176,#162,.F.);
#1771=EDGE_CURVE('',#2176,#2177,#2526,.T.);
#1772=EDGE_CURVE('',#2177,#2167,#2527,.T.);
#1773=EDGE_CURVE('',#2176,#2170,#163,.F.);
#1774=EDGE_CURVE('',#2173,#2177,#2528,.T.);
#1775=EDGE_CURVE('',#1894,#2173,#2529,.T.);
#1776=EDGE_CURVE('',#2173,#1896,#2530,.T.);
#1777=EDGE_CURVE('',#1897,#2173,#2531,.T.);
#1778=EDGE_CURVE('',#2173,#1895,#2532,.T.);
#1779=EDGE_CURVE('',#2178,#1881,#2533,.T.);
#1780=EDGE_CURVE('',#1882,#2178,#2534,.T.);
#1781=EDGE_CURVE('',#1883,#2178,#2535,.T.);
#1782=EDGE_CURVE('',#2178,#1880,#2536,.T.);
#1783=EDGE_CURVE('',#1879,#2178,#2537,.T.);
#1784=EDGE_CURVE('',#2179,#1840,#2538,.T.);
#1785=EDGE_CURVE('',#2179,#2180,#164,.F.);
#1786=EDGE_CURVE('',#2178,#2180,#2539,.T.);
#1787=EDGE_CURVE('',#2178,#1841,#2540,.T.);
#1788=EDGE_CURVE('',#2180,#2181,#165,.F.);
#1789=EDGE_CURVE('',#2181,#2182,#2541,.T.);
#1790=EDGE_CURVE('',#2182,#2178,#2542,.T.);
#1791=EDGE_CURVE('',#2165,#2182,#2543,.T.);
#1792=EDGE_CURVE('',#1884,#2165,#2544,.T.);
#1793=EDGE_CURVE('',#2148,#2179,#166,.F.);
#1794=EDGE_CURVE('',#2181,#2168,#167,.F.);
#1795=EDGE_CURVE('',#2165,#1885,#2545,.T.);
#1796=EDGE_CURVE('',#2165,#1886,#2546,.T.);
#1797=EDGE_CURVE('',#1887,#2165,#2547,.T.);
#1798=EDGE_CURVE('',#1877,#2085,#2548,.T.);
#1799=EDGE_CURVE('',#2085,#1876,#2549,.T.);
#1800=EDGE_CURVE('',#2085,#1875,#2550,.T.);
#1801=EDGE_CURVE('',#1874,#2085,#2551,.T.);
#1802=EDGE_CURVE('',#2183,#2086,#168,.F.);
#1803=EDGE_CURVE('',#2085,#2184,#2552,.T.);
#1804=EDGE_CURVE('',#2183,#2184,#2553,.T.);
#1805=EDGE_CURVE('',#2185,#2186,#169,.F.);
#1806=EDGE_CURVE('',#2186,#2187,#2554,.T.);
#1807=EDGE_CURVE('',#2187,#2188,#2555,.T.);
#1808=EDGE_CURVE('',#2188,#2185,#2556,.T.);
#1809=EDGE_CURVE('',#1868,#2188,#2557,.T.);
#1810=EDGE_CURVE('',#2189,#2187,#2558,.T.);
#1811=EDGE_CURVE('',#1869,#2189,#2559,.T.);
#1812=EDGE_CURVE('',#1873,#2189,#2560,.T.);
#1813=EDGE_CURVE('',#2184,#2189,#2561,.T.);
#1814=EDGE_CURVE('',#2190,#2183,#170,.F.);
#1815=EDGE_CURVE('',#2189,#2190,#2562,.T.);
#1816=EDGE_CURVE('',#2186,#2190,#171,.F.);
#1817=EDGE_CURVE('',#2189,#1870,#2563,.T.);
#1818=EDGE_CURVE('',#2189,#1871,#2564,.T.);
#1819=EDGE_CURVE('',#1872,#2189,#2565,.T.);
#1820=EDGE_CURVE('',#2191,#1861,#2566,.T.);
#1821=EDGE_CURVE('',#1862,#2191,#2567,.T.);
#1822=EDGE_CURVE('',#1863,#2191,#2568,.T.);
#1823=EDGE_CURVE('',#2191,#1860,#2569,.T.);
#1824=EDGE_CURVE('',#1859,#2191,#2570,.T.);
#1825=EDGE_CURVE('',#2192,#2193,#172,.F.);
#1826=EDGE_CURVE('',#2191,#2193,#2571,.T.);
#1827=EDGE_CURVE('',#2191,#2194,#2572,.T.);
#1828=EDGE_CURVE('',#2192,#2194,#2573,.T.);
#1829=EDGE_CURVE('',#2193,#2195,#173,.F.);
#1830=EDGE_CURVE('',#2195,#2196,#2574,.T.);
#1831=EDGE_CURVE('',#2196,#2191,#2575,.T.);
#1832=EDGE_CURVE('',#2195,#2185,#174,.F.);
#1833=EDGE_CURVE('',#2188,#2196,#2576,.T.);
#1834=EDGE_CURVE('',#1864,#2188,#2577,.T.);
#1835=EDGE_CURVE('',#2188,#1866,#2578,.T.);
#1836=EDGE_CURVE('',#1867,#2188,#2579,.T.);
#1837=EDGE_CURVE('',#2188,#1865,#2580,.T.);
#1838=EDGE_CURVE('',#2194,#2160,#2581,.T.);
#1839=EDGE_CURVE('',#2164,#2192,#175,.F.);
#1840=VERTEX_POINT('',#5418);
#1841=VERTEX_POINT('',#5419);
#1842=VERTEX_POINT('',#5421);
#1843=VERTEX_POINT('',#5423);
#1844=VERTEX_POINT('',#5425);
#1845=VERTEX_POINT('',#5427);
#1846=VERTEX_POINT('',#5429);
#1847=VERTEX_POINT('',#5433);
#1848=VERTEX_POINT('',#5434);
#1849=VERTEX_POINT('',#5436);
#1850=VERTEX_POINT('',#5438);
#1851=VERTEX_POINT('',#5440);
#1852=VERTEX_POINT('',#5442);
#1853=VERTEX_POINT('',#5444);
#1854=VERTEX_POINT('',#5448);
#1855=VERTEX_POINT('',#5449);
#1856=VERTEX_POINT('',#5451);
#1857=VERTEX_POINT('',#5453);
#1858=VERTEX_POINT('',#5455);
#1859=VERTEX_POINT('',#5457);
#1860=VERTEX_POINT('',#5459);
#1861=VERTEX_POINT('',#5461);
#1862=VERTEX_POINT('',#5463);
#1863=VERTEX_POINT('',#5465);
#1864=VERTEX_POINT('',#5467);
#1865=VERTEX_POINT('',#5469);
#1866=VERTEX_POINT('',#5471);
#1867=VERTEX_POINT('',#5473);
#1868=VERTEX_POINT('',#5475);
#1869=VERTEX_POINT('',#5477);
#1870=VERTEX_POINT('',#5479);
#1871=VERTEX_POINT('',#5481);
#1872=VERTEX_POINT('',#5483);
#1873=VERTEX_POINT('',#5485);
#1874=VERTEX_POINT('',#5487);
#1875=VERTEX_POINT('',#5489);
#1876=VERTEX_POINT('',#5491);
#1877=VERTEX_POINT('',#5493);
#1878=VERTEX_POINT('',#5495);
#1879=VERTEX_POINT('',#5499);
#1880=VERTEX_POINT('',#5501);
#1881=VERTEX_POINT('',#5503);
#1882=VERTEX_POINT('',#5505);
#1883=VERTEX_POINT('',#5507);
#1884=VERTEX_POINT('',#5509);
#1885=VERTEX_POINT('',#5511);
#1886=VERTEX_POINT('',#5513);
#1887=VERTEX_POINT('',#5515);
#1888=VERTEX_POINT('',#5517);
#1889=VERTEX_POINT('',#5519);
#1890=VERTEX_POINT('',#5521);
#1891=VERTEX_POINT('',#5523);
#1892=VERTEX_POINT('',#5525);
#1893=VERTEX_POINT('',#5527);
#1894=VERTEX_POINT('',#5529);
#1895=VERTEX_POINT('',#5531);
#1896=VERTEX_POINT('',#5533);
#1897=VERTEX_POINT('',#5535);
#1898=VERTEX_POINT('',#5537);
#1899=VERTEX_POINT('',#5539);
#1900=VERTEX_POINT('',#5541);
#1901=VERTEX_POINT('',#5543);
#1902=VERTEX_POINT('',#5545);
#1903=VERTEX_POINT('',#5547);
#1904=VERTEX_POINT('',#5551);
#1905=VERTEX_POINT('',#5554);
#1906=VERTEX_POINT('',#5556);
#1907=VERTEX_POINT('',#5558);
#1908=VERTEX_POINT('',#5560);
#1909=VERTEX_POINT('',#5562);
#1910=VERTEX_POINT('',#5564);
#1911=VERTEX_POINT('',#5566);
#1912=VERTEX_POINT('',#5568);
#1913=VERTEX_POINT('',#5570);
#1914=VERTEX_POINT('',#5572);
#1915=VERTEX_POINT('',#5574);
#1916=VERTEX_POINT('',#5576);
#1917=VERTEX_POINT('',#5578);
#1918=VERTEX_POINT('',#5580);
#1919=VERTEX_POINT('',#5582);
#1920=VERTEX_POINT('',#5584);
#1921=VERTEX_POINT('',#5586);
#1922=VERTEX_POINT('',#5588);
#1923=VERTEX_POINT('',#5590);
#1924=VERTEX_POINT('',#5592);
#1925=VERTEX_POINT('',#5594);
#1926=VERTEX_POINT('',#5596);
#1927=VERTEX_POINT('',#5598);
#1928=VERTEX_POINT('',#5600);
#1929=VERTEX_POINT('',#5602);
#1930=VERTEX_POINT('',#5604);
#1931=VERTEX_POINT('',#5606);
#1932=VERTEX_POINT('',#5608);
#1933=VERTEX_POINT('',#5610);
#1934=VERTEX_POINT('',#5612);
#1935=VERTEX_POINT('',#5614);
#1936=VERTEX_POINT('',#5616);
#1937=VERTEX_POINT('',#5618);
#1938=VERTEX_POINT('',#5620);
#1939=VERTEX_POINT('',#5622);
#1940=VERTEX_POINT('',#5624);
#1941=VERTEX_POINT('',#5626);
#1942=VERTEX_POINT('',#5628);
#1943=VERTEX_POINT('',#5630);
#1944=VERTEX_POINT('',#5632);
#1945=VERTEX_POINT('',#5634);
#1946=VERTEX_POINT('',#5636);
#1947=VERTEX_POINT('',#5638);
#1948=VERTEX_POINT('',#5640);
#1949=VERTEX_POINT('',#5642);
#1950=VERTEX_POINT('',#5644);
#1951=VERTEX_POINT('',#5646);
#1952=VERTEX_POINT('',#5648);
#1953=VERTEX_POINT('',#5650);
#1954=VERTEX_POINT('',#5652);
#1955=VERTEX_POINT('',#5656);
#1956=VERTEX_POINT('',#5657);
#1957=VERTEX_POINT('',#5659);
#1958=VERTEX_POINT('',#5663);
#1959=VERTEX_POINT('',#5664);
#1960=VERTEX_POINT('',#5666);
#1961=VERTEX_POINT('',#5670);
#1962=VERTEX_POINT('',#5671);
#1963=VERTEX_POINT('',#5673);
#1964=VERTEX_POINT('',#5677);
#1965=VERTEX_POINT('',#5678);
#1966=VERTEX_POINT('',#5680);
#1967=VERTEX_POINT('',#5684);
#1968=VERTEX_POINT('',#5685);
#1969=VERTEX_POINT('',#5687);
#1970=VERTEX_POINT('',#5689);
#1971=VERTEX_POINT('',#5691);
#1972=VERTEX_POINT('',#5693);
#1973=VERTEX_POINT('',#5697);
#1974=VERTEX_POINT('',#5698);
#1975=VERTEX_POINT('',#5700);
#1976=VERTEX_POINT('',#5702);
#1977=VERTEX_POINT('',#5704);
#1978=VERTEX_POINT('',#5706);
#1979=VERTEX_POINT('',#5710);
#1980=VERTEX_POINT('',#5711);
#1981=VERTEX_POINT('',#5713);
#1982=VERTEX_POINT('',#5715);
#1983=VERTEX_POINT('',#5717);
#1984=VERTEX_POINT('',#5719);
#1985=VERTEX_POINT('',#5723);
#1986=VERTEX_POINT('',#5725);
#1987=VERTEX_POINT('',#5728);
#1988=VERTEX_POINT('',#5730);
#1989=VERTEX_POINT('',#5733);
#1990=VERTEX_POINT('',#5735);
#1991=VERTEX_POINT('',#5737);
#1992=VERTEX_POINT('',#5739);
#1993=VERTEX_POINT('',#5741);
#1994=VERTEX_POINT('',#5743);
#1995=VERTEX_POINT('',#5752);
#1996=VERTEX_POINT('',#5754);
#1997=VERTEX_POINT('',#5756);
#1998=VERTEX_POINT('',#5758);
#1999=VERTEX_POINT('',#5762);
#2000=VERTEX_POINT('',#5764);
#2001=VERTEX_POINT('',#5766);
#2002=VERTEX_POINT('',#5768);
#2003=VERTEX_POINT('',#5770);
#2004=VERTEX_POINT('',#5772);
#2005=VERTEX_POINT('',#5774);
#2006=VERTEX_POINT('',#5777);
#2007=VERTEX_POINT('',#5779);
#2008=VERTEX_POINT('',#5781);
#2009=VERTEX_POINT('',#5783);
#2010=VERTEX_POINT('',#5785);
#2011=VERTEX_POINT('',#5787);
#2012=VERTEX_POINT('',#5790);
#2013=VERTEX_POINT('',#5792);
#2014=VERTEX_POINT('',#5794);
#2015=VERTEX_POINT('',#5796);
#2016=VERTEX_POINT('',#5798);
#2017=VERTEX_POINT('',#5800);
#2018=VERTEX_POINT('',#5803);
#2019=VERTEX_POINT('',#5805);
#2020=VERTEX_POINT('',#5807);
#2021=VERTEX_POINT('',#5809);
#2022=VERTEX_POINT('',#5811);
#2023=VERTEX_POINT('',#5813);
#2024=VERTEX_POINT('',#5816);
#2025=VERTEX_POINT('',#5818);
#2026=VERTEX_POINT('',#5820);
#2027=VERTEX_POINT('',#5822);
#2028=VERTEX_POINT('',#5824);
#2029=VERTEX_POINT('',#5826);
#2030=VERTEX_POINT('',#5828);
#2031=VERTEX_POINT('',#5830);
#2032=VERTEX_POINT('',#5837);
#2033=VERTEX_POINT('',#5838);
#2034=VERTEX_POINT('',#5840);
#2035=VERTEX_POINT('',#5842);
#2036=VERTEX_POINT('',#5844);
#2037=VERTEX_POINT('',#5846);
#2038=VERTEX_POINT('',#5848);
#2039=VERTEX_POINT('',#5850);
#2040=VERTEX_POINT('',#5852);
#2041=VERTEX_POINT('',#5854);
#2042=VERTEX_POINT('',#5858);
#2043=VERTEX_POINT('',#5861);
#2044=VERTEX_POINT('',#5864);
#2045=VERTEX_POINT('',#5865);
#2046=VERTEX_POINT('',#5870);
#2047=VERTEX_POINT('',#5874);
#2048=VERTEX_POINT('',#5880);
#2049=VERTEX_POINT('',#5882);
#2050=VERTEX_POINT('',#5886);
#2051=VERTEX_POINT('',#5891);
#2052=VERTEX_POINT('',#5899);
#2053=VERTEX_POINT('',#5903);
#2054=VERTEX_POINT('',#5907);
#2055=VERTEX_POINT('',#5909);
#2056=VERTEX_POINT('',#5911);
#2057=VERTEX_POINT('',#5913);
#2058=VERTEX_POINT('',#5915);
#2059=VERTEX_POINT('',#5917);
#2060=VERTEX_POINT('',#5921);
#2061=VERTEX_POINT('',#5926);
#2062=VERTEX_POINT('',#5940);
#2063=VERTEX_POINT('',#5943);
#2064=VERTEX_POINT('',#5948);
#2065=VERTEX_POINT('',#5949);
#2066=VERTEX_POINT('',#5954);
#2067=VERTEX_POINT('',#5958);
#2068=VERTEX_POINT('',#5962);
#2069=VERTEX_POINT('',#5963);
#2070=VERTEX_POINT('',#5968);
#2071=VERTEX_POINT('',#5970);
#2072=VERTEX_POINT('',#5974);
#2073=VERTEX_POINT('',#5983);
#2074=VERTEX_POINT('',#5985);
#2075=VERTEX_POINT('',#5989);
#2076=VERTEX_POINT('',#5990);
#2077=VERTEX_POINT('',#5995);
#2078=VERTEX_POINT('',#5999);
#2079=VERTEX_POINT('',#6003);
#2080=VERTEX_POINT('',#6005);
#2081=VERTEX_POINT('',#6007);
#2082=VERTEX_POINT('',#6009);
#2083=VERTEX_POINT('',#6024);
#2084=VERTEX_POINT('',#6027);
#2085=VERTEX_POINT('',#6030);
#2086=VERTEX_POINT('',#6032);
#2087=VERTEX_POINT('',#6034);
#2088=VERTEX_POINT('',#6040);
#2089=VERTEX_POINT('',#6042);
#2090=VERTEX_POINT('',#6044);
#2091=VERTEX_POINT('',#6046);
#2092=VERTEX_POINT('',#6050);
#2093=VERTEX_POINT('',#6052);
#2094=VERTEX_POINT('',#6054);
#2095=VERTEX_POINT('',#6058);
#2096=VERTEX_POINT('',#6060);
#2097=VERTEX_POINT('',#6062);
#2098=VERTEX_POINT('',#6064);
#2099=VERTEX_POINT('',#6068);
#2100=VERTEX_POINT('',#6070);
#2101=VERTEX_POINT('',#6072);
#2102=VERTEX_POINT('',#6076);
#2103=VERTEX_POINT('',#6080);
#2104=VERTEX_POINT('',#6084);
#2105=VERTEX_POINT('',#6088);
#2106=VERTEX_POINT('',#6096);
#2107=VERTEX_POINT('',#6098);
#2108=VERTEX_POINT('',#6102);
#2109=VERTEX_POINT('',#6106);
#2110=VERTEX_POINT('',#6108);
#2111=VERTEX_POINT('',#6112);
#2112=VERTEX_POINT('',#6116);
#2113=VERTEX_POINT('',#6118);
#2114=VERTEX_POINT('',#6124);
#2115=VERTEX_POINT('',#6128);
#2116=VERTEX_POINT('',#6130);
#2117=VERTEX_POINT('',#6134);
#2118=VERTEX_POINT('',#6136);
#2119=VERTEX_POINT('',#6140);
#2120=VERTEX_POINT('',#6142);
#2121=VERTEX_POINT('',#6146);
#2122=VERTEX_POINT('',#6148);
#2123=VERTEX_POINT('',#6152);
#2124=VERTEX_POINT('',#6158);
#2125=VERTEX_POINT('',#6162);
#2126=VERTEX_POINT('',#6168);
#2127=VERTEX_POINT('',#6170);
#2128=VERTEX_POINT('',#6174);
#2129=VERTEX_POINT('',#6180);
#2130=VERTEX_POINT('',#6182);
#2131=VERTEX_POINT('',#6186);
#2132=VERTEX_POINT('',#6194);
#2133=VERTEX_POINT('',#6196);
#2134=VERTEX_POINT('',#6200);
#2135=VERTEX_POINT('',#6202);
#2136=VERTEX_POINT('',#6206);
#2137=VERTEX_POINT('',#6212);
#2138=VERTEX_POINT('',#6214);
#2139=VERTEX_POINT('',#6220);
#2140=VERTEX_POINT('',#6226);
#2141=VERTEX_POINT('',#6228);
#2142=VERTEX_POINT('',#6232);
#2143=VERTEX_POINT('',#6236);
#2144=VERTEX_POINT('',#6240);
#2145=VERTEX_POINT('',#6242);
#2146=VERTEX_POINT('',#6246);
#2147=VERTEX_POINT('',#6256);
#2148=VERTEX_POINT('',#6258);
#2149=VERTEX_POINT('',#6262);
#2150=VERTEX_POINT('',#6266);
#2151=VERTEX_POINT('',#6270);
#2152=VERTEX_POINT('',#6272);
#2153=VERTEX_POINT('',#6276);
#2154=VERTEX_POINT('',#6282);
#2155=VERTEX_POINT('',#6284);
#2156=VERTEX_POINT('',#6288);
#2157=VERTEX_POINT('',#6300);
#2158=VERTEX_POINT('',#6302);
#2159=VERTEX_POINT('',#6305);
#2160=VERTEX_POINT('',#6317);
#2161=VERTEX_POINT('',#6327);
#2162=VERTEX_POINT('',#6329);
#2163=VERTEX_POINT('',#6333);
#2164=VERTEX_POINT('',#6334);
#2165=VERTEX_POINT('',#6339);
#2166=VERTEX_POINT('',#6341);
#2167=VERTEX_POINT('',#6343);
#2168=VERTEX_POINT('',#6347);
#2169=VERTEX_POINT('',#6348);
#2170=VERTEX_POINT('',#6353);
#2171=VERTEX_POINT('',#6354);
#2172=VERTEX_POINT('',#6356);
#2173=VERTEX_POINT('',#6358);
#2174=VERTEX_POINT('',#6366);
#2175=VERTEX_POINT('',#6387);
#2176=VERTEX_POINT('',#6391);
#2177=VERTEX_POINT('',#6393);
#2178=VERTEX_POINT('',#6409);
#2179=VERTEX_POINT('',#6419);
#2180=VERTEX_POINT('',#6421);
#2181=VERTEX_POINT('',#6426);
#2182=VERTEX_POINT('',#6428);
#2183=VERTEX_POINT('',#6455);
#2184=VERTEX_POINT('',#6457);
#2185=VERTEX_POINT('',#6461);
#2186=VERTEX_POINT('',#6462);
#2187=VERTEX_POINT('',#6464);
#2188=VERTEX_POINT('',#6466);
#2189=VERTEX_POINT('',#6471);
#2190=VERTEX_POINT('',#6478);
#2191=VERTEX_POINT('',#6491);
#2192=VERTEX_POINT('',#6501);
#2193=VERTEX_POINT('',#6502);
#2194=VERTEX_POINT('',#6505);
#2195=VERTEX_POINT('',#6509);
#2196=VERTEX_POINT('',#6511);
#2197=LINE('',#5417,#2582);
#2198=LINE('',#5420,#2583);
#2199=LINE('',#5422,#2584);
#2200=LINE('',#5424,#2585);
#2201=LINE('',#5426,#2586);
#2202=LINE('',#5428,#2587);
#2203=LINE('',#5430,#2588);
#2204=LINE('',#5432,#2589);
#2205=LINE('',#5435,#2590);
#2206=LINE('',#5437,#2591);
#2207=LINE('',#5439,#2592);
#2208=LINE('',#5441,#2593);
#2209=LINE('',#5443,#2594);
#2210=LINE('',#5445,#2595);
#2211=LINE('',#5447,#2596);
#2212=LINE('',#5450,#2597);
#2213=LINE('',#5452,#2598);
#2214=LINE('',#5454,#2599);
#2215=LINE('',#5456,#2600);
#2216=LINE('',#5458,#2601);
#2217=LINE('',#5460,#2602);
#2218=LINE('',#5462,#2603);
#2219=LINE('',#5464,#2604);
#2220=LINE('',#5466,#2605);
#2221=LINE('',#5468,#2606);
#2222=LINE('',#5470,#2607);
#2223=LINE('',#5472,#2608);
#2224=LINE('',#5474,#2609);
#2225=LINE('',#5476,#2610);
#2226=LINE('',#5478,#2611);
#2227=LINE('',#5480,#2612);
#2228=LINE('',#5482,#2613);
#2229=LINE('',#5484,#2614);
#2230=LINE('',#5486,#2615);
#2231=LINE('',#5488,#2616);
#2232=LINE('',#5490,#2617);
#2233=LINE('',#5492,#2618);
#2234=LINE('',#5494,#2619);
#2235=LINE('',#5496,#2620);
#2236=LINE('',#5497,#2621);
#2237=LINE('',#5498,#2622);
#2238=LINE('',#5500,#2623);
#2239=LINE('',#5502,#2624);
#2240=LINE('',#5504,#2625);
#2241=LINE('',#5506,#2626);
#2242=LINE('',#5508,#2627);
#2243=LINE('',#5510,#2628);
#2244=LINE('',#5512,#2629);
#2245=LINE('',#5514,#2630);
#2246=LINE('',#5516,#2631);
#2247=LINE('',#5518,#2632);
#2248=LINE('',#5520,#2633);
#2249=LINE('',#5522,#2634);
#2250=LINE('',#5524,#2635);
#2251=LINE('',#5526,#2636);
#2252=LINE('',#5528,#2637);
#2253=LINE('',#5530,#2638);
#2254=LINE('',#5532,#2639);
#2255=LINE('',#5534,#2640);
#2256=LINE('',#5536,#2641);
#2257=LINE('',#5538,#2642);
#2258=LINE('',#5540,#2643);
#2259=LINE('',#5542,#2644);
#2260=LINE('',#5544,#2645);
#2261=LINE('',#5546,#2646);
#2262=LINE('',#5548,#2647);
#2263=LINE('',#5655,#2648);
#2264=LINE('',#5658,#2649);
#2265=LINE('',#5660,#2650);
#2266=LINE('',#5662,#2651);
#2267=LINE('',#5665,#2652);
#2268=LINE('',#5667,#2653);
#2269=LINE('',#5669,#2654);
#2270=LINE('',#5672,#2655);
#2271=LINE('',#5674,#2656);
#2272=LINE('',#5676,#2657);
#2273=LINE('',#5679,#2658);
#2274=LINE('',#5681,#2659);
#2275=LINE('',#5683,#2660);
#2276=LINE('',#5688,#2661);
#2277=LINE('',#5696,#2662);
#2278=LINE('',#5705,#2663);
#2279=LINE('',#5712,#2664);
#2280=LINE('',#5720,#2665);
#2281=LINE('',#5722,#2666);
#2282=LINE('',#5724,#2667);
#2283=LINE('',#5726,#2668);
#2284=LINE('',#5727,#2669);
#2285=LINE('',#5729,#2670);
#2286=LINE('',#5731,#2671);
#2287=LINE('',#5732,#2672);
#2288=LINE('',#5734,#2673);
#2289=LINE('',#5736,#2674);
#2290=LINE('',#5740,#2675);
#2291=LINE('',#5742,#2676);
#2292=LINE('',#5744,#2677);
#2293=LINE('',#5745,#2678);
#2294=LINE('',#5746,#2679);
#2295=LINE('',#5747,#2680);
#2296=LINE('',#5748,#2681);
#2297=LINE('',#5749,#2682);
#2298=LINE('',#5751,#2683);
#2299=LINE('',#5759,#2684);
#2300=LINE('',#5763,#2685);
#2301=LINE('',#5765,#2686);
#2302=LINE('',#5767,#2687);
#2303=LINE('',#5769,#2688);
#2304=LINE('',#5771,#2689);
#2305=LINE('',#5773,#2690);
#2306=LINE('',#5775,#2691);
#2307=LINE('',#5776,#2692);
#2308=LINE('',#5778,#2693);
#2309=LINE('',#5780,#2694);
#2310=LINE('',#5782,#2695);
#2311=LINE('',#5784,#2696);
#2312=LINE('',#5786,#2697);
#2313=LINE('',#5788,#2698);
#2314=LINE('',#5789,#2699);
#2315=LINE('',#5791,#2700);
#2316=LINE('',#5793,#2701);
#2317=LINE('',#5795,#2702);
#2318=LINE('',#5797,#2703);
#2319=LINE('',#5799,#2704);
#2320=LINE('',#5801,#2705);
#2321=LINE('',#5802,#2706);
#2322=LINE('',#5804,#2707);
#2323=LINE('',#5806,#2708);
#2324=LINE('',#5808,#2709);
#2325=LINE('',#5810,#2710);
#2326=LINE('',#5812,#2711);
#2327=LINE('',#5814,#2712);
#2328=LINE('',#5832,#2713);
#2329=LINE('',#5834,#2714);
#2330=LINE('',#5836,#2715);
#2331=LINE('',#5839,#2716);
#2332=LINE('',#5841,#2717);
#2333=LINE('',#5843,#2718);
#2334=LINE('',#5845,#2719);
#2335=LINE('',#5847,#2720);
#2336=LINE('',#5849,#2721);
#2337=LINE('',#5851,#2722);
#2338=LINE('',#5853,#2723);
#2339=LINE('',#5855,#2724);
#2340=LINE('',#5863,#2725);
#2341=LINE('',#5866,#2726);
#2342=LINE('',#5867,#2727);
#2343=LINE('',#5869,#2728);
#2344=LINE('',#5871,#2729);
#2345=LINE('',#5873,#2730);
#2346=LINE('',#5875,#2731);
#2347=LINE('',#5879,#2732);
#2348=LINE('',#5881,#2733);
#2349=LINE('',#5883,#2734);
#2350=LINE('',#5885,#2735);
#2351=LINE('',#5887,#2736);
#2352=LINE('',#5888,#2737);
#2353=LINE('',#5890,#2738);
#2354=LINE('',#5892,#2739);
#2355=LINE('',#5894,#2740);
#2356=LINE('',#5896,#2741);
#2357=LINE('',#5906,#2742);
#2358=LINE('',#5908,#2743);
#2359=LINE('',#5910,#2744);
#2360=LINE('',#5912,#2745);
#2361=LINE('',#5914,#2746);
#2362=LINE('',#5916,#2747);
#2363=LINE('',#5918,#2748);
#2364=LINE('',#5920,#2749);
#2365=LINE('',#5922,#2750);
#2366=LINE('',#5923,#2751);
#2367=LINE('',#5925,#2752);
#2368=LINE('',#5927,#2753);
#2369=LINE('',#5928,#2754);
#2370=LINE('',#5930,#2755);
#2371=LINE('',#5932,#2756);
#2372=LINE('',#5935,#2757);
#2373=LINE('',#5937,#2758);
#2374=LINE('',#5947,#2759);
#2375=LINE('',#5950,#2760);
#2376=LINE('',#5951,#2761);
#2377=LINE('',#5953,#2762);
#2378=LINE('',#5955,#2763);
#2379=LINE('',#5957,#2764);
#2380=LINE('',#5959,#2765);
#2381=LINE('',#5961,#2766);
#2382=LINE('',#5964,#2767);
#2383=LINE('',#5965,#2768);
#2384=LINE('',#5967,#2769);
#2385=LINE('',#5969,#2770);
#2386=LINE('',#5971,#2771);
#2387=LINE('',#5975,#2772);
#2388=LINE('',#5976,#2773);
#2389=LINE('',#5978,#2774);
#2390=LINE('',#5980,#2775);
#2391=LINE('',#5982,#2776);
#2392=LINE('',#5984,#2777);
#2393=LINE('',#5986,#2778);
#2394=LINE('',#5988,#2779);
#2395=LINE('',#5991,#2780);
#2396=LINE('',#5992,#2781);
#2397=LINE('',#6002,#2782);
#2398=LINE('',#6004,#2783);
#2399=LINE('',#6006,#2784);
#2400=LINE('',#6008,#2785);
#2401=LINE('',#6010,#2786);
#2402=LINE('',#6012,#2787);
#2403=LINE('',#6013,#2788);
#2404=LINE('',#6015,#2789);
#2405=LINE('',#6016,#2790);
#2406=LINE('',#6018,#2791);
#2407=LINE('',#6020,#2792);
#2408=LINE('',#6029,#2793);
#2409=LINE('',#6031,#2794);
#2410=LINE('',#6035,#2795);
#2411=LINE('',#6037,#2796);
#2412=LINE('',#6039,#2797);
#2413=LINE('',#6041,#2798);
#2414=LINE('',#6043,#2799);
#2415=LINE('',#6045,#2800);
#2416=LINE('',#6047,#2801);
#2417=LINE('',#6049,#2802);
#2418=LINE('',#6051,#2803);
#2419=LINE('',#6053,#2804);
#2420=LINE('',#6055,#2805);
#2421=LINE('',#6057,#2806);
#2422=LINE('',#6059,#2807);
#2423=LINE('',#6061,#2808);
#2424=LINE('',#6063,#2809);
#2425=LINE('',#6065,#2810);
#2426=LINE('',#6067,#2811);
#2427=LINE('',#6069,#2812);
#2428=LINE('',#6071,#2813);
#2429=LINE('',#6073,#2814);
#2430=LINE('',#6075,#2815);
#2431=LINE('',#6077,#2816);
#2432=LINE('',#6079,#2817);
#2433=LINE('',#6081,#2818);
#2434=LINE('',#6083,#2819);
#2435=LINE('',#6085,#2820);
#2436=LINE('',#6087,#2821);
#2437=LINE('',#6089,#2822);
#2438=LINE('',#6091,#2823);
#2439=LINE('',#6093,#2824);
#2440=LINE('',#6095,#2825);
#2441=LINE('',#6099,#2826);
#2442=LINE('',#6101,#2827);
#2443=LINE('',#6105,#2828);
#2444=LINE('',#6109,#2829);
#2445=LINE('',#6111,#2830);
#2446=LINE('',#6115,#2831);
#2447=LINE('',#6119,#2832);
#2448=LINE('',#6123,#2833);
#2449=LINE('',#6127,#2834);
#2450=LINE('',#6131,#2835);
#2451=LINE('',#6133,#2836);
#2452=LINE('',#6137,#2837);
#2453=LINE('',#6139,#2838);
#2454=LINE('',#6143,#2839);
#2455=LINE('',#6145,#2840);
#2456=LINE('',#6149,#2841);
#2457=LINE('',#6151,#2842);
#2458=LINE('',#6159,#2843);
#2459=LINE('',#6163,#2844);
#2460=LINE('',#6167,#2845);
#2461=LINE('',#6171,#2846);
#2462=LINE('',#6173,#2847);
#2463=LINE('',#6179,#2848);
#2464=LINE('',#6183,#2849);
#2465=LINE('',#6187,#2850);
#2466=LINE('',#6193,#2851);
#2467=LINE('',#6197,#2852);
#2468=LINE('',#6199,#2853);
#2469=LINE('',#6203,#2854);
#2470=LINE('',#6205,#2855);
#2471=LINE('',#6211,#2856);
#2472=LINE('',#6215,#2857);
#2473=LINE('',#6221,#2858);
#2474=LINE('',#6225,#2859);
#2475=LINE('',#6229,#2860);
#2476=LINE('',#6231,#2861);
#2477=LINE('',#6235,#2862);
#2478=LINE('',#6239,#2863);
#2479=LINE('',#6243,#2864);
#2480=LINE('',#6247,#2865);
#2481=LINE('',#6255,#2866);
#2482=LINE('',#6259,#2867);
#2483=LINE('',#6261,#2868);
#2484=LINE('',#6265,#2869);
#2485=LINE('',#6269,#2870);
#2486=LINE('',#6273,#2871);
#2487=LINE('',#6275,#2872);
#2488=LINE('',#6281,#2873);
#2489=LINE('',#6285,#2874);
#2490=LINE('',#6289,#2875);
#2491=LINE('',#6307,#2876);
#2492=LINE('',#6308,#2877);
#2493=LINE('',#6310,#2878);
#2494=LINE('',#6312,#2879);
#2495=LINE('',#6316,#2880);
#2496=LINE('',#6318,#2881);
#2497=LINE('',#6320,#2882);
#2498=LINE('',#6322,#2883);
#2499=LINE('',#6323,#2884);
#2500=LINE('',#6326,#2885);
#2501=LINE('',#6328,#2886);
#2502=LINE('',#6330,#2887);
#2503=LINE('',#6335,#2888);
#2504=LINE('',#6336,#2889);
#2505=LINE('',#6338,#2890);
#2506=LINE('',#6340,#2891);
#2507=LINE('',#6342,#2892);
#2508=LINE('',#6344,#2893);
#2509=LINE('',#6349,#2894);
#2510=LINE('',#6350,#2895);
#2511=LINE('',#6355,#2896);
#2512=LINE('',#6357,#2897);
#2513=LINE('',#6359,#2898);
#2514=LINE('',#6361,#2899);
#2515=LINE('',#6362,#2900);
#2516=LINE('',#6363,#2901);
#2517=LINE('',#6367,#2902);
#2518=LINE('',#6371,#2903);
#2519=LINE('',#6373,#2904);
#2520=LINE('',#6375,#2905);
#2521=LINE('',#6378,#2906);
#2522=LINE('',#6379,#2907);
#2523=LINE('',#6381,#2908);
#2524=LINE('',#6383,#2909);
#2525=LINE('',#6388,#2910);
#2526=LINE('',#6392,#2911);
#2527=LINE('',#6394,#2912);
#2528=LINE('',#6397,#2913);
#2529=LINE('',#6399,#2914);
#2530=LINE('',#6401,#2915);
#2531=LINE('',#6402,#2916);
#2532=LINE('',#6405,#2917);
#2533=LINE('',#6408,#2918);
#2534=LINE('',#6410,#2919);
#2535=LINE('',#6412,#2920);
#2536=LINE('',#6414,#2921);
#2537=LINE('',#6416,#2922);
#2538=LINE('',#6418,#2923);
#2539=LINE('',#6422,#2924);
#2540=LINE('',#6423,#2925);
#2541=LINE('',#6427,#2926);
#2542=LINE('',#6429,#2927);
#2543=LINE('',#6431,#2928);
#2544=LINE('',#6432,#2929);
#2545=LINE('',#6439,#2930);
#2546=LINE('',#6441,#2931);
#2547=LINE('',#6443,#2932);
#2548=LINE('',#6446,#2933);
#2549=LINE('',#6448,#2934);
#2550=LINE('',#6450,#2935);
#2551=LINE('',#6452,#2936);
#2552=LINE('',#6456,#2937);
#2553=LINE('',#6458,#2938);
#2554=LINE('',#6463,#2939);
#2555=LINE('',#6465,#2940);
#2556=LINE('',#6467,#2941);
#2557=LINE('',#6469,#2942);
#2558=LINE('',#6470,#2943);
#2559=LINE('',#6472,#2944);
#2560=LINE('',#6474,#2945);
#2561=LINE('',#6475,#2946);
#2562=LINE('',#6479,#2947);
#2563=LINE('',#6483,#2948);
#2564=LINE('',#6485,#2949);
#2565=LINE('',#6487,#2950);
#2566=LINE('',#6490,#2951);
#2567=LINE('',#6492,#2952);
#2568=LINE('',#6494,#2953);
#2569=LINE('',#6496,#2954);
#2570=LINE('',#6498,#2955);
#2571=LINE('',#6503,#2956);
#2572=LINE('',#6504,#2957);
#2573=LINE('',#6506,#2958);
#2574=LINE('',#6510,#2959);
#2575=LINE('',#6512,#2960);
#2576=LINE('',#6515,#2961);
#2577=LINE('',#6517,#2962);
#2578=LINE('',#6519,#2963);
#2579=LINE('',#6520,#2964);
#2580=LINE('',#6523,#2965);
#2581=LINE('',#6526,#2966);
#2582=VECTOR('',#4270,1.);
#2583=VECTOR('',#4271,1.);
#2584=VECTOR('',#4272,1.);
#2585=VECTOR('',#4273,1.);
#2586=VECTOR('',#4274,1.);
#2587=VECTOR('',#4275,1.);
#2588=VECTOR('',#4276,1.);
#2589=VECTOR('',#4279,1.);
#2590=VECTOR('',#4280,1.);
#2591=VECTOR('',#4281,1.);
#2592=VECTOR('',#4282,1.);
#2593=VECTOR('',#4283,1.);
#2594=VECTOR('',#4284,1.);
#2595=VECTOR('',#4285,1.);
#2596=VECTOR('',#4288,1.);
#2597=VECTOR('',#4289,1.);
#2598=VECTOR('',#4290,1.);
#2599=VECTOR('',#4291,1.);
#2600=VECTOR('',#4292,1.);
#2601=VECTOR('',#4293,1.);
#2602=VECTOR('',#4294,1.);
#2603=VECTOR('',#4295,1.);
#2604=VECTOR('',#4296,1.);
#2605=VECTOR('',#4297,1.);
#2606=VECTOR('',#4298,1.);
#2607=VECTOR('',#4299,1.);
#2608=VECTOR('',#4300,1.);
#2609=VECTOR('',#4301,1.);
#2610=VECTOR('',#4302,1.);
#2611=VECTOR('',#4303,1.);
#2612=VECTOR('',#4304,1.);
#2613=VECTOR('',#4305,1.);
#2614=VECTOR('',#4306,1.);
#2615=VECTOR('',#4307,1.);
#2616=VECTOR('',#4308,1.);
#2617=VECTOR('',#4309,1.);
#2618=VECTOR('',#4310,1.);
#2619=VECTOR('',#4311,1.);
#2620=VECTOR('',#4312,1.);
#2621=VECTOR('',#4313,1.);
#2622=VECTOR('',#4314,1.);
#2623=VECTOR('',#4315,1.);
#2624=VECTOR('',#4316,1.);
#2625=VECTOR('',#4317,1.);
#2626=VECTOR('',#4318,1.);
#2627=VECTOR('',#4319,1.);
#2628=VECTOR('',#4320,1.);
#2629=VECTOR('',#4321,1.);
#2630=VECTOR('',#4322,1.);
#2631=VECTOR('',#4323,1.);
#2632=VECTOR('',#4324,1.);
#2633=VECTOR('',#4325,1.);
#2634=VECTOR('',#4326,1.);
#2635=VECTOR('',#4327,1.);
#2636=VECTOR('',#4328,1.);
#2637=VECTOR('',#4329,1.);
#2638=VECTOR('',#4330,1.);
#2639=VECTOR('',#4331,1.);
#2640=VECTOR('',#4332,1.);
#2641=VECTOR('',#4333,1.);
#2642=VECTOR('',#4334,1.);
#2643=VECTOR('',#4335,1.);
#2644=VECTOR('',#4336,1.);
#2645=VECTOR('',#4337,1.);
#2646=VECTOR('',#4338,1.);
#2647=VECTOR('',#4339,1.);
#2648=VECTOR('',#4450,1.);
#2649=VECTOR('',#4451,1.);
#2650=VECTOR('',#4452,1.);
#2651=VECTOR('',#4455,1.);
#2652=VECTOR('',#4456,1.);
#2653=VECTOR('',#4457,1.);
#2654=VECTOR('',#4460,1.);
#2655=VECTOR('',#4461,1.);
#2656=VECTOR('',#4462,1.);
#2657=VECTOR('',#4465,1.);
#2658=VECTOR('',#4466,1.);
#2659=VECTOR('',#4467,1.);
#2660=VECTOR('',#4470,1.);
#2661=VECTOR('',#4473,1.);
#2662=VECTOR('',#4482,1.);
#2663=VECTOR('',#4489,1.);
#2664=VECTOR('',#4496,1.);
#2665=VECTOR('',#4503,1.);
#2666=VECTOR('',#4506,1.);
#2667=VECTOR('',#4507,1.);
#2668=VECTOR('',#4508,1.);
#2669=VECTOR('',#4509,1.);
#2670=VECTOR('',#4510,1.);
#2671=VECTOR('',#4511,1.);
#2672=VECTOR('',#4512,1.);
#2673=VECTOR('',#4513,1.);
#2674=VECTOR('',#4514,1.);
#2675=VECTOR('',#4517,1.);
#2676=VECTOR('',#4518,1.);
#2677=VECTOR('',#4519,1.);
#2678=VECTOR('',#4520,1.);
#2679=VECTOR('',#4521,1.);
#2680=VECTOR('',#4522,1.);
#2681=VECTOR('',#4523,1.);
#2682=VECTOR('',#4524,1.);
#2683=VECTOR('',#4527,1.);
#2684=VECTOR('',#4534,1.);
#2685=VECTOR('',#4539,1.);
#2686=VECTOR('',#4540,1.);
#2687=VECTOR('',#4541,1.);
#2688=VECTOR('',#4542,1.);
#2689=VECTOR('',#4543,1.);
#2690=VECTOR('',#4544,1.);
#2691=VECTOR('',#4545,1.);
#2692=VECTOR('',#4546,1.);
#2693=VECTOR('',#4547,1.);
#2694=VECTOR('',#4548,1.);
#2695=VECTOR('',#4549,1.);
#2696=VECTOR('',#4550,1.);
#2697=VECTOR('',#4551,1.);
#2698=VECTOR('',#4552,1.);
#2699=VECTOR('',#4553,1.);
#2700=VECTOR('',#4554,1.);
#2701=VECTOR('',#4555,1.);
#2702=VECTOR('',#4556,1.);
#2703=VECTOR('',#4557,1.);
#2704=VECTOR('',#4558,1.);
#2705=VECTOR('',#4559,1.);
#2706=VECTOR('',#4560,1.);
#2707=VECTOR('',#4561,1.);
#2708=VECTOR('',#4562,1.);
#2709=VECTOR('',#4563,1.);
#2710=VECTOR('',#4564,1.);
#2711=VECTOR('',#4565,1.);
#2712=VECTOR('',#4566,1.);
#2713=VECTOR('',#4585,1.);
#2714=VECTOR('',#4588,1.);
#2715=VECTOR('',#4591,1.);
#2716=VECTOR('',#4592,1.);
#2717=VECTOR('',#4593,1.);
#2718=VECTOR('',#4594,1.);
#2719=VECTOR('',#4595,1.);
#2720=VECTOR('',#4596,1.);
#2721=VECTOR('',#4597,1.);
#2722=VECTOR('',#4598,1.);
#2723=VECTOR('',#4599,1.);
#2724=VECTOR('',#4600,1.);
#2725=VECTOR('',#4611,1.);
#2726=VECTOR('',#4612,1.);
#2727=VECTOR('',#4613,1.);
#2728=VECTOR('',#4616,1.);
#2729=VECTOR('',#4617,1.);
#2730=VECTOR('',#4620,1.);
#2731=VECTOR('',#4621,1.);
#2732=VECTOR('',#4628,1.);
#2733=VECTOR('',#4629,1.);
#2734=VECTOR('',#4630,1.);
#2735=VECTOR('',#4633,1.);
#2736=VECTOR('',#4634,1.);
#2737=VECTOR('',#4635,1.);
#2738=VECTOR('',#4638,1.);
#2739=VECTOR('',#4639,1.);
#2740=VECTOR('',#4642,1.);
#2741=VECTOR('',#4645,1.);
#2742=VECTOR('',#4660,1.);
#2743=VECTOR('',#4661,1.);
#2744=VECTOR('',#4662,1.);
#2745=VECTOR('',#4663,1.);
#2746=VECTOR('',#4664,1.);
#2747=VECTOR('',#4665,1.);
#2748=VECTOR('',#4666,1.);
#2749=VECTOR('',#4669,1.);
#2750=VECTOR('',#4670,1.);
#2751=VECTOR('',#4671,1.);
#2752=VECTOR('',#4674,1.);
#2753=VECTOR('',#4675,1.);
#2754=VECTOR('',#4676,1.);
#2755=VECTOR('',#4679,1.);
#2756=VECTOR('',#4682,1.);
#2757=VECTOR('',#4687,1.);
#2758=VECTOR('',#4690,1.);
#2759=VECTOR('',#4705,1.);
#2760=VECTOR('',#4706,1.);
#2761=VECTOR('',#4707,1.);
#2762=VECTOR('',#4710,1.);
#2763=VECTOR('',#4711,1.);
#2764=VECTOR('',#4714,1.);
#2765=VECTOR('',#4715,1.);
#2766=VECTOR('',#4718,1.);
#2767=VECTOR('',#4719,1.);
#2768=VECTOR('',#4720,1.);
#2769=VECTOR('',#4723,1.);
#2770=VECTOR('',#4724,1.);
#2771=VECTOR('',#4725,1.);
#2772=VECTOR('',#4730,1.);
#2773=VECTOR('',#4731,1.);
#2774=VECTOR('',#4734,1.);
#2775=VECTOR('',#4737,1.);
#2776=VECTOR('',#4740,1.);
#2777=VECTOR('',#4741,1.);
#2778=VECTOR('',#4742,1.);
#2779=VECTOR('',#4745,1.);
#2780=VECTOR('',#4746,1.);
#2781=VECTOR('',#4747,1.);
#2782=VECTOR('',#4762,1.);
#2783=VECTOR('',#4763,1.);
#2784=VECTOR('',#4764,1.);
#2785=VECTOR('',#4765,1.);
#2786=VECTOR('',#4766,1.);
#2787=VECTOR('',#4769,1.);
#2788=VECTOR('',#4770,1.);
#2789=VECTOR('',#4773,1.);
#2790=VECTOR('',#4774,1.);
#2791=VECTOR('',#4777,1.);
#2792=VECTOR('',#4780,1.);
#2793=VECTOR('',#4793,1.);
#2794=VECTOR('',#4794,1.);
#2795=VECTOR('',#4797,1.);
#2796=VECTOR('',#4800,1.);
#2797=VECTOR('',#4803,1.);
#2798=VECTOR('',#4804,1.);
#2799=VECTOR('',#4805,1.);
#2800=VECTOR('',#4806,1.);
#2801=VECTOR('',#4807,1.);
#2802=VECTOR('',#4810,1.);
#2803=VECTOR('',#4811,1.);
#2804=VECTOR('',#4812,1.);
#2805=VECTOR('',#4813,1.);
#2806=VECTOR('',#4816,1.);
#2807=VECTOR('',#4817,1.);
#2808=VECTOR('',#4818,1.);
#2809=VECTOR('',#4819,1.);
#2810=VECTOR('',#4820,1.);
#2811=VECTOR('',#4823,1.);
#2812=VECTOR('',#4824,1.);
#2813=VECTOR('',#4825,1.);
#2814=VECTOR('',#4826,1.);
#2815=VECTOR('',#4829,1.);
#2816=VECTOR('',#4830,1.);
#2817=VECTOR('',#4833,1.);
#2818=VECTOR('',#4834,1.);
#2819=VECTOR('',#4837,1.);
#2820=VECTOR('',#4838,1.);
#2821=VECTOR('',#4841,1.);
#2822=VECTOR('',#4842,1.);
#2823=VECTOR('',#4845,1.);
#2824=VECTOR('',#4848,1.);
#2825=VECTOR('',#4851,1.);
#2826=VECTOR('',#4854,1.);
#2827=VECTOR('',#4857,1.);
#2828=VECTOR('',#4862,1.);
#2829=VECTOR('',#4865,1.);
#2830=VECTOR('',#4868,1.);
#2831=VECTOR('',#4873,1.);
#2832=VECTOR('',#4876,1.);
#2833=VECTOR('',#4883,1.);
#2834=VECTOR('',#4888,1.);
#2835=VECTOR('',#4891,1.);
#2836=VECTOR('',#4894,1.);
#2837=VECTOR('',#4897,1.);
#2838=VECTOR('',#4900,1.);
#2839=VECTOR('',#4903,1.);
#2840=VECTOR('',#4906,1.);
#2841=VECTOR('',#4909,1.);
#2842=VECTOR('',#4912,1.);
#2843=VECTOR('',#4923,1.);
#2844=VECTOR('',#4928,1.);
#2845=VECTOR('',#4935,1.);
#2846=VECTOR('',#4938,1.);
#2847=VECTOR('',#4941,1.);
#2848=VECTOR('',#4950,1.);
#2849=VECTOR('',#4953,1.);
#2850=VECTOR('',#4958,1.);
#2851=VECTOR('',#4969,1.);
#2852=VECTOR('',#4972,1.);
#2853=VECTOR('',#4975,1.);
#2854=VECTOR('',#4978,1.);
#2855=VECTOR('',#4981,1.);
#2856=VECTOR('',#4990,1.);
#2857=VECTOR('',#4993,1.);
#2858=VECTOR('',#5002,1.);
#2859=VECTOR('',#5009,1.);
#2860=VECTOR('',#5012,1.);
#2861=VECTOR('',#5015,1.);
#2862=VECTOR('',#5020,1.);
#2863=VECTOR('',#5025,1.);
#2864=VECTOR('',#5028,1.);
#2865=VECTOR('',#5033,1.);
#2866=VECTOR('',#5048,1.);
#2867=VECTOR('',#5051,1.);
#2868=VECTOR('',#5054,1.);
#2869=VECTOR('',#5059,1.);
#2870=VECTOR('',#5064,1.);
#2871=VECTOR('',#5067,1.);
#2872=VECTOR('',#5070,1.);
#2873=VECTOR('',#5079,1.);
#2874=VECTOR('',#5082,1.);
#2875=VECTOR('',#5087,1.);
#2876=VECTOR('',#5116,1.);
#2877=VECTOR('',#5117,1.);
#2878=VECTOR('',#5120,1.);
#2879=VECTOR('',#5123,1.);
#2880=VECTOR('',#5130,1.);
#2881=VECTOR('',#5131,1.);
#2882=VECTOR('',#5134,1.);
#2883=VECTOR('',#5137,1.);
#2884=VECTOR('',#5138,1.);
#2885=VECTOR('',#5143,1.);
#2886=VECTOR('',#5144,1.);
#2887=VECTOR('',#5145,1.);
#2888=VECTOR('',#5150,1.);
#2889=VECTOR('',#5151,1.);
#2890=VECTOR('',#5154,1.);
#2891=VECTOR('',#5155,1.);
#2892=VECTOR('',#5156,1.);
#2893=VECTOR('',#5157,1.);
#2894=VECTOR('',#5162,1.);
#2895=VECTOR('',#5163,1.);
#2896=VECTOR('',#5168,1.);
#2897=VECTOR('',#5169,1.);
#2898=VECTOR('',#5170,1.);
#2899=VECTOR('',#5173,1.);
#2900=VECTOR('',#5174,1.);
#2901=VECTOR('',#5175,1.);
#2902=VECTOR('',#5180,1.);
#2903=VECTOR('',#5187,1.);
#2904=VECTOR('',#5190,1.);
#2905=VECTOR('',#5193,1.);
#2906=VECTOR('',#5198,1.);
#2907=VECTOR('',#5199,1.);
#2908=VECTOR('',#5202,1.);
#2909=VECTOR('',#5205,1.);
#2910=VECTOR('',#5212,1.);
#2911=VECTOR('',#5217,1.);
#2912=VECTOR('',#5218,1.);
#2913=VECTOR('',#5223,1.);
#2914=VECTOR('',#5226,1.);
#2915=VECTOR('',#5229,1.);
#2916=VECTOR('',#5230,1.);
#2917=VECTOR('',#5235,1.);
#2918=VECTOR('',#5240,1.);
#2919=VECTOR('',#5241,1.);
#2920=VECTOR('',#5244,1.);
#2921=VECTOR('',#5247,1.);
#2922=VECTOR('',#5250,1.);
#2923=VECTOR('',#5253,1.);
#2924=VECTOR('',#5256,1.);
#2925=VECTOR('',#5257,1.);
#2926=VECTOR('',#5262,1.);
#2927=VECTOR('',#5263,1.);
#2928=VECTOR('',#5266,1.);
#2929=VECTOR('',#5267,1.);
#2930=VECTOR('',#5280,1.);
#2931=VECTOR('',#5283,1.);
#2932=VECTOR('',#5286,1.);
#2933=VECTOR('',#5291,1.);
#2934=VECTOR('',#5294,1.);
#2935=VECTOR('',#5297,1.);
#2936=VECTOR('',#5300,1.);
#2937=VECTOR('',#5305,1.);
#2938=VECTOR('',#5306,1.);
#2939=VECTOR('',#5311,1.);
#2940=VECTOR('',#5312,1.);
#2941=VECTOR('',#5313,1.);
#2942=VECTOR('',#5316,1.);
#2943=VECTOR('',#5317,1.);
#2944=VECTOR('',#5318,1.);
#2945=VECTOR('',#5321,1.);
#2946=VECTOR('',#5322,1.);
#2947=VECTOR('',#5327,1.);
#2948=VECTOR('',#5334,1.);
#2949=VECTOR('',#5337,1.);
#2950=VECTOR('',#5340,1.);
#2951=VECTOR('',#5345,1.);
#2952=VECTOR('',#5346,1.);
#2953=VECTOR('',#5349,1.);
#2954=VECTOR('',#5352,1.);
#2955=VECTOR('',#5355,1.);
#2956=VECTOR('',#5360,1.);
#2957=VECTOR('',#5361,1.);
#2958=VECTOR('',#5362,1.);
#2959=VECTOR('',#5367,1.);
#2960=VECTOR('',#5368,1.);
#2961=VECTOR('',#5373,1.);
#2962=VECTOR('',#5376,1.);
#2963=VECTOR('',#5379,1.);
#2964=VECTOR('',#5380,1.);
#2965=VECTOR('',#5385,1.);
#2966=VECTOR('',#5390,1.);
#2967=EDGE_LOOP('',(#193,#194,#195,#196,#197,#198,#199));
#2968=EDGE_LOOP('',(#200,#201,#202,#203,#204,#205,#206));
#2969=EDGE_LOOP('',(#207,#208,#209,#210,#211,#212,#213,#214,#215,#216,#217,
#218,#219,#220,#221,#222,#223,#224,#225,#226,#227,#228,#229,#230,#231,#232,
#233,#234,#235,#236,#237,#238,#239,#240,#241,#242,#243,#244,#245,#246,#247,
#248,#249,#250,#251,#252,#253,#254,#255,#256,#257,#258,#259,#260));
#2970=EDGE_LOOP('',(#261,#262,#263,#264,#265,#266,#267,#268,#269,#270,#271,
#272,#273,#274,#275,#276,#277,#278,#279,#280,#281,#282,#283,#284,#285,#286,
#287,#288,#289,#290,#291,#292,#293,#294,#295,#296,#297,#298,#299,#300,#301,
#302,#303,#304,#305,#306,#307,#308,#309,#310,#311,#312,#313,#314,#315));
#2971=EDGE_LOOP('',(#316,#317,#318));
#2972=EDGE_LOOP('',(#319,#320,#321));
#2973=EDGE_LOOP('',(#322,#323,#324));
#2974=EDGE_LOOP('',(#325,#326,#327));
#2975=EDGE_LOOP('',(#328,#329,#330,#331,#332,#333));
#2976=EDGE_LOOP('',(#334,#335,#336,#337,#338,#339));
#2977=EDGE_LOOP('',(#340,#341,#342,#343,#344,#345));
#2978=EDGE_LOOP('',(#346,#347,#348,#349,#350,#351,#352,#353,#354,#355,#356,
#357,#358,#359,#360,#361));
#2979=EDGE_LOOP('',(#362,#363,#364,#365,#366,#367,#368,#369,#370,#371,#372,
#373));
#2980=EDGE_LOOP('',(#374,#375,#376,#377,#378,#379));
#2981=EDGE_LOOP('',(#380));
#2982=EDGE_LOOP('',(#381,#382,#383,#384,#385,#386,#387,#388,#389,#390,#391,
#392,#393,#394,#395,#396,#397,#398,#399,#400,#401,#402,#403,#404,#405,#406,
#407,#408,#409,#410,#411,#412));
#2983=EDGE_LOOP('',(#413));
#2984=EDGE_LOOP('',(#414));
#2985=EDGE_LOOP('',(#415));
#2986=EDGE_LOOP('',(#416));
#2987=EDGE_LOOP('',(#417));
#2988=EDGE_LOOP('',(#418));
#2989=EDGE_LOOP('',(#419));
#2990=EDGE_LOOP('',(#420));
#2991=EDGE_LOOP('',(#421,#422,#423,#424));
#2992=EDGE_LOOP('',(#425,#426,#427,#428));
#2993=EDGE_LOOP('',(#429,#430,#431,#432,#433,#434,#435,#436,#437,#438));
#2994=EDGE_LOOP('',(#439,#440,#441,#442,#443,#444,#445,#446,#447,#448,#449,
#450));
#2995=EDGE_LOOP('',(#451));
#2996=EDGE_LOOP('',(#452));
#2997=EDGE_LOOP('',(#453,#454,#455,#456));
#2998=EDGE_LOOP('',(#457,#458,#459,#460));
#2999=EDGE_LOOP('',(#461,#462,#463,#464));
#3000=EDGE_LOOP('',(#465));
#3001=EDGE_LOOP('',(#466));
#3002=EDGE_LOOP('',(#467));
#3003=EDGE_LOOP('',(#468));
#3004=EDGE_LOOP('',(#469,#470,#471,#472,#473));
#3005=EDGE_LOOP('',(#474,#475,#476,#477,#478,#479,#480,#481));
#3006=EDGE_LOOP('',(#482,#483,#484,#485,#486));
#3007=EDGE_LOOP('',(#487,#488,#489,#490,#491));
#3008=EDGE_LOOP('',(#492,#493,#494,#495,#496));
#3009=EDGE_LOOP('',(#497));
#3010=EDGE_LOOP('',(#498));
#3011=EDGE_LOOP('',(#499));
#3012=EDGE_LOOP('',(#500));
#3013=EDGE_LOOP('',(#501));
#3014=EDGE_LOOP('',(#502));
#3015=EDGE_LOOP('',(#503,#504,#505,#506,#507,#508,#509,#510));
#3016=EDGE_LOOP('',(#511,#512,#513,#514,#515));
#3017=EDGE_LOOP('',(#516,#517,#518,#519,#520));
#3018=EDGE_LOOP('',(#521,#522,#523,#524));
#3019=EDGE_LOOP('',(#525,#526,#527,#528));
#3020=EDGE_LOOP('',(#529,#530,#531,#532));
#3021=EDGE_LOOP('',(#533,#534,#535,#536,#537));
#3022=EDGE_LOOP('',(#538,#539,#540,#541,#542));
#3023=EDGE_LOOP('',(#543));
#3024=EDGE_LOOP('',(#544));
#3025=EDGE_LOOP('',(#545));
#3026=EDGE_LOOP('',(#546));
#3027=EDGE_LOOP('',(#547));
#3028=EDGE_LOOP('',(#548));
#3029=EDGE_LOOP('',(#549,#550,#551,#552));
#3030=EDGE_LOOP('',(#553,#554,#555,#556));
#3031=EDGE_LOOP('',(#557,#558,#559,#560));
#3032=EDGE_LOOP('',(#561,#562,#563,#564,#565));
#3033=EDGE_LOOP('',(#566,#567,#568,#569,#570));
#3034=EDGE_LOOP('',(#571));
#3035=EDGE_LOOP('',(#572,#573,#574,#575,#576,#577,#578,#579));
#3036=EDGE_LOOP('',(#580,#581,#582,#583,#584));
#3037=EDGE_LOOP('',(#585,#586,#587,#588,#589));
#3038=EDGE_LOOP('',(#590,#591,#592,#593,#594));
#3039=EDGE_LOOP('',(#595,#596,#597,#598,#599));
#3040=EDGE_LOOP('',(#600));
#3041=EDGE_LOOP('',(#601));
#3042=EDGE_LOOP('',(#602));
#3043=EDGE_LOOP('',(#603));
#3044=EDGE_LOOP('',(#604));
#3045=EDGE_LOOP('',(#605));
#3046=EDGE_LOOP('',(#606,#607,#608,#609,#610,#611,#612,#613));
#3047=EDGE_LOOP('',(#614,#615,#616,#617,#618));
#3048=EDGE_LOOP('',(#619,#620,#621,#622,#623));
#3049=EDGE_LOOP('',(#624,#625,#626,#627));
#3050=EDGE_LOOP('',(#628,#629,#630,#631));
#3051=EDGE_LOOP('',(#632,#633,#634,#635));
#3052=EDGE_LOOP('',(#636));
#3053=EDGE_LOOP('',(#637));
#3054=EDGE_LOOP('',(#638));
#3055=EDGE_LOOP('',(#639));
#3056=EDGE_LOOP('',(#640,#641,#642,#643,#644));
#3057=EDGE_LOOP('',(#645,#646,#647,#648));
#3058=EDGE_LOOP('',(#649,#650,#651,#652,#653,#654));
#3059=EDGE_LOOP('',(#655,#656,#657,#658,#659,#660));
#3060=EDGE_LOOP('',(#661,#662,#663,#664,#665,#666));
#3061=EDGE_LOOP('',(#667,#668,#669,#670,#671,#672));
#3062=EDGE_LOOP('',(#673,#674,#675,#676));
#3063=EDGE_LOOP('',(#677,#678,#679,#680));
#3064=EDGE_LOOP('',(#681,#682,#683,#684));
#3065=EDGE_LOOP('',(#685,#686,#687,#688));
#3066=EDGE_LOOP('',(#689,#690,#691,#692));
#3067=EDGE_LOOP('',(#693,#694,#695,#696));
#3068=EDGE_LOOP('',(#697,#698,#699,#700));
#3069=EDGE_LOOP('',(#701,#702,#703,#704));
#3070=EDGE_LOOP('',(#705,#706,#707,#708));
#3071=EDGE_LOOP('',(#709,#710,#711,#712));
#3072=EDGE_LOOP('',(#713,#714,#715,#716));
#3073=EDGE_LOOP('',(#717,#718,#719,#720));
#3074=EDGE_LOOP('',(#721,#722,#723,#724));
#3075=EDGE_LOOP('',(#725,#726,#727,#728));
#3076=EDGE_LOOP('',(#729,#730,#731,#732));
#3077=EDGE_LOOP('',(#733,#734,#735,#736));
#3078=EDGE_LOOP('',(#737,#738,#739,#740));
#3079=EDGE_LOOP('',(#741,#742,#743,#744));
#3080=EDGE_LOOP('',(#745,#746,#747,#748));
#3081=EDGE_LOOP('',(#749,#750,#751,#752));
#3082=EDGE_LOOP('',(#753,#754,#755,#756));
#3083=EDGE_LOOP('',(#757,#758,#759,#760));
#3084=EDGE_LOOP('',(#761,#762,#763,#764));
#3085=EDGE_LOOP('',(#765,#766,#767,#768));
#3086=EDGE_LOOP('',(#769,#770,#771,#772));
#3087=EDGE_LOOP('',(#773,#774,#775,#776));
#3088=EDGE_LOOP('',(#777,#778,#779,#780));
#3089=EDGE_LOOP('',(#781,#782,#783,#784));
#3090=EDGE_LOOP('',(#785,#786,#787,#788));
#3091=EDGE_LOOP('',(#789,#790,#791,#792));
#3092=EDGE_LOOP('',(#793,#794,#795,#796));
#3093=EDGE_LOOP('',(#797,#798,#799,#800));
#3094=EDGE_LOOP('',(#801,#802,#803,#804));
#3095=EDGE_LOOP('',(#805,#806,#807,#808));
#3096=EDGE_LOOP('',(#809,#810,#811,#812));
#3097=EDGE_LOOP('',(#813,#814,#815,#816));
#3098=EDGE_LOOP('',(#817,#818,#819,#820));
#3099=EDGE_LOOP('',(#821,#822,#823,#824));
#3100=EDGE_LOOP('',(#825,#826,#827,#828));
#3101=EDGE_LOOP('',(#829,#830,#831,#832));
#3102=EDGE_LOOP('',(#833,#834,#835,#836));
#3103=EDGE_LOOP('',(#837,#838,#839,#840));
#3104=EDGE_LOOP('',(#841,#842,#843,#844));
#3105=EDGE_LOOP('',(#845,#846,#847,#848));
#3106=EDGE_LOOP('',(#849,#850,#851,#852));
#3107=EDGE_LOOP('',(#853,#854,#855,#856));
#3108=EDGE_LOOP('',(#857,#858,#859,#860));
#3109=EDGE_LOOP('',(#861,#862,#863,#864));
#3110=EDGE_LOOP('',(#865,#866,#867,#868));
#3111=EDGE_LOOP('',(#869,#870,#871,#872));
#3112=EDGE_LOOP('',(#873,#874,#875,#876,#877));
#3113=EDGE_LOOP('',(#878,#879,#880,#881));
#3114=EDGE_LOOP('',(#882,#883,#884,#885));
#3115=EDGE_LOOP('',(#886,#887,#888,#889));
#3116=EDGE_LOOP('',(#890,#891,#892,#893));
#3117=EDGE_LOOP('',(#894,#895,#896,#897));
#3118=EDGE_LOOP('',(#898,#899,#900,#901));
#3119=EDGE_LOOP('',(#902));
#3120=EDGE_LOOP('',(#903));
#3121=EDGE_LOOP('',(#904));
#3122=EDGE_LOOP('',(#905));
#3123=EDGE_LOOP('',(#906));
#3124=EDGE_LOOP('',(#907,#908,#909,#910,#911,#912));
#3125=EDGE_LOOP('',(#913,#914,#915,#916));
#3126=EDGE_LOOP('',(#917,#918,#919,#920));
#3127=EDGE_LOOP('',(#921,#922,#923,#924,#925,#926));
#3128=EDGE_LOOP('',(#927,#928,#929,#930,#931,#932));
#3129=EDGE_LOOP('',(#933,#934,#935));
#3130=EDGE_LOOP('',(#936,#937,#938));
#3131=EDGE_LOOP('',(#939,#940,#941));
#3132=EDGE_LOOP('',(#942,#943,#944));
#3133=EDGE_LOOP('',(#945,#946,#947,#948,#949));
#3134=EDGE_LOOP('',(#950,#951,#952,#953));
#3135=EDGE_LOOP('',(#954,#955,#956,#957,#958));
#3136=EDGE_LOOP('',(#959,#960,#961,#962));
#3137=EDGE_LOOP('',(#963,#964,#965,#966));
#3138=EDGE_LOOP('',(#967,#968,#969,#970,#971));
#3139=EDGE_LOOP('',(#972,#973,#974,#975));
#3140=EDGE_LOOP('',(#976,#977,#978,#979));
#3141=EDGE_LOOP('',(#980,#981,#982));
#3142=EDGE_LOOP('',(#983,#984,#985));
#3143=EDGE_LOOP('',(#986,#987,#988));
#3144=EDGE_LOOP('',(#989,#990,#991));
#3145=EDGE_LOOP('',(#992,#993,#994));
#3146=EDGE_LOOP('',(#995,#996,#997));
#3147=EDGE_LOOP('',(#998,#999,#1000));
#3148=EDGE_LOOP('',(#1001,#1002,#1003));
#3149=EDGE_LOOP('',(#1004,#1005,#1006,#1007));
#3150=EDGE_LOOP('',(#1008,#1009,#1010,#1011));
#3151=EDGE_LOOP('',(#1012,#1013,#1014,#1015));
#3152=EDGE_LOOP('',(#1016,#1017,#1018,#1019,#1020));
#3153=EDGE_LOOP('',(#1021,#1022,#1023));
#3154=EDGE_LOOP('',(#1024,#1025,#1026));
#3155=EDGE_LOOP('',(#1027,#1028,#1029));
#3156=EDGE_LOOP('',(#1030,#1031,#1032));
#3157=EDGE_LOOP('',(#1033,#1034,#1035));
#3158=EDGE_LOOP('',(#1036,#1037,#1038));
#3159=EDGE_LOOP('',(#1039,#1040,#1041));
#3160=EDGE_LOOP('',(#1042,#1043,#1044));
#3161=EDGE_LOOP('',(#1045,#1046,#1047,#1048,#1049));
#3162=EDGE_LOOP('',(#1050,#1051,#1052,#1053));
#3163=EDGE_LOOP('',(#1054,#1055,#1056,#1057,#1058));
#3164=EDGE_LOOP('',(#1059,#1060,#1061,#1062));
#3165=EDGE_LOOP('',(#1063,#1064,#1065,#1066,#1067));
#3166=EDGE_LOOP('',(#1068,#1069,#1070,#1071));
#3167=EDGE_LOOP('',(#1072,#1073,#1074));
#3168=EDGE_LOOP('',(#1075,#1076,#1077));
#3169=EDGE_LOOP('',(#1078,#1079,#1080));
#3170=EDGE_LOOP('',(#1081,#1082,#1083));
#3171=EDGE_LOOP('',(#1084,#1085,#1086));
#3172=EDGE_LOOP('',(#1087,#1088,#1089));
#3173=EDGE_LOOP('',(#1090,#1091,#1092));
#3174=EDGE_LOOP('',(#1093,#1094,#1095));
#3175=EDGE_LOOP('',(#1096,#1097,#1098,#1099));
#3176=EDGE_LOOP('',(#1100,#1101,#1102,#1103));
#3177=EDGE_LOOP('',(#1104,#1105,#1106,#1107,#1108));
#3178=EDGE_LOOP('',(#1109,#1110,#1111,#1112,#1113));
#3179=EDGE_LOOP('',(#1114,#1115,#1116,#1117));
#3180=EDGE_LOOP('',(#1118,#1119,#1120,#1121));
#3181=EDGE_LOOP('',(#1122,#1123,#1124));
#3182=EDGE_LOOP('',(#1125,#1126,#1127));
#3183=EDGE_LOOP('',(#1128,#1129,#1130));
#3184=EDGE_LOOP('',(#1131,#1132,#1133));
#3185=EDGE_LOOP('',(#1134,#1135,#1136));
#3186=EDGE_LOOP('',(#1137,#1138,#1139));
#3187=EDGE_LOOP('',(#1140,#1141,#1142));
#3188=EDGE_LOOP('',(#1143,#1144,#1145));
#3189=EDGE_LOOP('',(#1146,#1147,#1148,#1149));
#3190=EDGE_LOOP('',(#1150,#1151,#1152,#1153));
#3191=EDGE_LOOP('',(#1154,#1155,#1156,#1157));
#3192=EDGE_LOOP('',(#1158,#1159,#1160,#1161,#1162));
#3193=EDGE_LOOP('',(#1163,#1164,#1165));
#3194=EDGE_LOOP('',(#1166,#1167,#1168));
#3195=EDGE_LOOP('',(#1169,#1170,#1171));
#3196=EDGE_LOOP('',(#1172,#1173,#1174));
#3197=EDGE_LOOP('',(#1175,#1176,#1177,#1178,#1179));
#3198=EDGE_LOOP('',(#1180,#1181,#1182,#1183));
#3199=EDGE_LOOP('',(#1184));
#3200=EDGE_LOOP('',(#1185,#1186,#1187,#1188,#1189,#1190,#1191,#1192,#1193,
#1194,#1195,#1196,#1197,#1198,#1199,#1200,#1201,#1202,#1203,#1204,#1205,
#1206,#1207,#1208,#1209,#1210,#1211,#1212,#1213,#1214,#1215,#1216,#1217,
#1218,#1219,#1220,#1221,#1222,#1223,#1224,#1225,#1226,#1227,#1228,#1229,
#1230,#1231,#1232,#1233,#1234,#1235,#1236,#1237,#1238,#1239,#1240,#1241,
#1242,#1243,#1244,#1245,#1246,#1247,#1248,#1249,#1250,#1251,#1252,#1253,
#1254,#1255,#1256));
#3201=EDGE_LOOP('',(#1257));
#3202=EDGE_LOOP('',(#1258));
#3203=EDGE_LOOP('',(#1259,#1260,#1261,#1262));
#3204=EDGE_LOOP('',(#1263,#1264,#1265,#1266));
#3205=EDGE_LOOP('',(#1267,#1268,#1269,#1270));
#3206=EDGE_LOOP('',(#1271,#1272,#1273,#1274));
#3207=EDGE_LOOP('',(#1275,#1276,#1277,#1278));
#3208=EDGE_LOOP('',(#1279,#1280,#1281,#1282));
#3209=EDGE_LOOP('',(#1283,#1284,#1285,#1286));
#3210=EDGE_LOOP('',(#1287,#1288,#1289,#1290));
#3211=FACE_BOUND('',#2967,.T.);
#3212=FACE_BOUND('',#2968,.T.);
#3213=FACE_BOUND('',#2969,.T.);
#3214=FACE_BOUND('',#2970,.T.);
#3215=FACE_BOUND('',#2971,.T.);
#3216=FACE_BOUND('',#2972,.T.);
#3217=FACE_BOUND('',#2973,.T.);
#3218=FACE_BOUND('',#2974,.T.);
#3219=FACE_BOUND('',#2975,.T.);
#3220=FACE_BOUND('',#2976,.T.);
#3221=FACE_BOUND('',#2977,.T.);
#3222=FACE_BOUND('',#2978,.T.);
#3223=FACE_BOUND('',#2979,.T.);
#3224=FACE_BOUND('',#2980,.T.);
#3225=FACE_BOUND('',#2981,.T.);
#3226=FACE_BOUND('',#2982,.T.);
#3227=FACE_BOUND('',#2983,.T.);
#3228=FACE_BOUND('',#2984,.T.);
#3229=FACE_BOUND('',#2985,.T.);
#3230=FACE_BOUND('',#2986,.T.);
#3231=FACE_BOUND('',#2987,.T.);
#3232=FACE_BOUND('',#2988,.T.);
#3233=FACE_BOUND('',#2989,.T.);
#3234=FACE_BOUND('',#2990,.T.);
#3235=FACE_BOUND('',#2991,.T.);
#3236=FACE_BOUND('',#2992,.T.);
#3237=FACE_BOUND('',#2993,.T.);
#3238=FACE_BOUND('',#2994,.T.);
#3239=FACE_BOUND('',#2995,.T.);
#3240=FACE_BOUND('',#2996,.T.);
#3241=FACE_BOUND('',#2997,.T.);
#3242=FACE_BOUND('',#2998,.T.);
#3243=FACE_BOUND('',#2999,.T.);
#3244=FACE_BOUND('',#3000,.T.);
#3245=FACE_BOUND('',#3001,.T.);
#3246=FACE_BOUND('',#3002,.T.);
#3247=FACE_BOUND('',#3003,.T.);
#3248=FACE_BOUND('',#3004,.T.);
#3249=FACE_BOUND('',#3005,.T.);
#3250=FACE_BOUND('',#3006,.T.);
#3251=FACE_BOUND('',#3007,.T.);
#3252=FACE_BOUND('',#3008,.T.);
#3253=FACE_BOUND('',#3009,.T.);
#3254=FACE_BOUND('',#3010,.T.);
#3255=FACE_BOUND('',#3011,.T.);
#3256=FACE_BOUND('',#3012,.T.);
#3257=FACE_BOUND('',#3013,.T.);
#3258=FACE_BOUND('',#3014,.T.);
#3259=FACE_BOUND('',#3015,.T.);
#3260=FACE_BOUND('',#3016,.T.);
#3261=FACE_BOUND('',#3017,.T.);
#3262=FACE_BOUND('',#3018,.T.);
#3263=FACE_BOUND('',#3019,.T.);
#3264=FACE_BOUND('',#3020,.T.);
#3265=FACE_BOUND('',#3021,.T.);
#3266=FACE_BOUND('',#3022,.T.);
#3267=FACE_BOUND('',#3023,.T.);
#3268=FACE_BOUND('',#3024,.T.);
#3269=FACE_BOUND('',#3025,.T.);
#3270=FACE_BOUND('',#3026,.T.);
#3271=FACE_BOUND('',#3027,.T.);
#3272=FACE_BOUND('',#3028,.T.);
#3273=FACE_BOUND('',#3029,.T.);
#3274=FACE_BOUND('',#3030,.T.);
#3275=FACE_BOUND('',#3031,.T.);
#3276=FACE_BOUND('',#3032,.T.);
#3277=FACE_BOUND('',#3033,.T.);
#3278=FACE_BOUND('',#3034,.T.);
#3279=FACE_BOUND('',#3035,.T.);
#3280=FACE_BOUND('',#3036,.T.);
#3281=FACE_BOUND('',#3037,.T.);
#3282=FACE_BOUND('',#3038,.T.);
#3283=FACE_BOUND('',#3039,.T.);
#3284=FACE_BOUND('',#3040,.T.);
#3285=FACE_BOUND('',#3041,.T.);
#3286=FACE_BOUND('',#3042,.T.);
#3287=FACE_BOUND('',#3043,.T.);
#3288=FACE_BOUND('',#3044,.T.);
#3289=FACE_BOUND('',#3045,.T.);
#3290=FACE_BOUND('',#3046,.T.);
#3291=FACE_BOUND('',#3047,.T.);
#3292=FACE_BOUND('',#3048,.T.);
#3293=FACE_BOUND('',#3049,.T.);
#3294=FACE_BOUND('',#3050,.T.);
#3295=FACE_BOUND('',#3051,.T.);
#3296=FACE_BOUND('',#3052,.T.);
#3297=FACE_BOUND('',#3053,.T.);
#3298=FACE_BOUND('',#3054,.T.);
#3299=FACE_BOUND('',#3055,.T.);
#3300=FACE_BOUND('',#3056,.T.);
#3301=FACE_BOUND('',#3057,.T.);
#3302=FACE_BOUND('',#3058,.T.);
#3303=FACE_BOUND('',#3059,.T.);
#3304=FACE_BOUND('',#3060,.T.);
#3305=FACE_BOUND('',#3061,.T.);
#3306=FACE_BOUND('',#3062,.T.);
#3307=FACE_BOUND('',#3063,.T.);
#3308=FACE_BOUND('',#3064,.T.);
#3309=FACE_BOUND('',#3065,.T.);
#3310=FACE_BOUND('',#3066,.T.);
#3311=FACE_BOUND('',#3067,.T.);
#3312=FACE_BOUND('',#3068,.T.);
#3313=FACE_BOUND('',#3069,.T.);
#3314=FACE_BOUND('',#3070,.T.);
#3315=FACE_BOUND('',#3071,.T.);
#3316=FACE_BOUND('',#3072,.T.);
#3317=FACE_BOUND('',#3073,.T.);
#3318=FACE_BOUND('',#3074,.T.);
#3319=FACE_BOUND('',#3075,.T.);
#3320=FACE_BOUND('',#3076,.T.);
#3321=FACE_BOUND('',#3077,.T.);
#3322=FACE_BOUND('',#3078,.T.);
#3323=FACE_BOUND('',#3079,.T.);
#3324=FACE_BOUND('',#3080,.T.);
#3325=FACE_BOUND('',#3081,.T.);
#3326=FACE_BOUND('',#3082,.T.);
#3327=FACE_BOUND('',#3083,.T.);
#3328=FACE_BOUND('',#3084,.T.);
#3329=FACE_BOUND('',#3085,.T.);
#3330=FACE_BOUND('',#3086,.T.);
#3331=FACE_BOUND('',#3087,.T.);
#3332=FACE_BOUND('',#3088,.T.);
#3333=FACE_BOUND('',#3089,.T.);
#3334=FACE_BOUND('',#3090,.T.);
#3335=FACE_BOUND('',#3091,.T.);
#3336=FACE_BOUND('',#3092,.T.);
#3337=FACE_BOUND('',#3093,.T.);
#3338=FACE_BOUND('',#3094,.T.);
#3339=FACE_BOUND('',#3095,.T.);
#3340=FACE_BOUND('',#3096,.T.);
#3341=FACE_BOUND('',#3097,.T.);
#3342=FACE_BOUND('',#3098,.T.);
#3343=FACE_BOUND('',#3099,.T.);
#3344=FACE_BOUND('',#3100,.T.);
#3345=FACE_BOUND('',#3101,.T.);
#3346=FACE_BOUND('',#3102,.T.);
#3347=FACE_BOUND('',#3103,.T.);
#3348=FACE_BOUND('',#3104,.T.);
#3349=FACE_BOUND('',#3105,.T.);
#3350=FACE_BOUND('',#3106,.T.);
#3351=FACE_BOUND('',#3107,.T.);
#3352=FACE_BOUND('',#3108,.T.);
#3353=FACE_BOUND('',#3109,.T.);
#3354=FACE_BOUND('',#3110,.T.);
#3355=FACE_BOUND('',#3111,.T.);
#3356=FACE_BOUND('',#3112,.T.);
#3357=FACE_BOUND('',#3113,.T.);
#3358=FACE_BOUND('',#3114,.T.);
#3359=FACE_BOUND('',#3115,.T.);
#3360=FACE_BOUND('',#3116,.T.);
#3361=FACE_BOUND('',#3117,.T.);
#3362=FACE_BOUND('',#3118,.T.);
#3363=FACE_BOUND('',#3119,.T.);
#3364=FACE_BOUND('',#3120,.T.);
#3365=FACE_BOUND('',#3121,.T.);
#3366=FACE_BOUND('',#3122,.T.);
#3367=FACE_BOUND('',#3123,.T.);
#3368=FACE_BOUND('',#3124,.T.);
#3369=FACE_BOUND('',#3125,.T.);
#3370=FACE_BOUND('',#3126,.T.);
#3371=FACE_BOUND('',#3127,.T.);
#3372=FACE_BOUND('',#3128,.T.);
#3373=FACE_BOUND('',#3129,.T.);
#3374=FACE_BOUND('',#3130,.T.);
#3375=FACE_BOUND('',#3131,.T.);
#3376=FACE_BOUND('',#3132,.T.);
#3377=FACE_BOUND('',#3133,.T.);
#3378=FACE_BOUND('',#3134,.T.);
#3379=FACE_BOUND('',#3135,.T.);
#3380=FACE_BOUND('',#3136,.T.);
#3381=FACE_BOUND('',#3137,.T.);
#3382=FACE_BOUND('',#3138,.T.);
#3383=FACE_BOUND('',#3139,.T.);
#3384=FACE_BOUND('',#3140,.T.);
#3385=FACE_BOUND('',#3141,.T.);
#3386=FACE_BOUND('',#3142,.T.);
#3387=FACE_BOUND('',#3143,.T.);
#3388=FACE_BOUND('',#3144,.T.);
#3389=FACE_BOUND('',#3145,.T.);
#3390=FACE_BOUND('',#3146,.T.);
#3391=FACE_BOUND('',#3147,.T.);
#3392=FACE_BOUND('',#3148,.T.);
#3393=FACE_BOUND('',#3149,.T.);
#3394=FACE_BOUND('',#3150,.T.);
#3395=FACE_BOUND('',#3151,.T.);
#3396=FACE_BOUND('',#3152,.T.);
#3397=FACE_BOUND('',#3153,.T.);
#3398=FACE_BOUND('',#3154,.T.);
#3399=FACE_BOUND('',#3155,.T.);
#3400=FACE_BOUND('',#3156,.T.);
#3401=FACE_BOUND('',#3157,.T.);
#3402=FACE_BOUND('',#3158,.T.);
#3403=FACE_BOUND('',#3159,.T.);
#3404=FACE_BOUND('',#3160,.T.);
#3405=FACE_BOUND('',#3161,.T.);
#3406=FACE_BOUND('',#3162,.T.);
#3407=FACE_BOUND('',#3163,.T.);
#3408=FACE_BOUND('',#3164,.T.);
#3409=FACE_BOUND('',#3165,.T.);
#3410=FACE_BOUND('',#3166,.T.);
#3411=FACE_BOUND('',#3167,.T.);
#3412=FACE_BOUND('',#3168,.T.);
#3413=FACE_BOUND('',#3169,.T.);
#3414=FACE_BOUND('',#3170,.T.);
#3415=FACE_BOUND('',#3171,.T.);
#3416=FACE_BOUND('',#3172,.T.);
#3417=FACE_BOUND('',#3173,.T.);
#3418=FACE_BOUND('',#3174,.T.);
#3419=FACE_BOUND('',#3175,.T.);
#3420=FACE_BOUND('',#3176,.T.);
#3421=FACE_BOUND('',#3177,.T.);
#3422=FACE_BOUND('',#3178,.T.);
#3423=FACE_BOUND('',#3179,.T.);
#3424=FACE_BOUND('',#3180,.T.);
#3425=FACE_BOUND('',#3181,.T.);
#3426=FACE_BOUND('',#3182,.T.);
#3427=FACE_BOUND('',#3183,.T.);
#3428=FACE_BOUND('',#3184,.T.);
#3429=FACE_BOUND('',#3185,.T.);
#3430=FACE_BOUND('',#3186,.T.);
#3431=FACE_BOUND('',#3187,.T.);
#3432=FACE_BOUND('',#3188,.T.);
#3433=FACE_BOUND('',#3189,.T.);
#3434=FACE_BOUND('',#3190,.T.);
#3435=FACE_BOUND('',#3191,.T.);
#3436=FACE_BOUND('',#3192,.T.);
#3437=FACE_BOUND('',#3193,.T.);
#3438=FACE_BOUND('',#3194,.T.);
#3439=FACE_BOUND('',#3195,.T.);
#3440=FACE_BOUND('',#3196,.T.);
#3441=FACE_BOUND('',#3197,.T.);
#3442=FACE_BOUND('',#3198,.T.);
#3443=FACE_BOUND('',#3199,.T.);
#3444=FACE_BOUND('',#3200,.T.);
#3445=FACE_BOUND('',#3201,.T.);
#3446=FACE_BOUND('',#3202,.T.);
#3447=FACE_BOUND('',#3203,.T.);
#3448=FACE_BOUND('',#3204,.T.);
#3449=FACE_BOUND('',#3205,.T.);
#3450=FACE_BOUND('',#3206,.T.);
#3451=FACE_BOUND('',#3207,.T.);
#3452=FACE_BOUND('',#3208,.T.);
#3453=FACE_BOUND('',#3209,.T.);
#3454=FACE_BOUND('',#3210,.T.);
#3455=PLANE('',#3885);
#3456=PLANE('',#3886);
#3457=PLANE('',#3887);
#3458=PLANE('',#3942);
#3459=PLANE('',#3943);
#3460=PLANE('',#3944);
#3461=PLANE('',#3945);
#3462=PLANE('',#3961);
#3463=PLANE('',#3967);
#3464=PLANE('',#3977);
#3465=PLANE('',#3978);
#3466=PLANE('',#3979);
#3467=PLANE('',#3980);
#3468=PLANE('',#3982);
#3469=PLANE('',#3984);
#3470=PLANE('',#3985);
#3471=PLANE('',#3986);
#3472=PLANE('',#3989);
#3473=PLANE('',#3990);
#3474=PLANE('',#3991);
#3475=PLANE('',#3992);
#3476=PLANE('',#3993);
#3477=PLANE('',#3994);
#3478=PLANE('',#3997);
#3479=PLANE('',#4000);
#3480=PLANE('',#4001);
#3481=PLANE('',#4002);
#3482=PLANE('',#4003);
#3483=PLANE('',#4004);
#3484=PLANE('',#4005);
#3485=PLANE('',#4006);
#3486=PLANE('',#4007);
#3487=PLANE('',#4008);
#3488=PLANE('',#4010);
#3489=PLANE('',#4014);
#3490=PLANE('',#4015);
#3491=PLANE('',#4016);
#3492=PLANE('',#4017);
#3493=PLANE('',#4018);
#3494=PLANE('',#4019);
#3495=PLANE('',#4021);
#3496=PLANE('',#4022);
#3497=PLANE('',#4023);
#3498=PLANE('',#4024);
#3499=PLANE('',#4025);
#3500=PLANE('',#4028);
#3501=PLANE('',#4031);
#3502=PLANE('',#4032);
#3503=PLANE('',#4033);
#3504=PLANE('',#4034);
#3505=PLANE('',#4035);
#3506=PLANE('',#4036);
#3507=PLANE('',#4039);
#3508=PLANE('',#4041);
#3509=PLANE('',#4043);
#3510=PLANE('',#4044);
#3511=PLANE('',#4045);
#3512=PLANE('',#4046);
#3513=PLANE('',#4047);
#3514=PLANE('',#4048);
#3515=PLANE('',#4049);
#3516=PLANE('',#4050);
#3517=PLANE('',#4051);
#3518=PLANE('',#4052);
#3519=PLANE('',#4053);
#3520=PLANE('',#4054);
#3521=PLANE('',#4056);
#3522=PLANE('',#4058);
#3523=PLANE('',#4060);
#3524=PLANE('',#4062);
#3525=PLANE('',#4064);
#3526=PLANE('',#4066);
#3527=PLANE('',#4068);
#3528=PLANE('',#4070);
#3529=PLANE('',#4072);
#3530=PLANE('',#4074);
#3531=PLANE('',#4076);
#3532=PLANE('',#4078);
#3533=PLANE('',#4080);
#3534=PLANE('',#4082);
#3535=PLANE('',#4084);
#3536=PLANE('',#4086);
#3537=PLANE('',#4088);
#3538=PLANE('',#4090);
#3539=PLANE('',#4092);
#3540=PLANE('',#4094);
#3541=PLANE('',#4096);
#3542=PLANE('',#4098);
#3543=PLANE('',#4100);
#3544=PLANE('',#4102);
#3545=PLANE('',#4104);
#3546=PLANE('',#4106);
#3547=PLANE('',#4108);
#3548=PLANE('',#4110);
#3549=PLANE('',#4112);
#3550=PLANE('',#4114);
#3551=PLANE('',#4116);
#3552=PLANE('',#4118);
#3553=PLANE('',#4120);
#3554=PLANE('',#4122);
#3555=PLANE('',#4124);
#3556=PLANE('',#4126);
#3557=PLANE('',#4128);
#3558=PLANE('',#4130);
#3559=PLANE('',#4132);
#3560=PLANE('',#4134);
#3561=PLANE('',#4136);
#3562=PLANE('',#4138);
#3563=PLANE('',#4140);
#3564=PLANE('',#4142);
#3565=PLANE('',#4144);
#3566=PLANE('',#4146);
#3567=PLANE('',#4148);
#3568=PLANE('',#4150);
#3569=PLANE('',#4152);
#3570=PLANE('',#4154);
#3571=PLANE('',#4156);
#3572=PLANE('',#4161);
#3573=PLANE('',#4162);
#3574=PLANE('',#4163);
#3575=PLANE('',#4164);
#3576=PLANE('',#4165);
#3577=PLANE('',#4166);
#3578=PLANE('',#4167);
#3579=PLANE('',#4168);
#3580=PLANE('',#4169);
#3581=PLANE('',#4170);
#3582=PLANE('',#4171);
#3583=PLANE('',#4173);
#3584=PLANE('',#4174);
#3585=PLANE('',#4176);
#3586=PLANE('',#4178);
#3587=PLANE('',#4179);
#3588=PLANE('',#4181);
#3589=PLANE('',#4183);
#3590=PLANE('',#4184);
#3591=PLANE('',#4185);
#3592=PLANE('',#4186);
#3593=PLANE('',#4187);
#3594=PLANE('',#4188);
#3595=PLANE('',#4189);
#3596=PLANE('',#4190);
#3597=PLANE('',#4191);
#3598=PLANE('',#4193);
#3599=PLANE('',#4195);
#3600=PLANE('',#4197);
#3601=PLANE('',#4198);
#3602=PLANE('',#4199);
#3603=PLANE('',#4200);
#3604=PLANE('',#4201);
#3605=PLANE('',#4202);
#3606=PLANE('',#4203);
#3607=PLANE('',#4204);
#3608=PLANE('',#4205);
#3609=PLANE('',#4206);
#3610=PLANE('',#4208);
#3611=PLANE('',#4210);
#3612=PLANE('',#4211);
#3613=PLANE('',#4212);
#3614=PLANE('',#4214);
#3615=PLANE('',#4216);
#3616=PLANE('',#4217);
#3617=PLANE('',#4218);
#3618=PLANE('',#4219);
#3619=PLANE('',#4220);
#3620=PLANE('',#4221);
#3621=PLANE('',#4222);
#3622=PLANE('',#4223);
#3623=PLANE('',#4224);
#3624=PLANE('',#4226);
#3625=PLANE('',#4228);
#3626=PLANE('',#4229);
#3627=PLANE('',#4230);
#3628=PLANE('',#4232);
#3629=PLANE('',#4234);
#3630=PLANE('',#4235);
#3631=PLANE('',#4236);
#3632=PLANE('',#4237);
#3633=PLANE('',#4238);
#3634=PLANE('',#4239);
#3635=PLANE('',#4240);
#3636=PLANE('',#4241);
#3637=PLANE('',#4242);
#3638=PLANE('',#4244);
#3639=PLANE('',#4246);
#3640=PLANE('',#4248);
#3641=PLANE('',#4249);
#3642=PLANE('',#4250);
#3643=PLANE('',#4251);
#3644=PLANE('',#4252);
#3645=PLANE('',#4253);
#3646=PLANE('',#4254);
#3647=PLANE('',#4258);
#3648=PLANE('',#4259);
#3649=PLANE('',#4260);
#3650=PLANE('',#4261);
#3651=PLANE('',#4262);
#3652=PLANE('',#4263);
#3653=PLANE('',#4264);
#3654=PLANE('',#4265);
#3655=ADVANCED_FACE('',(#3211),#3455,.T.);
#3656=ADVANCED_FACE('',(#3212),#3456,.F.);
#3657=ADVANCED_FACE('',(#3213),#3457,.T.);
#3658=ADVANCED_FACE('',(#3214),#176,.T.);
#3659=ADVANCED_FACE('',(#3215),#3458,.T.);
#3660=ADVANCED_FACE('',(#3216),#3459,.F.);
#3661=ADVANCED_FACE('',(#3217),#3460,.T.);
#3662=ADVANCED_FACE('',(#3218),#3461,.F.);
#3663=ADVANCED_FACE('',(#3219),#177,.T.);
#3664=ADVANCED_FACE('',(#3220),#178,.T.);
#3665=ADVANCED_FACE('',(#3221),#179,.T.);
#3666=ADVANCED_FACE('',(#3222,#3223),#3462,.T.);
#3667=ADVANCED_FACE('',(#3224),#180,.T.);
#3668=ADVANCED_FACE('',(#3225,#3226,#3227,#3228,#3229,#3230,#3231,#3232,
#3233,#3234),#3463,.F.);
#3669=ADVANCED_FACE('',(#3235),#3464,.T.);
#3670=ADVANCED_FACE('',(#3236),#3465,.T.);
#3671=ADVANCED_FACE('',(#3237,#3238),#3466,.F.);
#3672=ADVANCED_FACE('',(#3239),#3467,.F.);
#3673=ADVANCED_FACE('',(#3240),#3468,.F.);
#3674=ADVANCED_FACE('',(#3241),#3469,.F.);
#3675=ADVANCED_FACE('',(#3242),#3470,.F.);
#3676=ADVANCED_FACE('',(#3243),#3471,.T.);
#3677=ADVANCED_FACE('',(#3244,#3245),#181,.F.);
#3678=ADVANCED_FACE('',(#3246,#3247),#182,.F.);
#3679=ADVANCED_FACE('',(#3248),#3472,.T.);
#3680=ADVANCED_FACE('',(#3249),#3473,.T.);
#3681=ADVANCED_FACE('',(#3250),#3474,.T.);
#3682=ADVANCED_FACE('',(#3251),#3475,.T.);
#3683=ADVANCED_FACE('',(#3252),#3476,.F.);
#3684=ADVANCED_FACE('',(#3253),#3477,.F.);
#3685=ADVANCED_FACE('',(#3254,#3255),#183,.F.);
#3686=ADVANCED_FACE('',(#3256),#3478,.F.);
#3687=ADVANCED_FACE('',(#3257,#3258),#184,.F.);
#3688=ADVANCED_FACE('',(#3259),#3479,.T.);
#3689=ADVANCED_FACE('',(#3260),#3480,.T.);
#3690=ADVANCED_FACE('',(#3261),#3481,.T.);
#3691=ADVANCED_FACE('',(#3262),#3482,.F.);
#3692=ADVANCED_FACE('',(#3263),#3483,.T.);
#3693=ADVANCED_FACE('',(#3264),#3484,.F.);
#3694=ADVANCED_FACE('',(#3265),#3485,.F.);
#3695=ADVANCED_FACE('',(#3266),#3486,.T.);
#3696=ADVANCED_FACE('',(#3267),#3487,.F.);
#3697=ADVANCED_FACE('',(#3268),#3488,.F.);
#3698=ADVANCED_FACE('',(#3269,#3270),#185,.F.);
#3699=ADVANCED_FACE('',(#3271,#3272),#186,.F.);
#3700=ADVANCED_FACE('',(#3273),#3489,.F.);
#3701=ADVANCED_FACE('',(#3274),#3490,.F.);
#3702=ADVANCED_FACE('',(#3275),#3491,.T.);
#3703=ADVANCED_FACE('',(#3276),#3492,.T.);
#3704=ADVANCED_FACE('',(#3277),#3493,.T.);
#3705=ADVANCED_FACE('',(#3278,#3279),#3494,.T.);
#3706=ADVANCED_FACE('',(#3280),#3495,.T.);
#3707=ADVANCED_FACE('',(#3281),#3496,.F.);
#3708=ADVANCED_FACE('',(#3282),#3497,.F.);
#3709=ADVANCED_FACE('',(#3283),#3498,.F.);
#3710=ADVANCED_FACE('',(#3284),#3499,.F.);
#3711=ADVANCED_FACE('',(#3285,#3286),#187,.F.);
#3712=ADVANCED_FACE('',(#3287),#3500,.F.);
#3713=ADVANCED_FACE('',(#3288,#3289),#188,.F.);
#3714=ADVANCED_FACE('',(#3290),#3501,.T.);
#3715=ADVANCED_FACE('',(#3291),#3502,.T.);
#3716=ADVANCED_FACE('',(#3292),#3503,.T.);
#3717=ADVANCED_FACE('',(#3293),#3504,.F.);
#3718=ADVANCED_FACE('',(#3294),#3505,.T.);
#3719=ADVANCED_FACE('',(#3295),#3506,.F.);
#3720=ADVANCED_FACE('',(#3296,#3297),#189,.T.);
#3721=ADVANCED_FACE('',(#3298,#3299),#3507,.T.);
#3722=ADVANCED_FACE('',(#3300),#3508,.T.);
#3723=ADVANCED_FACE('',(#3301),#3509,.T.);
#3724=ADVANCED_FACE('',(#3302),#3510,.F.);
#3725=ADVANCED_FACE('',(#3303),#3511,.F.);
#3726=ADVANCED_FACE('',(#3304),#3512,.F.);
#3727=ADVANCED_FACE('',(#3305),#3513,.F.);
#3728=ADVANCED_FACE('',(#3306),#3514,.F.);
#3729=ADVANCED_FACE('',(#3307),#3515,.F.);
#3730=ADVANCED_FACE('',(#3308),#3516,.T.);
#3731=ADVANCED_FACE('',(#3309),#3517,.T.);
#3732=ADVANCED_FACE('',(#3310),#3518,.F.);
#3733=ADVANCED_FACE('',(#3311),#3519,.T.);
#3734=ADVANCED_FACE('',(#3312),#3520,.T.);
#3735=ADVANCED_FACE('',(#3313),#3521,.T.);
#3736=ADVANCED_FACE('',(#3314),#3522,.T.);
#3737=ADVANCED_FACE('',(#3315),#3523,.T.);
#3738=ADVANCED_FACE('',(#3316),#3524,.T.);
#3739=ADVANCED_FACE('',(#3317),#3525,.T.);
#3740=ADVANCED_FACE('',(#3318),#3526,.T.);
#3741=ADVANCED_FACE('',(#3319),#3527,.T.);
#3742=ADVANCED_FACE('',(#3320),#3528,.T.);
#3743=ADVANCED_FACE('',(#3321),#3529,.T.);
#3744=ADVANCED_FACE('',(#3322),#3530,.T.);
#3745=ADVANCED_FACE('',(#3323),#3531,.T.);
#3746=ADVANCED_FACE('',(#3324),#3532,.T.);
#3747=ADVANCED_FACE('',(#3325),#3533,.T.);
#3748=ADVANCED_FACE('',(#3326),#3534,.T.);
#3749=ADVANCED_FACE('',(#3327),#3535,.T.);
#3750=ADVANCED_FACE('',(#3328),#3536,.T.);
#3751=ADVANCED_FACE('',(#3329),#3537,.T.);
#3752=ADVANCED_FACE('',(#3330),#3538,.T.);
#3753=ADVANCED_FACE('',(#3331),#3539,.T.);
#3754=ADVANCED_FACE('',(#3332),#3540,.T.);
#3755=ADVANCED_FACE('',(#3333),#3541,.T.);
#3756=ADVANCED_FACE('',(#3334),#3542,.T.);
#3757=ADVANCED_FACE('',(#3335),#3543,.T.);
#3758=ADVANCED_FACE('',(#3336),#3544,.T.);
#3759=ADVANCED_FACE('',(#3337),#3545,.T.);
#3760=ADVANCED_FACE('',(#3338),#3546,.T.);
#3761=ADVANCED_FACE('',(#3339),#3547,.T.);
#3762=ADVANCED_FACE('',(#3340),#3548,.T.);
#3763=ADVANCED_FACE('',(#3341),#3549,.T.);
#3764=ADVANCED_FACE('',(#3342),#3550,.T.);
#3765=ADVANCED_FACE('',(#3343),#3551,.T.);
#3766=ADVANCED_FACE('',(#3344),#3552,.T.);
#3767=ADVANCED_FACE('',(#3345),#3553,.T.);
#3768=ADVANCED_FACE('',(#3346),#3554,.T.);
#3769=ADVANCED_FACE('',(#3347),#3555,.T.);
#3770=ADVANCED_FACE('',(#3348),#3556,.T.);
#3771=ADVANCED_FACE('',(#3349),#3557,.T.);
#3772=ADVANCED_FACE('',(#3350),#3558,.T.);
#3773=ADVANCED_FACE('',(#3351),#3559,.T.);
#3774=ADVANCED_FACE('',(#3352),#3560,.T.);
#3775=ADVANCED_FACE('',(#3353),#3561,.T.);
#3776=ADVANCED_FACE('',(#3354),#3562,.T.);
#3777=ADVANCED_FACE('',(#3355),#3563,.T.);
#3778=ADVANCED_FACE('',(#3356),#3564,.T.);
#3779=ADVANCED_FACE('',(#3357),#3565,.T.);
#3780=ADVANCED_FACE('',(#3358),#3566,.T.);
#3781=ADVANCED_FACE('',(#3359),#3567,.T.);
#3782=ADVANCED_FACE('',(#3360),#3568,.T.);
#3783=ADVANCED_FACE('',(#3361),#3569,.T.);
#3784=ADVANCED_FACE('',(#3362),#3570,.T.);
#3785=ADVANCED_FACE('',(#3363,#3364),#3571,.T.);
#3786=ADVANCED_FACE('',(#3365,#3366),#190,.F.);
#3787=ADVANCED_FACE('',(#3367,#3368),#3572,.T.);
#3788=ADVANCED_FACE('',(#3369),#3573,.F.);
#3789=ADVANCED_FACE('',(#3370),#3574,.F.);
#3790=ADVANCED_FACE('',(#3371),#3575,.F.);
#3791=ADVANCED_FACE('',(#3372),#3576,.F.);
#3792=ADVANCED_FACE('',(#3373),#3577,.T.);
#3793=ADVANCED_FACE('',(#3374),#3578,.T.);
#3794=ADVANCED_FACE('',(#3375),#3579,.T.);
#3795=ADVANCED_FACE('',(#3376),#3580,.T.);
#3796=ADVANCED_FACE('',(#3377),#3581,.T.);
#3797=ADVANCED_FACE('',(#3378),#3582,.T.);
#3798=ADVANCED_FACE('',(#3379),#3583,.T.);
#3799=ADVANCED_FACE('',(#3380),#3584,.T.);
#3800=ADVANCED_FACE('',(#3381),#3585,.T.);
#3801=ADVANCED_FACE('',(#3382),#3586,.T.);
#3802=ADVANCED_FACE('',(#3383),#3587,.T.);
#3803=ADVANCED_FACE('',(#3384),#3588,.T.);
#3804=ADVANCED_FACE('',(#3385),#3589,.T.);
#3805=ADVANCED_FACE('',(#3386),#3590,.T.);
#3806=ADVANCED_FACE('',(#3387),#3591,.T.);
#3807=ADVANCED_FACE('',(#3388),#3592,.T.);
#3808=ADVANCED_FACE('',(#3389),#3593,.T.);
#3809=ADVANCED_FACE('',(#3390),#3594,.T.);
#3810=ADVANCED_FACE('',(#3391),#3595,.T.);
#3811=ADVANCED_FACE('',(#3392),#3596,.T.);
#3812=ADVANCED_FACE('',(#3393),#3597,.T.);
#3813=ADVANCED_FACE('',(#3394),#3598,.T.);
#3814=ADVANCED_FACE('',(#3395),#3599,.T.);
#3815=ADVANCED_FACE('',(#3396),#3600,.T.);
#3816=ADVANCED_FACE('',(#3397),#3601,.T.);
#3817=ADVANCED_FACE('',(#3398),#3602,.T.);
#3818=ADVANCED_FACE('',(#3399),#3603,.T.);
#3819=ADVANCED_FACE('',(#3400),#3604,.T.);
#3820=ADVANCED_FACE('',(#3401),#3605,.T.);
#3821=ADVANCED_FACE('',(#3402),#3606,.T.);
#3822=ADVANCED_FACE('',(#3403),#3607,.T.);
#3823=ADVANCED_FACE('',(#3404),#3608,.T.);
#3824=ADVANCED_FACE('',(#3405),#3609,.T.);
#3825=ADVANCED_FACE('',(#3406),#3610,.T.);
#3826=ADVANCED_FACE('',(#3407),#3611,.T.);
#3827=ADVANCED_FACE('',(#3408),#3612,.T.);
#3828=ADVANCED_FACE('',(#3409),#3613,.T.);
#3829=ADVANCED_FACE('',(#3410),#3614,.T.);
#3830=ADVANCED_FACE('',(#3411),#3615,.T.);
#3831=ADVANCED_FACE('',(#3412),#3616,.T.);
#3832=ADVANCED_FACE('',(#3413),#3617,.T.);
#3833=ADVANCED_FACE('',(#3414),#3618,.T.);
#3834=ADVANCED_FACE('',(#3415),#3619,.T.);
#3835=ADVANCED_FACE('',(#3416),#3620,.T.);
#3836=ADVANCED_FACE('',(#3417),#3621,.T.);
#3837=ADVANCED_FACE('',(#3418),#3622,.T.);
#3838=ADVANCED_FACE('',(#3419),#3623,.T.);
#3839=ADVANCED_FACE('',(#3420),#3624,.T.);
#3840=ADVANCED_FACE('',(#3421),#3625,.T.);
#3841=ADVANCED_FACE('',(#3422),#3626,.T.);
#3842=ADVANCED_FACE('',(#3423),#3627,.T.);
#3843=ADVANCED_FACE('',(#3424),#3628,.T.);
#3844=ADVANCED_FACE('',(#3425),#3629,.T.);
#3845=ADVANCED_FACE('',(#3426),#3630,.T.);
#3846=ADVANCED_FACE('',(#3427),#3631,.T.);
#3847=ADVANCED_FACE('',(#3428),#3632,.T.);
#3848=ADVANCED_FACE('',(#3429),#3633,.T.);
#3849=ADVANCED_FACE('',(#3430),#3634,.T.);
#3850=ADVANCED_FACE('',(#3431),#3635,.T.);
#3851=ADVANCED_FACE('',(#3432),#3636,.T.);
#3852=ADVANCED_FACE('',(#3433),#3637,.T.);
#3853=ADVANCED_FACE('',(#3434),#3638,.T.);
#3854=ADVANCED_FACE('',(#3435),#3639,.T.);
#3855=ADVANCED_FACE('',(#3436),#3640,.T.);
#3856=ADVANCED_FACE('',(#3437),#3641,.T.);
#3857=ADVANCED_FACE('',(#3438),#3642,.T.);
#3858=ADVANCED_FACE('',(#3439),#3643,.T.);
#3859=ADVANCED_FACE('',(#3440),#3644,.T.);
#3860=ADVANCED_FACE('',(#3441),#3645,.T.);
#3861=ADVANCED_FACE('',(#3442),#3646,.T.);
#3862=ADVANCED_FACE('',(#3443,#3444),#191,.F.);
#3863=ADVANCED_FACE('',(#3445,#3446),#192,.F.);
#3864=ADVANCED_FACE('',(#3447),#3647,.F.);
#3865=ADVANCED_FACE('',(#3448),#3648,.F.);
#3866=ADVANCED_FACE('',(#3449),#3649,.F.);
#3867=ADVANCED_FACE('',(#3450),#3650,.T.);
#3868=ADVANCED_FACE('',(#3451),#3651,.F.);
#3869=ADVANCED_FACE('',(#3452),#3652,.T.);
#3870=ADVANCED_FACE('',(#3453),#3653,.T.);
#3871=ADVANCED_FACE('',(#3454),#3654,.F.);
#3872=CLOSED_SHELL('',(#3655,#3656,#3657,#3658,#3659,#3660,#3661,#3662,
#3663,#3664,#3665,#3666,#3667,#3668,#3669,#3670,#3671,#3672,#3673,#3674,
#3675,#3676,#3677,#3678,#3679,#3680,#3681,#3682,#3683,#3684,#3685,#3686,
#3687,#3688,#3689,#3690,#3691,#3692,#3693,#3694,#3695,#3696,#3697,#3698,
#3699,#3700,#3701,#3702,#3703,#3704,#3705,#3706,#3707,#3708,#3709,#3710,
#3711,#3712,#3713,#3714,#3715,#3716,#3717,#3718,#3719,#3720,#3721,#3722,
#3723,#3724,#3725,#3726,#3727,#3728,#3729,#3730,#3731,#3732,#3733,#3734,
#3735,#3736,#3737,#3738,#3739,#3740,#3741,#3742,#3743,#3744,#3745,#3746,
#3747,#3748,#3749,#3750,#3751,#3752,#3753,#3754,#3755,#3756,#3757,#3758,
#3759,#3760,#3761,#3762,#3763,#3764,#3765,#3766,#3767,#3768,#3769,#3770,
#3771,#3772,#3773,#3774,#3775,#3776,#3777,#3778,#3779,#3780,#3781,#3782,
#3783,#3784,#3785,#3786,#3787,#3788,#3789,#3790,#3791,#3792,#3793,#3794,
#3795,#3796,#3797,#3798,#3799,#3800,#3801,#3802,#3803,#3804,#3805,#3806,
#3807,#3808,#3809,#3810,#3811,#3812,#3813,#3814,#3815,#3816,#3817,#3818,
#3819,#3820,#3821,#3822,#3823,#3824,#3825,#3826,#3827,#3828,#3829,#3830,
#3831,#3832,#3833,#3834,#3835,#3836,#3837,#3838,#3839,#3840,#3841,#3842,
#3843,#3844,#3845,#3846,#3847,#3848,#3849,#3850,#3851,#3852,#3853,#3854,
#3855,#3856,#3857,#3858,#3859,#3860,#3861,#3862,#3863,#3864,#3865,#3866,
#3867,#3868,#3869,#3870,#3871));
#3873=STYLED_ITEM('',(#3874),#3881);
#3874=PRESENTATION_STYLE_ASSIGNMENT((#3875));
#3875=SURFACE_STYLE_USAGE(.BOTH.,#3876);
#3876=SURFACE_SIDE_STYLE('',(#3877));
#3877=SURFACE_STYLE_FILL_AREA(#3878);
#3878=FILL_AREA_STYLE('',(#3879));
#3879=FILL_AREA_STYLE_COLOUR('',#3880);
#3880=COLOUR_RGB('',0.647058823529412,0.647058823529412,0.647058823529412);
#3881=MANIFOLD_SOLID_BREP('Base',#3872);
#3882=SHAPE_DEFINITION_REPRESENTATION(#6545,#3883);
#3883=SHAPE_REPRESENTATION('Base',(#3884),#6540);
#3884=AXIS2_PLACEMENT_3D('',#5415,#4266,#4267);
#3885=AXIS2_PLACEMENT_3D('',#5416,#4268,#4269);
#3886=AXIS2_PLACEMENT_3D('',#5431,#4277,#4278);
#3887=AXIS2_PLACEMENT_3D('',#5446,#4286,#4287);
#3888=AXIS2_PLACEMENT_3D('',#5549,#4340,#4341);
#3889=AXIS2_PLACEMENT_3D('',#5550,#4342,#4343);
#3890=AXIS2_PLACEMENT_3D('',#5552,#4344,#4345);
#3891=AXIS2_PLACEMENT_3D('',#5553,#4346,#4347);
#3892=AXIS2_PLACEMENT_3D('',#5555,#4348,#4349);
#3893=AXIS2_PLACEMENT_3D('',#5557,#4350,#4351);
#3894=AXIS2_PLACEMENT_3D('',#5559,#4352,#4353);
#3895=AXIS2_PLACEMENT_3D('',#5561,#4354,#4355);
#3896=AXIS2_PLACEMENT_3D('',#5563,#4356,#4357);
#3897=AXIS2_PLACEMENT_3D('',#5565,#4358,#4359);
#3898=AXIS2_PLACEMENT_3D('',#5567,#4360,#4361);
#3899=AXIS2_PLACEMENT_3D('',#5569,#4362,#4363);
#3900=AXIS2_PLACEMENT_3D('',#5571,#4364,#4365);
#3901=AXIS2_PLACEMENT_3D('',#5573,#4366,#4367);
#3902=AXIS2_PLACEMENT_3D('',#5575,#4368,#4369);
#3903=AXIS2_PLACEMENT_3D('',#5577,#4370,#4371);
#3904=AXIS2_PLACEMENT_3D('',#5579,#4372,#4373);
#3905=AXIS2_PLACEMENT_3D('',#5581,#4374,#4375);
#3906=AXIS2_PLACEMENT_3D('',#5583,#4376,#4377);
#3907=AXIS2_PLACEMENT_3D('',#5585,#4378,#4379);
#3908=AXIS2_PLACEMENT_3D('',#5587,#4380,#4381);
#3909=AXIS2_PLACEMENT_3D('',#5589,#4382,#4383);
#3910=AXIS2_PLACEMENT_3D('',#5591,#4384,#4385);
#3911=AXIS2_PLACEMENT_3D('',#5593,#4386,#4387);
#3912=AXIS2_PLACEMENT_3D('',#5595,#4388,#4389);
#3913=AXIS2_PLACEMENT_3D('',#5597,#4390,#4391);
#3914=AXIS2_PLACEMENT_3D('',#5599,#4392,#4393);
#3915=AXIS2_PLACEMENT_3D('',#5601,#4394,#4395);
#3916=AXIS2_PLACEMENT_3D('',#5603,#4396,#4397);
#3917=AXIS2_PLACEMENT_3D('',#5605,#4398,#4399);
#3918=AXIS2_PLACEMENT_3D('',#5607,#4400,#4401);
#3919=AXIS2_PLACEMENT_3D('',#5609,#4402,#4403);
#3920=AXIS2_PLACEMENT_3D('',#5611,#4404,#4405);
#3921=AXIS2_PLACEMENT_3D('',#5613,#4406,#4407);
#3922=AXIS2_PLACEMENT_3D('',#5615,#4408,#4409);
#3923=AXIS2_PLACEMENT_3D('',#5617,#4410,#4411);
#3924=AXIS2_PLACEMENT_3D('',#5619,#4412,#4413);
#3925=AXIS2_PLACEMENT_3D('',#5621,#4414,#4415);
#3926=AXIS2_PLACEMENT_3D('',#5623,#4416,#4417);
#3927=AXIS2_PLACEMENT_3D('',#5625,#4418,#4419);
#3928=AXIS2_PLACEMENT_3D('',#5627,#4420,#4421);
#3929=AXIS2_PLACEMENT_3D('',#5629,#4422,#4423);
#3930=AXIS2_PLACEMENT_3D('',#5631,#4424,#4425);
#3931=AXIS2_PLACEMENT_3D('',#5633,#4426,#4427);
#3932=AXIS2_PLACEMENT_3D('',#5635,#4428,#4429);
#3933=AXIS2_PLACEMENT_3D('',#5637,#4430,#4431);
#3934=AXIS2_PLACEMENT_3D('',#5639,#4432,#4433);
#3935=AXIS2_PLACEMENT_3D('',#5641,#4434,#4435);
#3936=AXIS2_PLACEMENT_3D('',#5643,#4436,#4437);
#3937=AXIS2_PLACEMENT_3D('',#5645,#4438,#4439);
#3938=AXIS2_PLACEMENT_3D('',#5647,#4440,#4441);
#3939=AXIS2_PLACEMENT_3D('',#5649,#4442,#4443);
#3940=AXIS2_PLACEMENT_3D('',#5651,#4444,#4445);
#3941=AXIS2_PLACEMENT_3D('',#5653,#4446,#4447);
#3942=AXIS2_PLACEMENT_3D('',#5654,#4448,#4449);
#3943=AXIS2_PLACEMENT_3D('',#5661,#4453,#4454);
#3944=AXIS2_PLACEMENT_3D('',#5668,#4458,#4459);
#3945=AXIS2_PLACEMENT_3D('',#5675,#4463,#4464);
#3946=AXIS2_PLACEMENT_3D('',#5682,#4468,#4469);
#3947=AXIS2_PLACEMENT_3D('',#5686,#4471,#4472);
#3948=AXIS2_PLACEMENT_3D('',#5690,#4474,#4475);
#3949=AXIS2_PLACEMENT_3D('',#5692,#4476,#4477);
#3950=AXIS2_PLACEMENT_3D('',#5694,#4478,#4479);
#3951=AXIS2_PLACEMENT_3D('',#5695,#4480,#4481);
#3952=AXIS2_PLACEMENT_3D('',#5699,#4483,#4484);
#3953=AXIS2_PLACEMENT_3D('',#5701,#4485,#4486);
#3954=AXIS2_PLACEMENT_3D('',#5703,#4487,#4488);
#3955=AXIS2_PLACEMENT_3D('',#5707,#4490,#4491);
#3956=AXIS2_PLACEMENT_3D('',#5708,#4492,#4493);
#3957=AXIS2_PLACEMENT_3D('',#5709,#4494,#4495);
#3958=AXIS2_PLACEMENT_3D('',#5714,#4497,#4498);
#3959=AXIS2_PLACEMENT_3D('',#5716,#4499,#4500);
#3960=AXIS2_PLACEMENT_3D('',#5718,#4501,#4502);
#3961=AXIS2_PLACEMENT_3D('',#5721,#4504,#4505);
#3962=AXIS2_PLACEMENT_3D('',#5738,#4515,#4516);
#3963=AXIS2_PLACEMENT_3D('',#5750,#4525,#4526);
#3964=AXIS2_PLACEMENT_3D('',#5753,#4528,#4529);
#3965=AXIS2_PLACEMENT_3D('',#5755,#4530,#4531);
#3966=AXIS2_PLACEMENT_3D('',#5757,#4532,#4533);
#3967=AXIS2_PLACEMENT_3D('',#5760,#4535,#4536);
#3968=AXIS2_PLACEMENT_3D('',#5761,#4537,#4538);
#3969=AXIS2_PLACEMENT_3D('',#5815,#4567,#4568);
#3970=AXIS2_PLACEMENT_3D('',#5817,#4569,#4570);
#3971=AXIS2_PLACEMENT_3D('',#5819,#4571,#4572);
#3972=AXIS2_PLACEMENT_3D('',#5821,#4573,#4574);
#3973=AXIS2_PLACEMENT_3D('',#5823,#4575,#4576);
#3974=AXIS2_PLACEMENT_3D('',#5825,#4577,#4578);
#3975=AXIS2_PLACEMENT_3D('',#5827,#4579,#4580);
#3976=AXIS2_PLACEMENT_3D('',#5829,#4581,#4582);
#3977=AXIS2_PLACEMENT_3D('',#5831,#4583,#4584);
#3978=AXIS2_PLACEMENT_3D('',#5833,#4586,#4587);
#3979=AXIS2_PLACEMENT_3D('',#5835,#4589,#4590);
#3980=AXIS2_PLACEMENT_3D('',#5856,#4601,#4602);
#3981=AXIS2_PLACEMENT_3D('',#5857,#4603,#4604);
#3982=AXIS2_PLACEMENT_3D('',#5859,#4605,#4606);
#3983=AXIS2_PLACEMENT_3D('',#5860,#4607,#4608);
#3984=AXIS2_PLACEMENT_3D('',#5862,#4609,#4610);
#3985=AXIS2_PLACEMENT_3D('',#5868,#4614,#4615);
#3986=AXIS2_PLACEMENT_3D('',#5872,#4618,#4619);
#3987=AXIS2_PLACEMENT_3D('',#5876,#4622,#4623);
#3988=AXIS2_PLACEMENT_3D('',#5877,#4624,#4625);
#3989=AXIS2_PLACEMENT_3D('',#5878,#4626,#4627);
#3990=AXIS2_PLACEMENT_3D('',#5884,#4631,#4632);
#3991=AXIS2_PLACEMENT_3D('',#5889,#4636,#4637);
#3992=AXIS2_PLACEMENT_3D('',#5893,#4640,#4641);
#3993=AXIS2_PLACEMENT_3D('',#5895,#4643,#4644);
#3994=AXIS2_PLACEMENT_3D('',#5897,#4646,#4647);
#3995=AXIS2_PLACEMENT_3D('',#5898,#4648,#4649);
#3996=AXIS2_PLACEMENT_3D('',#5900,#4650,#4651);
#3997=AXIS2_PLACEMENT_3D('',#5901,#4652,#4653);
#3998=AXIS2_PLACEMENT_3D('',#5902,#4654,#4655);
#3999=AXIS2_PLACEMENT_3D('',#5904,#4656,#4657);
#4000=AXIS2_PLACEMENT_3D('',#5905,#4658,#4659);
#4001=AXIS2_PLACEMENT_3D('',#5919,#4667,#4668);
#4002=AXIS2_PLACEMENT_3D('',#5924,#4672,#4673);
#4003=AXIS2_PLACEMENT_3D('',#5929,#4677,#4678);
#4004=AXIS2_PLACEMENT_3D('',#5931,#4680,#4681);
#4005=AXIS2_PLACEMENT_3D('',#5933,#4683,#4684);
#4006=AXIS2_PLACEMENT_3D('',#5934,#4685,#4686);
#4007=AXIS2_PLACEMENT_3D('',#5936,#4688,#4689);
#4008=AXIS2_PLACEMENT_3D('',#5938,#4691,#4692);
#4009=AXIS2_PLACEMENT_3D('',#5939,#4693,#4694);
#4010=AXIS2_PLACEMENT_3D('',#5941,#4695,#4696);
#4011=AXIS2_PLACEMENT_3D('',#5942,#4697,#4698);
#4012=AXIS2_PLACEMENT_3D('',#5944,#4699,#4700);
#4013=AXIS2_PLACEMENT_3D('',#5945,#4701,#4702);
#4014=AXIS2_PLACEMENT_3D('',#5946,#4703,#4704);
#4015=AXIS2_PLACEMENT_3D('',#5952,#4708,#4709);
#4016=AXIS2_PLACEMENT_3D('',#5956,#4712,#4713);
#4017=AXIS2_PLACEMENT_3D('',#5960,#4716,#4717);
#4018=AXIS2_PLACEMENT_3D('',#5966,#4721,#4722);
#4019=AXIS2_PLACEMENT_3D('',#5972,#4726,#4727);
#4020=AXIS2_PLACEMENT_3D('',#5973,#4728,#4729);
#4021=AXIS2_PLACEMENT_3D('',#5977,#4732,#4733);
#4022=AXIS2_PLACEMENT_3D('',#5979,#4735,#4736);
#4023=AXIS2_PLACEMENT_3D('',#5981,#4738,#4739);
#4024=AXIS2_PLACEMENT_3D('',#5987,#4743,#4744);
#4025=AXIS2_PLACEMENT_3D('',#5993,#4748,#4749);
#4026=AXIS2_PLACEMENT_3D('',#5994,#4750,#4751);
#4027=AXIS2_PLACEMENT_3D('',#5996,#4752,#4753);
#4028=AXIS2_PLACEMENT_3D('',#5997,#4754,#4755);
#4029=AXIS2_PLACEMENT_3D('',#5998,#4756,#4757);
#4030=AXIS2_PLACEMENT_3D('',#6000,#4758,#4759);
#4031=AXIS2_PLACEMENT_3D('',#6001,#4760,#4761);
#4032=AXIS2_PLACEMENT_3D('',#6011,#4767,#4768);
#4033=AXIS2_PLACEMENT_3D('',#6014,#4771,#4772);
#4034=AXIS2_PLACEMENT_3D('',#6017,#4775,#4776);
#4035=AXIS2_PLACEMENT_3D('',#6019,#4778,#4779);
#4036=AXIS2_PLACEMENT_3D('',#6021,#4781,#4782);
#4037=AXIS2_PLACEMENT_3D('',#6022,#4783,#4784);
#4038=AXIS2_PLACEMENT_3D('',#6023,#4785,#4786);
#4039=AXIS2_PLACEMENT_3D('',#6025,#4787,#4788);
#4040=AXIS2_PLACEMENT_3D('',#6026,#4789,#4790);
#4041=AXIS2_PLACEMENT_3D('',#6028,#4791,#4792);
#4042=AXIS2_PLACEMENT_3D('',#6033,#4795,#4796);
#4043=AXIS2_PLACEMENT_3D('',#6036,#4798,#4799);
#4044=AXIS2_PLACEMENT_3D('',#6038,#4801,#4802);
#4045=AXIS2_PLACEMENT_3D('',#6048,#4808,#4809);
#4046=AXIS2_PLACEMENT_3D('',#6056,#4814,#4815);
#4047=AXIS2_PLACEMENT_3D('',#6066,#4821,#4822);
#4048=AXIS2_PLACEMENT_3D('',#6074,#4827,#4828);
#4049=AXIS2_PLACEMENT_3D('',#6078,#4831,#4832);
#4050=AXIS2_PLACEMENT_3D('',#6082,#4835,#4836);
#4051=AXIS2_PLACEMENT_3D('',#6086,#4839,#4840);
#4052=AXIS2_PLACEMENT_3D('',#6090,#4843,#4844);
#4053=AXIS2_PLACEMENT_3D('',#6092,#4846,#4847);
#4054=AXIS2_PLACEMENT_3D('',#6094,#4849,#4850);
#4055=AXIS2_PLACEMENT_3D('',#6097,#4852,#4853);
#4056=AXIS2_PLACEMENT_3D('',#6100,#4855,#4856);
#4057=AXIS2_PLACEMENT_3D('',#6103,#4858,#4859);
#4058=AXIS2_PLACEMENT_3D('',#6104,#4860,#4861);
#4059=AXIS2_PLACEMENT_3D('',#6107,#4863,#4864);
#4060=AXIS2_PLACEMENT_3D('',#6110,#4866,#4867);
#4061=AXIS2_PLACEMENT_3D('',#6113,#4869,#4870);
#4062=AXIS2_PLACEMENT_3D('',#6114,#4871,#4872);
#4063=AXIS2_PLACEMENT_3D('',#6117,#4874,#4875);
#4064=AXIS2_PLACEMENT_3D('',#6120,#4877,#4878);
#4065=AXIS2_PLACEMENT_3D('',#6121,#4879,#4880);
#4066=AXIS2_PLACEMENT_3D('',#6122,#4881,#4882);
#4067=AXIS2_PLACEMENT_3D('',#6125,#4884,#4885);
#4068=AXIS2_PLACEMENT_3D('',#6126,#4886,#4887);
#4069=AXIS2_PLACEMENT_3D('',#6129,#4889,#4890);
#4070=AXIS2_PLACEMENT_3D('',#6132,#4892,#4893);
#4071=AXIS2_PLACEMENT_3D('',#6135,#4895,#4896);
#4072=AXIS2_PLACEMENT_3D('',#6138,#4898,#4899);
#4073=AXIS2_PLACEMENT_3D('',#6141,#4901,#4902);
#4074=AXIS2_PLACEMENT_3D('',#6144,#4904,#4905);
#4075=AXIS2_PLACEMENT_3D('',#6147,#4907,#4908);
#4076=AXIS2_PLACEMENT_3D('',#6150,#4910,#4911);
#4077=AXIS2_PLACEMENT_3D('',#6153,#4913,#4914);
#4078=AXIS2_PLACEMENT_3D('',#6154,#4915,#4916);
#4079=AXIS2_PLACEMENT_3D('',#6155,#4917,#4918);
#4080=AXIS2_PLACEMENT_3D('',#6156,#4919,#4920);
#4081=AXIS2_PLACEMENT_3D('',#6157,#4921,#4922);
#4082=AXIS2_PLACEMENT_3D('',#6160,#4924,#4925);
#4083=AXIS2_PLACEMENT_3D('',#6161,#4926,#4927);
#4084=AXIS2_PLACEMENT_3D('',#6164,#4929,#4930);
#4085=AXIS2_PLACEMENT_3D('',#6165,#4931,#4932);
#4086=AXIS2_PLACEMENT_3D('',#6166,#4933,#4934);
#4087=AXIS2_PLACEMENT_3D('',#6169,#4936,#4937);
#4088=AXIS2_PLACEMENT_3D('',#6172,#4939,#4940);
#4089=AXIS2_PLACEMENT_3D('',#6175,#4942,#4943);
#4090=AXIS2_PLACEMENT_3D('',#6176,#4944,#4945);
#4091=AXIS2_PLACEMENT_3D('',#6177,#4946,#4947);
#4092=AXIS2_PLACEMENT_3D('',#6178,#4948,#4949);
#4093=AXIS2_PLACEMENT_3D('',#6181,#4951,#4952);
#4094=AXIS2_PLACEMENT_3D('',#6184,#4954,#4955);
#4095=AXIS2_PLACEMENT_3D('',#6185,#4956,#4957);
#4096=AXIS2_PLACEMENT_3D('',#6188,#4959,#4960);
#4097=AXIS2_PLACEMENT_3D('',#6189,#4961,#4962);
#4098=AXIS2_PLACEMENT_3D('',#6190,#4963,#4964);
#4099=AXIS2_PLACEMENT_3D('',#6191,#4965,#4966);
#4100=AXIS2_PLACEMENT_3D('',#6192,#4967,#4968);
#4101=AXIS2_PLACEMENT_3D('',#6195,#4970,#4971);
#4102=AXIS2_PLACEMENT_3D('',#6198,#4973,#4974);
#4103=AXIS2_PLACEMENT_3D('',#6201,#4976,#4977);
#4104=AXIS2_PLACEMENT_3D('',#6204,#4979,#4980);
#4105=AXIS2_PLACEMENT_3D('',#6207,#4982,#4983);
#4106=AXIS2_PLACEMENT_3D('',#6208,#4984,#4985);
#4107=AXIS2_PLACEMENT_3D('',#6209,#4986,#4987);
#4108=AXIS2_PLACEMENT_3D('',#6210,#4988,#4989);
#4109=AXIS2_PLACEMENT_3D('',#6213,#4991,#4992);
#4110=AXIS2_PLACEMENT_3D('',#6216,#4994,#4995);
#4111=AXIS2_PLACEMENT_3D('',#6217,#4996,#4997);
#4112=AXIS2_PLACEMENT_3D('',#6218,#4998,#4999);
#4113=AXIS2_PLACEMENT_3D('',#6219,#5000,#5001);
#4114=AXIS2_PLACEMENT_3D('',#6222,#5003,#5004);
#4115=AXIS2_PLACEMENT_3D('',#6223,#5005,#5006);
#4116=AXIS2_PLACEMENT_3D('',#6224,#5007,#5008);
#4117=AXIS2_PLACEMENT_3D('',#6227,#5010,#5011);
#4118=AXIS2_PLACEMENT_3D('',#6230,#5013,#5014);
#4119=AXIS2_PLACEMENT_3D('',#6233,#5016,#5017);
#4120=AXIS2_PLACEMENT_3D('',#6234,#5018,#5019);
#4121=AXIS2_PLACEMENT_3D('',#6237,#5021,#5022);
#4122=AXIS2_PLACEMENT_3D('',#6238,#5023,#5024);
#4123=AXIS2_PLACEMENT_3D('',#6241,#5026,#5027);
#4124=AXIS2_PLACEMENT_3D('',#6244,#5029,#5030);
#4125=AXIS2_PLACEMENT_3D('',#6245,#5031,#5032);
#4126=AXIS2_PLACEMENT_3D('',#6248,#5034,#5035);
#4127=AXIS2_PLACEMENT_3D('',#6249,#5036,#5037);
#4128=AXIS2_PLACEMENT_3D('',#6250,#5038,#5039);
#4129=AXIS2_PLACEMENT_3D('',#6251,#5040,#5041);
#4130=AXIS2_PLACEMENT_3D('',#6252,#5042,#5043);
#4131=AXIS2_PLACEMENT_3D('',#6253,#5044,#5045);
#4132=AXIS2_PLACEMENT_3D('',#6254,#5046,#5047);
#4133=AXIS2_PLACEMENT_3D('',#6257,#5049,#5050);
#4134=AXIS2_PLACEMENT_3D('',#6260,#5052,#5053);
#4135=AXIS2_PLACEMENT_3D('',#6263,#5055,#5056);
#4136=AXIS2_PLACEMENT_3D('',#6264,#5057,#5058);
#4137=AXIS2_PLACEMENT_3D('',#6267,#5060,#5061);
#4138=AXIS2_PLACEMENT_3D('',#6268,#5062,#5063);
#4139=AXIS2_PLACEMENT_3D('',#6271,#5065,#5066);
#4140=AXIS2_PLACEMENT_3D('',#6274,#5068,#5069);
#4141=AXIS2_PLACEMENT_3D('',#6277,#5071,#5072);
#4142=AXIS2_PLACEMENT_3D('',#6278,#5073,#5074);
#4143=AXIS2_PLACEMENT_3D('',#6279,#5075,#5076);
#4144=AXIS2_PLACEMENT_3D('',#6280,#5077,#5078);
#4145=AXIS2_PLACEMENT_3D('',#6283,#5080,#5081);
#4146=AXIS2_PLACEMENT_3D('',#6286,#5083,#5084);
#4147=AXIS2_PLACEMENT_3D('',#6287,#5085,#5086);
#4148=AXIS2_PLACEMENT_3D('',#6290,#5088,#5089);
#4149=AXIS2_PLACEMENT_3D('',#6291,#5090,#5091);
#4150=AXIS2_PLACEMENT_3D('',#6292,#5092,#5093);
#4151=AXIS2_PLACEMENT_3D('',#6293,#5094,#5095);
#4152=AXIS2_PLACEMENT_3D('',#6294,#5096,#5097);
#4153=AXIS2_PLACEMENT_3D('',#6295,#5098,#5099);
#4154=AXIS2_PLACEMENT_3D('',#6296,#5100,#5101);
#4155=AXIS2_PLACEMENT_3D('',#6297,#5102,#5103);
#4156=AXIS2_PLACEMENT_3D('',#6298,#5104,#5105);
#4157=AXIS2_PLACEMENT_3D('',#6299,#5106,#5107);
#4158=AXIS2_PLACEMENT_3D('',#6301,#5108,#5109);
#4159=AXIS2_PLACEMENT_3D('',#6303,#5110,#5111);
#4160=AXIS2_PLACEMENT_3D('',#6304,#5112,#5113);
#4161=AXIS2_PLACEMENT_3D('',#6306,#5114,#5115);
#4162=AXIS2_PLACEMENT_3D('',#6309,#5118,#5119);
#4163=AXIS2_PLACEMENT_3D('',#6311,#5121,#5122);
#4164=AXIS2_PLACEMENT_3D('',#6313,#5124,#5125);
#4165=AXIS2_PLACEMENT_3D('',#6314,#5126,#5127);
#4166=AXIS2_PLACEMENT_3D('',#6315,#5128,#5129);
#4167=AXIS2_PLACEMENT_3D('',#6319,#5132,#5133);
#4168=AXIS2_PLACEMENT_3D('',#6321,#5135,#5136);
#4169=AXIS2_PLACEMENT_3D('',#6324,#5139,#5140);
#4170=AXIS2_PLACEMENT_3D('',#6325,#5141,#5142);
#4171=AXIS2_PLACEMENT_3D('',#6331,#5146,#5147);
#4172=AXIS2_PLACEMENT_3D('',#6332,#5148,#5149);
#4173=AXIS2_PLACEMENT_3D('',#6337,#5152,#5153);
#4174=AXIS2_PLACEMENT_3D('',#6345,#5158,#5159);
#4175=AXIS2_PLACEMENT_3D('',#6346,#5160,#5161);
#4176=AXIS2_PLACEMENT_3D('',#6351,#5164,#5165);
#4177=AXIS2_PLACEMENT_3D('',#6352,#5166,#5167);
#4178=AXIS2_PLACEMENT_3D('',#6360,#5171,#5172);
#4179=AXIS2_PLACEMENT_3D('',#6364,#5176,#5177);
#4180=AXIS2_PLACEMENT_3D('',#6365,#5178,#5179);
#4181=AXIS2_PLACEMENT_3D('',#6368,#5181,#5182);
#4182=AXIS2_PLACEMENT_3D('',#6369,#5183,#5184);
#4183=AXIS2_PLACEMENT_3D('',#6370,#5185,#5186);
#4184=AXIS2_PLACEMENT_3D('',#6372,#5188,#5189);
#4185=AXIS2_PLACEMENT_3D('',#6374,#5191,#5192);
#4186=AXIS2_PLACEMENT_3D('',#6376,#5194,#5195);
#4187=AXIS2_PLACEMENT_3D('',#6377,#5196,#5197);
#4188=AXIS2_PLACEMENT_3D('',#6380,#5200,#5201);
#4189=AXIS2_PLACEMENT_3D('',#6382,#5203,#5204);
#4190=AXIS2_PLACEMENT_3D('',#6384,#5206,#5207);
#4191=AXIS2_PLACEMENT_3D('',#6385,#5208,#5209);
#4192=AXIS2_PLACEMENT_3D('',#6386,#5210,#5211);
#4193=AXIS2_PLACEMENT_3D('',#6389,#5213,#5214);
#4194=AXIS2_PLACEMENT_3D('',#6390,#5215,#5216);
#4195=AXIS2_PLACEMENT_3D('',#6395,#5219,#5220);
#4196=AXIS2_PLACEMENT_3D('',#6396,#5221,#5222);
#4197=AXIS2_PLACEMENT_3D('',#6398,#5224,#5225);
#4198=AXIS2_PLACEMENT_3D('',#6400,#5227,#5228);
#4199=AXIS2_PLACEMENT_3D('',#6403,#5231,#5232);
#4200=AXIS2_PLACEMENT_3D('',#6404,#5233,#5234);
#4201=AXIS2_PLACEMENT_3D('',#6406,#5236,#5237);
#4202=AXIS2_PLACEMENT_3D('',#6407,#5238,#5239);
#4203=AXIS2_PLACEMENT_3D('',#6411,#5242,#5243);
#4204=AXIS2_PLACEMENT_3D('',#6413,#5245,#5246);
#4205=AXIS2_PLACEMENT_3D('',#6415,#5248,#5249);
#4206=AXIS2_PLACEMENT_3D('',#6417,#5251,#5252);
#4207=AXIS2_PLACEMENT_3D('',#6420,#5254,#5255);
#4208=AXIS2_PLACEMENT_3D('',#6424,#5258,#5259);
#4209=AXIS2_PLACEMENT_3D('',#6425,#5260,#5261);
#4210=AXIS2_PLACEMENT_3D('',#6430,#5264,#5265);
#4211=AXIS2_PLACEMENT_3D('',#6433,#5268,#5269);
#4212=AXIS2_PLACEMENT_3D('',#6434,#5270,#5271);
#4213=AXIS2_PLACEMENT_3D('',#6435,#5272,#5273);
#4214=AXIS2_PLACEMENT_3D('',#6436,#5274,#5275);
#4215=AXIS2_PLACEMENT_3D('',#6437,#5276,#5277);
#4216=AXIS2_PLACEMENT_3D('',#6438,#5278,#5279);
#4217=AXIS2_PLACEMENT_3D('',#6440,#5281,#5282);
#4218=AXIS2_PLACEMENT_3D('',#6442,#5284,#5285);
#4219=AXIS2_PLACEMENT_3D('',#6444,#5287,#5288);
#4220=AXIS2_PLACEMENT_3D('',#6445,#5289,#5290);
#4221=AXIS2_PLACEMENT_3D('',#6447,#5292,#5293);
#4222=AXIS2_PLACEMENT_3D('',#6449,#5295,#5296);
#4223=AXIS2_PLACEMENT_3D('',#6451,#5298,#5299);
#4224=AXIS2_PLACEMENT_3D('',#6453,#5301,#5302);
#4225=AXIS2_PLACEMENT_3D('',#6454,#5303,#5304);
#4226=AXIS2_PLACEMENT_3D('',#6459,#5307,#5308);
#4227=AXIS2_PLACEMENT_3D('',#6460,#5309,#5310);
#4228=AXIS2_PLACEMENT_3D('',#6468,#5314,#5315);
#4229=AXIS2_PLACEMENT_3D('',#6473,#5319,#5320);
#4230=AXIS2_PLACEMENT_3D('',#6476,#5323,#5324);
#4231=AXIS2_PLACEMENT_3D('',#6477,#5325,#5326);
#4232=AXIS2_PLACEMENT_3D('',#6480,#5328,#5329);
#4233=AXIS2_PLACEMENT_3D('',#6481,#5330,#5331);
#4234=AXIS2_PLACEMENT_3D('',#6482,#5332,#5333);
#4235=AXIS2_PLACEMENT_3D('',#6484,#5335,#5336);
#4236=AXIS2_PLACEMENT_3D('',#6486,#5338,#5339);
#4237=AXIS2_PLACEMENT_3D('',#6488,#5341,#5342);
#4238=AXIS2_PLACEMENT_3D('',#6489,#5343,#5344);
#4239=AXIS2_PLACEMENT_3D('',#6493,#5347,#5348);
#4240=AXIS2_PLACEMENT_3D('',#6495,#5350,#5351);
#4241=AXIS2_PLACEMENT_3D('',#6497,#5353,#5354);
#4242=AXIS2_PLACEMENT_3D('',#6499,#5356,#5357);
#4243=AXIS2_PLACEMENT_3D('',#6500,#5358,#5359);
#4244=AXIS2_PLACEMENT_3D('',#6507,#5363,#5364);
#4245=AXIS2_PLACEMENT_3D('',#6508,#5365,#5366);
#4246=AXIS2_PLACEMENT_3D('',#6513,#5369,#5370);
#4247=AXIS2_PLACEMENT_3D('',#6514,#5371,#5372);
#4248=AXIS2_PLACEMENT_3D('',#6516,#5374,#5375);
#4249=AXIS2_PLACEMENT_3D('',#6518,#5377,#5378);
#4250=AXIS2_PLACEMENT_3D('',#6521,#5381,#5382);
#4251=AXIS2_PLACEMENT_3D('',#6522,#5383,#5384);
#4252=AXIS2_PLACEMENT_3D('',#6524,#5386,#5387);
#4253=AXIS2_PLACEMENT_3D('',#6525,#5388,#5389);
#4254=AXIS2_PLACEMENT_3D('',#6527,#5391,#5392);
#4255=AXIS2_PLACEMENT_3D('',#6528,#5393,#5394);
#4256=AXIS2_PLACEMENT_3D('',#6529,#5395,#5396);
#4257=AXIS2_PLACEMENT_3D('',#6530,#5397,#5398);
#4258=AXIS2_PLACEMENT_3D('',#6531,#5399,#5400);
#4259=AXIS2_PLACEMENT_3D('',#6532,#5401,#5402);
#4260=AXIS2_PLACEMENT_3D('',#6533,#5403,#5404);
#4261=AXIS2_PLACEMENT_3D('',#6534,#5405,#5406);
#4262=AXIS2_PLACEMENT_3D('',#6535,#5407,#5408);
#4263=AXIS2_PLACEMENT_3D('',#6536,#5409,#5410);
#4264=AXIS2_PLACEMENT_3D('',#6537,#5411,#5412);
#4265=AXIS2_PLACEMENT_3D('',#6538,#5413,#5414);
#4266=DIRECTION('',(0.,0.,1.));
#4267=DIRECTION('',(1.,0.,0.));
#4268=DIRECTION('',(-1.,0.,0.));
#4269=DIRECTION('',(0.,0.,1.));
#4270=DIRECTION('',(0.,0.608120402411343,-0.793844806099446));
#4271=DIRECTION('',(0.,1.,6.12323399573677E-17));
#4272=DIRECTION('',(0.,0.,-1.));
#4273=DIRECTION('',(0.,1.,0.));
#4274=DIRECTION('',(0.,0.,-1.));
#4275=DIRECTION('',(0.,-1.,0.));
#4276=DIRECTION('',(0.,-0.608120402411343,-0.793844806099446));
#4277=DIRECTION('',(-1.,0.,0.));
#4278=DIRECTION('',(0.,0.,1.));
#4279=DIRECTION('',(0.,-0.608120402411343,-0.793844806099446));
#4280=DIRECTION('',(0.,-1.,0.));
#4281=DIRECTION('',(0.,0.,-1.));
#4282=DIRECTION('',(0.,-1.,0.));
#4283=DIRECTION('',(0.,0.,-1.));
#4284=DIRECTION('',(0.,1.,6.12323399573677E-17));
#4285=DIRECTION('',(0.,0.608120402411343,-0.793844806099446));
#4286=DIRECTION('',(0.,1.,0.));
#4287=DIRECTION('',(0.,0.,1.));
#4288=DIRECTION('',(0.17364817766693,6.03020831250949E-17,-0.984807753012208));
#4289=DIRECTION('',(0.984807753012208,0.,0.17364817766693));
#4290=DIRECTION('',(1.,0.,6.12323399573677E-17));
#4291=DIRECTION('',(6.12323399573677E-17,6.12323399573677E-17,-1.));
#4292=DIRECTION('',(0.984807753012208,0.,0.17364817766693));
#4293=DIRECTION('',(0.342020143325669,5.75395780113925E-17,-0.939692620785908));
#4294=DIRECTION('',(0.939692620785909,0.,0.342020143325669));
#4295=DIRECTION('',(0.984807753012208,0.,0.17364817766693));
#4296=DIRECTION('',(0.17364817766693,6.03020831250949E-17,-0.984807753012208));
#4297=DIRECTION('',(0.939692620785909,0.,0.342020143325669));
#4298=DIRECTION('',(0.5,5.30287619362453E-17,-0.866025403784439));
#4299=DIRECTION('',(0.866025403784439,0.,0.5));
#4300=DIRECTION('',(0.939692620785909,0.,0.342020143325669));
#4301=DIRECTION('',(0.342020143325669,5.75395780113925E-17,-0.939692620785908));
#4302=DIRECTION('',(0.866025403784439,0.,0.5));
#4303=DIRECTION('',(0.642787609686539,4.69066937635137E-17,-0.766044443118978));
#4304=DIRECTION('',(0.766044443118978,0.,0.642787609686539));
#4305=DIRECTION('',(0.866025403784439,0.,0.5));
#4306=DIRECTION('',(0.5,5.30287619362453E-17,-0.866025403784439));
#4307=DIRECTION('',(0.766044443118978,0.,0.642787609686539));
#4308=DIRECTION('',(0.766044443118978,3.93593894367099E-17,-0.642787609686539));
#4309=DIRECTION('',(0.642787609686539,0.,0.766044443118978));
#4310=DIRECTION('',(0.766044443118978,0.,0.642787609686539));
#4311=DIRECTION('',(0.642787609686539,4.69066937635137E-17,-0.766044443118978));
#4312=DIRECTION('',(0.642787609686539,0.,0.766044443118978));
#4313=DIRECTION('',(1.,0.,0.));
#4314=DIRECTION('',(0.64278760968654,0.,-0.766044443118978));
#4315=DIRECTION('',(-0.64278760968654,4.69066937635137E-17,-0.766044443118978));
#4316=DIRECTION('',(0.766044443118978,0.,-0.64278760968654));
#4317=DIRECTION('',(0.64278760968654,0.,-0.766044443118978));
#4318=DIRECTION('',(-0.766044443118978,3.93593894367099E-17,-0.64278760968654));
#4319=DIRECTION('',(0.766044443118978,0.,-0.64278760968654));
#4320=DIRECTION('',(-0.5,5.30287619362454E-17,-0.866025403784439));
#4321=DIRECTION('',(0.866025403784439,0.,-0.5));
#4322=DIRECTION('',(0.766044443118978,0.,-0.64278760968654));
#4323=DIRECTION('',(-0.64278760968654,4.69066937635137E-17,-0.766044443118978));
#4324=DIRECTION('',(0.866025403784439,0.,-0.5));
#4325=DIRECTION('',(-0.342020143325668,5.75395780113925E-17,-0.939692620785908));
#4326=DIRECTION('',(0.939692620785908,0.,-0.342020143325668));
#4327=DIRECTION('',(0.866025403784439,0.,-0.5));
#4328=DIRECTION('',(-0.5,5.30287619362454E-17,-0.866025403784439));
#4329=DIRECTION('',(0.939692620785908,0.,-0.342020143325668));
#4330=DIRECTION('',(-0.17364817766693,6.03020831250949E-17,-0.984807753012208));
#4331=DIRECTION('',(0.984807753012208,0.,-0.17364817766693));
#4332=DIRECTION('',(0.939692620785908,0.,-0.342020143325668));
#4333=DIRECTION('',(-0.342020143325668,5.75395780113925E-17,-0.939692620785908));
#4334=DIRECTION('',(0.984807753012208,0.,-0.17364817766693));
#4335=DIRECTION('',(6.12323399573677E-17,6.12323399573677E-17,-1.));
#4336=DIRECTION('',(1.,0.,6.12323399573677E-17));
#4337=DIRECTION('',(0.984807753012208,0.,-0.17364817766693));
#4338=DIRECTION('',(-0.17364817766693,6.03020831250949E-17,-0.984807753012208));
#4339=DIRECTION('',(1.,0.,6.12323399573677E-17));
#4340=DIRECTION('',(0.,-1.,0.));
#4341=DIRECTION('',(0.,0.,-1.));
#4342=DIRECTION('',(0.454519477672044,0.707106781186548,-0.541675220419702));
#4343=DIRECTION('',(0.454519477672044,-0.707106781186548,-0.541675220419702));
#4344=DIRECTION('',(0.,1.,0.));
#4345=DIRECTION('',(-6.12323399573677E-17,0.,1.));
#4346=DIRECTION('',(-0.454519477672044,0.707106781186548,-0.541675220419702));
#4347=DIRECTION('',(-0.454519477672044,-0.707106781186548,-0.541675220419702));
#4348=DIRECTION('',(0.353553390593274,0.707106781186548,0.612372435695795));
#4349=DIRECTION('',(0.353553390593274,-0.707106781186548,0.612372435695795));
#4350=DIRECTION('',(-0.353553390593274,0.707106781186548,-0.612372435695795));
#4351=DIRECTION('',(-0.353553390593274,-0.707106781186548,-0.612372435695795));
#4352=DIRECTION('',(0.241844762647975,0.707106781186548,0.664463024388675));
#4353=DIRECTION('',(0.241844762647975,-0.707106781186548,0.664463024388675));
#4354=DIRECTION('',(-0.241844762647975,0.707106781186548,-0.664463024388675));
#4355=DIRECTION('',(-0.241844762647975,-0.707106781186548,-0.664463024388675));
#4356=DIRECTION('',(0.122787803968973,0.707106781186548,0.696364240320019));
#4357=DIRECTION('',(0.122787803968973,-0.707106781186548,0.696364240320019));
#4358=DIRECTION('',(-0.122787803968973,0.707106781186548,-0.696364240320019));
#4359=DIRECTION('',(-0.122787803968973,-0.707106781186548,-0.696364240320019));
#4360=DIRECTION('',(0.,0.707106781186548,0.707106781186548));
#4361=DIRECTION('',(0.,-0.707106781186548,0.707106781186548));
#4362=DIRECTION('',(0.,0.707106781186548,-0.707106781186548));
#4363=DIRECTION('',(0.,-0.707106781186548,-0.707106781186548));
#4364=DIRECTION('',(-0.122787803968973,0.707106781186548,0.696364240320019));
#4365=DIRECTION('',(-0.122787803968973,-0.707106781186548,0.696364240320019));
#4366=DIRECTION('',(0.122787803968973,0.707106781186548,-0.696364240320019));
#4367=DIRECTION('',(0.122787803968973,-0.707106781186548,-0.696364240320019));
#4368=DIRECTION('',(-0.241844762647975,0.707106781186548,0.664463024388675));
#4369=DIRECTION('',(-0.241844762647975,-0.707106781186548,0.664463024388675));
#4370=DIRECTION('',(0.241844762647975,0.707106781186548,-0.664463024388675));
#4371=DIRECTION('',(0.241844762647975,-0.707106781186548,-0.664463024388675));
#4372=DIRECTION('',(-0.353553390593274,0.707106781186548,0.612372435695794));
#4373=DIRECTION('',(-0.353553390593274,-0.707106781186548,0.612372435695795));
#4374=DIRECTION('',(0.353553390593274,0.707106781186548,-0.612372435695794));
#4375=DIRECTION('',(0.353553390593274,-0.707106781186548,-0.612372435695794));
#4376=DIRECTION('',(-0.454519477672044,0.707106781186548,0.541675220419702));
#4377=DIRECTION('',(-0.454519477672044,-0.707106781186548,0.541675220419702));
#4378=DIRECTION('',(0.454519477672044,0.707106781186548,-0.541675220419702));
#4379=DIRECTION('',(0.454519477672044,-0.707106781186548,-0.541675220419702));
#4380=DIRECTION('',(-0.541675220419702,0.707106781186548,0.454519477672044));
#4381=DIRECTION('',(-0.541675220419702,-0.707106781186548,0.454519477672044));
#4382=DIRECTION('',(0.541675220419702,0.707106781186548,-0.454519477672044));
#4383=DIRECTION('',(0.541675220419702,-0.707106781186548,-0.454519477672044));
#4384=DIRECTION('',(-0.612372435695795,0.707106781186548,0.353553390593274));
#4385=DIRECTION('',(-0.612372435695795,-0.707106781186548,0.353553390593274));
#4386=DIRECTION('',(0.612372435695795,0.707106781186548,-0.353553390593274));
#4387=DIRECTION('',(0.612372435695795,-0.707106781186548,-0.353553390593274));
#4388=DIRECTION('',(-0.664463024388675,0.707106781186548,0.241844762647975));
#4389=DIRECTION('',(-0.664463024388675,-0.707106781186548,0.241844762647975));
#4390=DIRECTION('',(0.664463024388675,0.707106781186548,-0.241844762647975));
#4391=DIRECTION('',(0.664463024388675,-0.707106781186548,-0.241844762647975));
#4392=DIRECTION('',(-0.696364240320019,0.707106781186548,0.122787803968973));
#4393=DIRECTION('',(-0.696364240320019,-0.707106781186548,0.122787803968973));
#4394=DIRECTION('',(0.696364240320019,0.707106781186548,-0.122787803968973));
#4395=DIRECTION('',(0.696364240320019,-0.707106781186548,-0.122787803968973));
#4396=DIRECTION('',(-0.707106781186548,0.707106781186548,-8.65956056235493E-17));
#4397=DIRECTION('',(-0.707106781186548,-0.707106781186548,-8.65956056235493E-17));
#4398=DIRECTION('',(0.707106781186548,0.707106781186548,1.73191211247098E-16));
#4399=DIRECTION('',(0.707106781186548,-0.707106781186548,1.73191211247098E-16));
#4400=DIRECTION('',(-0.696364240320019,0.707106781186548,-0.122787803968973));
#4401=DIRECTION('',(-0.696364240320019,-0.707106781186548,-0.122787803968973));
#4402=DIRECTION('',(0.696364240320019,0.707106781186548,0.122787803968973));
#4403=DIRECTION('',(0.696364240320019,-0.707106781186548,0.122787803968973));
#4404=DIRECTION('',(-0.664463024388675,0.707106781186548,-0.241844762647975));
#4405=DIRECTION('',(-0.664463024388675,-0.707106781186548,-0.241844762647975));
#4406=DIRECTION('',(0.664463024388675,0.707106781186548,0.241844762647975));
#4407=DIRECTION('',(0.664463024388675,-0.707106781186548,0.241844762647975));
#4408=DIRECTION('',(-0.612372435695794,0.707106781186548,-0.353553390593274));
#4409=DIRECTION('',(-0.612372435695795,-0.707106781186548,-0.353553390593274));
#4410=DIRECTION('',(0.612372435695794,0.707106781186548,0.353553390593274));
#4411=DIRECTION('',(0.612372435695794,-0.707106781186548,0.353553390593274));
#4412=DIRECTION('',(-0.541675220419702,0.707106781186548,-0.454519477672044));
#4413=DIRECTION('',(-0.541675220419702,-0.707106781186548,-0.454519477672044));
#4414=DIRECTION('',(0.541675220419702,0.707106781186548,0.454519477672044));
#4415=DIRECTION('',(0.541675220419702,-0.707106781186548,0.454519477672044));
#4416=DIRECTION('',(-0.454519477672044,0.707106781186548,-0.541675220419702));
#4417=DIRECTION('',(-0.454519477672044,-0.707106781186548,-0.541675220419702));
#4418=DIRECTION('',(0.454519477672044,0.707106781186548,0.541675220419702));
#4419=DIRECTION('',(0.454519477672044,-0.707106781186548,0.541675220419702));
#4420=DIRECTION('',(-0.353553390593274,0.707106781186548,-0.612372435695795));
#4421=DIRECTION('',(-0.353553390593274,-0.707106781186548,-0.612372435695795));
#4422=DIRECTION('',(0.353553390593274,0.707106781186548,0.612372435695795));
#4423=DIRECTION('',(0.353553390593274,-0.707106781186548,0.612372435695795));
#4424=DIRECTION('',(-0.241844762647975,0.707106781186548,-0.664463024388675));
#4425=DIRECTION('',(-0.241844762647975,-0.707106781186548,-0.664463024388675));
#4426=DIRECTION('',(0.241844762647975,0.707106781186548,0.664463024388675));
#4427=DIRECTION('',(0.241844762647975,-0.707106781186548,0.664463024388675));
#4428=DIRECTION('',(-0.122787803968973,0.707106781186548,-0.696364240320019));
#4429=DIRECTION('',(-0.122787803968973,-0.707106781186548,-0.696364240320019));
#4430=DIRECTION('',(0.122787803968973,0.707106781186548,0.696364240320019));
#4431=DIRECTION('',(0.122787803968973,-0.707106781186548,0.696364240320019));
#4432=DIRECTION('',(8.65956056235493E-17,0.707106781186548,-0.707106781186548));
#4433=DIRECTION('',(8.65956056235494E-17,-0.707106781186548,-0.707106781186548));
#4434=DIRECTION('',(-8.65956056235494E-17,0.707106781186548,0.707106781186548));
#4435=DIRECTION('',(-8.65956056235493E-17,-0.707106781186548,0.707106781186548));
#4436=DIRECTION('',(0.122787803968973,0.707106781186548,-0.696364240320019));
#4437=DIRECTION('',(0.122787803968973,-0.707106781186548,-0.696364240320019));
#4438=DIRECTION('',(-0.122787803968973,0.707106781186548,0.696364240320019));
#4439=DIRECTION('',(-0.122787803968973,-0.707106781186548,0.696364240320019));
#4440=DIRECTION('',(0.241844762647975,0.707106781186548,-0.664463024388675));
#4441=DIRECTION('',(0.241844762647975,-0.707106781186548,-0.664463024388675));
#4442=DIRECTION('',(-0.241844762647975,0.707106781186548,0.664463024388675));
#4443=DIRECTION('',(-0.241844762647975,-0.707106781186548,0.664463024388675));
#4444=DIRECTION('',(0.353553390593274,0.707106781186548,-0.612372435695795));
#4445=DIRECTION('',(0.353553390593274,-0.707106781186548,-0.612372435695795));
#4446=DIRECTION('',(-0.353553390593274,0.707106781186548,0.612372435695795));
#4447=DIRECTION('',(-0.353553390593274,-0.707106781186548,0.612372435695795));
#4448=DIRECTION('',(-1.,0.,0.));
#4449=DIRECTION('',(0.,0.,1.));
#4450=DIRECTION('',(0.,0.366421530299378,0.930448957295919));
#4451=DIRECTION('',(0.,0.,1.));
#4452=DIRECTION('',(0.,-1.,0.));
#4453=DIRECTION('',(-1.,0.,0.));
#4454=DIRECTION('',(0.,0.,1.));
#4455=DIRECTION('',(0.,0.,1.));
#4456=DIRECTION('',(0.,0.366421530299378,0.930448957295919));
#4457=DIRECTION('',(0.,-1.,0.));
#4458=DIRECTION('',(-1.,0.,0.));
#4459=DIRECTION('',(0.,0.,1.));
#4460=DIRECTION('',(0.,0.366421530299378,0.930448957295919));
#4461=DIRECTION('',(0.,0.,1.));
#4462=DIRECTION('',(0.,-1.,0.));
#4463=DIRECTION('',(-1.,0.,0.));
#4464=DIRECTION('',(0.,0.,1.));
#4465=DIRECTION('',(0.,0.,1.));
#4466=DIRECTION('',(0.,0.366421530299378,0.930448957295919));
#4467=DIRECTION('',(0.,-1.,0.));
#4468=DIRECTION('',(0.,0.,-1.));
#4469=DIRECTION('',(-1.,0.,0.));
#4470=DIRECTION('',(0.,0.,-1.));
#4471=DIRECTION('',(0.,0.,1.));
#4472=DIRECTION('',(1.,-6.12323399573677E-17,0.));
#4473=DIRECTION('',(0.,0.,-1.));
#4474=DIRECTION('',(-8.65956056235493E-17,-0.707106781186547,-0.707106781186548));
#4475=DIRECTION('',(8.65956056235494E-17,0.707106781186548,-0.707106781186547));
#4476=DIRECTION('',(0.,0.,1.));
#4477=DIRECTION('',(1.,-6.12323399573677E-17,0.));
#4478=DIRECTION('',(0.707106781186547,-1.29893408435324E-16,0.707106781186548));
#4479=DIRECTION('',(0.707106781186548,-1.29893408435324E-16,-0.707106781186547));
#4480=DIRECTION('',(0.,0.,-1.));
#4481=DIRECTION('',(-1.,0.,0.));
#4482=DIRECTION('',(0.,0.,-1.));
#4483=DIRECTION('',(-0.707106781186547,4.32978028117746E-17,0.707106781186549));
#4484=DIRECTION('',(-0.707106781186549,4.32978028117747E-17,-0.707106781186547));
#4485=DIRECTION('',(0.,0.,1.));
#4486=DIRECTION('',(1.,-6.12323399573677E-17,0.));
#4487=DIRECTION('',(0.,0.707106781186547,0.707106781186548));
#4488=DIRECTION('',(0.,0.707106781186548,-0.707106781186547));
#4489=DIRECTION('',(0.,0.,-1.));
#4490=DIRECTION('',(0.,0.,1.));
#4491=DIRECTION('',(1.,-6.12323399573677E-17,0.));
#4492=DIRECTION('',(0.,0.,-1.));
#4493=DIRECTION('',(-1.,0.,0.));
#4494=DIRECTION('',(0.,0.,1.));
#4495=DIRECTION('',(1.,-6.12323399573677E-17,0.));
#4496=DIRECTION('',(0.,0.,-1.));
#4497=DIRECTION('',(0.,0.707106781186547,-0.707106781186548));
#4498=DIRECTION('',(0.,-0.707106781186548,-0.707106781186547));
#4499=DIRECTION('',(0.,0.,1.));
#4500=DIRECTION('',(1.,-6.12323399573677E-17,0.));
#4501=DIRECTION('',(-0.707106781186547,4.32978028117746E-17,0.707106781186549));
#4502=DIRECTION('',(-0.707106781186549,4.32978028117747E-17,-0.707106781186547));
#4503=DIRECTION('',(0.,0.,-1.));
#4504=DIRECTION('',(0.,0.,1.));
#4505=DIRECTION('',(1.,0.,0.));
#4506=DIRECTION('',(-1.83697019872103E-16,-1.,0.));
#4507=DIRECTION('',(1.,-1.83697019872103E-16,0.));
#4508=DIRECTION('',(-1.83697019872103E-16,-1.,0.));
#4509=DIRECTION('',(1.,0.,0.));
#4510=DIRECTION('',(0.,1.,0.));
#4511=DIRECTION('',(1.,0.,0.));
#4512=DIRECTION('',(6.12323399573677E-17,1.,0.));
#4513=DIRECTION('',(-1.,6.12323399573677E-17,0.));
#4514=DIRECTION('',(6.12323399573677E-17,1.,0.));
#4515=DIRECTION('',(0.,0.,1.));
#4516=DIRECTION('',(1.,-6.12323399573677E-17,0.));
#4517=DIRECTION('',(-1.,1.22464679914735E-16,0.));
#4518=DIRECTION('',(-1.22464679914735E-16,-1.,0.));
#4519=DIRECTION('',(-1.,1.22464679914735E-16,0.));
#4520=DIRECTION('',(1.,0.,0.));
#4521=DIRECTION('',(-1.,0.,0.));
#4522=DIRECTION('',(-1.,0.,0.));
#4523=DIRECTION('',(1.,0.,0.));
#4524=DIRECTION('',(1.,0.,0.));
#4525=DIRECTION('',(0.,0.,-1.));
#4526=DIRECTION('',(-1.,0.,0.));
#4527=DIRECTION('',(0.,0.,-1.));
#4528=DIRECTION('',(-0.707106781186547,4.32978028117746E-17,-0.707106781186548));
#4529=DIRECTION('',(0.707106781186548,-4.32978028117747E-17,-0.707106781186547));
#4530=DIRECTION('',(0.,0.,1.));
#4531=DIRECTION('',(1.,-6.12323399573677E-17,0.));
#4532=DIRECTION('',(-8.65956056235492E-17,-0.707106781186547,0.707106781186549));
#4533=DIRECTION('',(-8.65956056235495E-17,-0.707106781186549,-0.707106781186547));
#4534=DIRECTION('',(0.,0.,-1.));
#4535=DIRECTION('',(0.,0.,1.));
#4536=DIRECTION('',(1.,0.,0.));
#4537=DIRECTION('',(0.,0.,1.));
#4538=DIRECTION('',(1.,0.,0.));
#4539=DIRECTION('',(-6.12323399573677E-17,-1.,0.));
#4540=DIRECTION('',(1.,-1.83697019872103E-16,0.));
#4541=DIRECTION('',(-1.83697019872103E-16,-1.,0.));
#4542=DIRECTION('',(1.,-1.83697019872103E-16,0.));
#4543=DIRECTION('',(-1.83697019872103E-16,-1.,0.));
#4544=DIRECTION('',(1.,-1.83697019872103E-16,0.));
#4545=DIRECTION('',(1.83697019872103E-16,1.,0.));
#4546=DIRECTION('',(-1.,1.22464679914735E-16,0.));
#4547=DIRECTION('',(-1.22464679914735E-16,-1.,0.));
#4548=DIRECTION('',(-1.,1.22464679914735E-16,0.));
#4549=DIRECTION('',(-1.22464679914735E-16,-1.,0.));
#4550=DIRECTION('',(-1.,1.22464679914735E-16,0.));
#4551=DIRECTION('',(-1.22464679914735E-16,-1.,0.));
#4552=DIRECTION('',(1.,-1.22464679914735E-16,0.));
#4553=DIRECTION('',(6.12323399573677E-17,1.,0.));
#4554=DIRECTION('',(-1.,6.12323399573677E-17,0.));
#4555=DIRECTION('',(6.12323399573677E-17,1.,0.));
#4556=DIRECTION('',(-1.,6.12323399573677E-17,0.));
#4557=DIRECTION('',(6.12323399573677E-17,1.,0.));
#4558=DIRECTION('',(-1.,6.12323399573677E-17,0.));
#4559=DIRECTION('',(-6.12323399573677E-17,-1.,0.));
#4560=DIRECTION('',(1.,0.,0.));
#4561=DIRECTION('',(0.,1.,0.));
#4562=DIRECTION('',(1.,0.,0.));
#4563=DIRECTION('',(0.,1.,0.));
#4564=DIRECTION('',(1.,0.,0.));
#4565=DIRECTION('',(0.,1.,0.));
#4566=DIRECTION('',(-1.,0.,0.));
#4567=DIRECTION('',(0.,0.,1.));
#4568=DIRECTION('',(1.,0.,0.));
#4569=DIRECTION('',(0.,0.,1.));
#4570=DIRECTION('',(1.,0.,0.));
#4571=DIRECTION('',(0.,0.,1.));
#4572=DIRECTION('',(-1.83697019872103E-16,-1.,0.));
#4573=DIRECTION('',(0.,0.,1.));
#4574=DIRECTION('',(-1.83697019872103E-16,-1.,0.));
#4575=DIRECTION('',(0.,0.,1.));
#4576=DIRECTION('',(-1.,1.22464679914735E-16,0.));
#4577=DIRECTION('',(0.,0.,1.));
#4578=DIRECTION('',(-1.,1.22464679914735E-16,0.));
#4579=DIRECTION('',(0.,0.,1.));
#4580=DIRECTION('',(6.12323399573677E-17,1.,0.));
#4581=DIRECTION('',(0.,0.,1.));
#4582=DIRECTION('',(6.12323399573677E-17,1.,0.));
#4583=DIRECTION('',(0.,-0.930448957295919,0.366421530299378));
#4584=DIRECTION('',(1.,0.,0.));
#4585=DIRECTION('',(1.,0.,0.));
#4586=DIRECTION('',(0.,-0.930448957295919,0.366421530299378));
#4587=DIRECTION('',(1.,0.,0.));
#4588=DIRECTION('',(1.,0.,0.));
#4589=DIRECTION('',(0.,1.,0.));
#4590=DIRECTION('',(0.,0.,1.));
#4591=DIRECTION('',(0.,0.,1.));
#4592=DIRECTION('',(1.,0.,0.));
#4593=DIRECTION('',(0.,0.,1.));
#4594=DIRECTION('',(0.5,0.,-0.866025403784439));
#4595=DIRECTION('',(-0.5,0.,-0.866025403784438));
#4596=DIRECTION('',(0.,0.,1.));
#4597=DIRECTION('',(1.,0.,0.));
#4598=DIRECTION('',(0.,0.,1.));
#4599=DIRECTION('',(-0.5,0.,0.866025403784439));
#4600=DIRECTION('',(0.5,0.,0.866025403784439));
#4601=DIRECTION('',(0.,0.,1.));
#4602=DIRECTION('',(-1.,1.22464679914735E-16,0.));
#4603=DIRECTION('',(0.,0.,1.));
#4604=DIRECTION('',(-1.,1.22464679914735E-16,0.));
#4605=DIRECTION('',(0.,0.,1.));
#4606=DIRECTION('',(-1.,1.22464679914735E-16,0.));
#4607=DIRECTION('',(0.,0.,1.));
#4608=DIRECTION('',(-1.,1.22464679914735E-16,0.));
#4609=DIRECTION('',(-1.22464679914735E-16,-1.,0.));
#4610=DIRECTION('',(0.,0.,1.));
#4611=DIRECTION('',(-0.990809578849242,1.21339177930226E-16,-0.135264106327541));
#4612=DIRECTION('',(0.,0.,-1.));
#4613=DIRECTION('',(0.,0.,-1.));
#4614=DIRECTION('',(1.,-1.22464679914735E-16,0.));
#4615=DIRECTION('',(0.,0.,1.));
#4616=DIRECTION('',(-1.22464679914735E-16,-1.,0.));
#4617=DIRECTION('',(0.,0.,-1.));
#4618=DIRECTION('',(-1.22464679914735E-16,-1.,0.));
#4619=DIRECTION('',(0.,0.,1.));
#4620=DIRECTION('',(0.,0.,-1.));
#4621=DIRECTION('',(-0.990809578849242,1.21339177930226E-16,-0.135264106327541));
#4622=DIRECTION('',(0.,0.,-1.));
#4623=DIRECTION('',(1.,-1.22464679914735E-16,0.));
#4624=DIRECTION('',(0.,0.,-1.));
#4625=DIRECTION('',(1.,-1.22464679914735E-16,0.));
#4626=DIRECTION('',(1.,-1.22464679914735E-16,0.));
#4627=DIRECTION('',(0.,0.,1.));
#4628=DIRECTION('',(-8.65956056235494E-17,-0.707106781186548,0.707106781186547));
#4629=DIRECTION('',(0.,0.,1.));
#4630=DIRECTION('',(-1.22464679914735E-16,-1.,0.));
#4631=DIRECTION('',(-0.135264106327541,1.65650754853551E-17,0.990809578849242));
#4632=DIRECTION('',(-0.990809578849242,1.21339177930226E-16,-0.135264106327541));
#4633=DIRECTION('',(-0.990809578849242,1.21339177930226E-16,-0.135264106327541));
#4634=DIRECTION('',(-1.22464679914735E-16,-1.,0.));
#4635=DIRECTION('',(-0.990809578849242,1.21339177930226E-16,-0.135264106327541));
#4636=DIRECTION('',(1.,-1.22464679914735E-16,0.));
#4637=DIRECTION('',(0.,0.,1.));
#4638=DIRECTION('',(0.,0.,1.));
#4639=DIRECTION('',(8.65956056235495E-17,0.707106781186549,0.707106781186547));
#4640=DIRECTION('',(-1.22464679914735E-16,-1.,0.));
#4641=DIRECTION('',(0.,0.,1.));
#4642=DIRECTION('',(1.,-1.22464679914735E-16,0.));
#4643=DIRECTION('',(-1.22464679914735E-16,-1.,0.));
#4644=DIRECTION('',(0.,0.,1.));
#4645=DIRECTION('',(-1.,1.22464679914735E-16,0.));
#4646=DIRECTION('',(0.,0.,1.));
#4647=DIRECTION('',(6.12323399573677E-17,1.,0.));
#4648=DIRECTION('',(0.,0.,1.));
#4649=DIRECTION('',(6.12323399573677E-17,1.,0.));
#4650=DIRECTION('',(0.,0.,-1.));
#4651=DIRECTION('',(-6.12323399573677E-17,-1.,0.));
#4652=DIRECTION('',(0.,0.,1.));
#4653=DIRECTION('',(6.12323399573677E-17,1.,0.));
#4654=DIRECTION('',(0.,0.,1.));
#4655=DIRECTION('',(6.12323399573677E-17,1.,0.));
#4656=DIRECTION('',(0.,0.,-1.));
#4657=DIRECTION('',(-6.12323399573677E-17,-1.,0.));
#4658=DIRECTION('',(8.28253774267755E-18,0.135264106327541,0.990809578849242));
#4659=DIRECTION('',(6.0669588965113E-17,0.990809578849242,-0.135264106327541));
#4660=DIRECTION('',(6.0669588965113E-17,0.990809578849242,-0.135264106327541));
#4661=DIRECTION('',(-1.,6.12323399573677E-17,0.));
#4662=DIRECTION('',(6.0669588965113E-17,0.990809578849242,-0.135264106327541));
#4663=DIRECTION('',(-1.,6.12323399573677E-17,0.));
#4664=DIRECTION('',(6.0669588965113E-17,0.990809578849242,-0.135264106327541));
#4665=DIRECTION('',(-1.,6.12323399573677E-17,0.));
#4666=DIRECTION('',(6.0669588965113E-17,0.990809578849242,-0.135264106327541));
#4667=DIRECTION('',(-6.12323399573677E-17,-1.,0.));
#4668=DIRECTION('',(0.,0.,1.));
#4669=DIRECTION('',(0.,0.,1.));
#4670=DIRECTION('',(0.707106781186549,-4.32978028117747E-17,0.707106781186547));
#4671=DIRECTION('',(0.,0.,-1.));
#4672=DIRECTION('',(-6.12323399573677E-17,-1.,0.));
#4673=DIRECTION('',(0.,0.,1.));
#4674=DIRECTION('',(-0.707106781186548,4.32978028117747E-17,0.707106781186547));
#4675=DIRECTION('',(0.,0.,1.));
#4676=DIRECTION('',(0.,0.,-1.));
#4677=DIRECTION('',(-1.,6.12323399573677E-17,0.));
#4678=DIRECTION('',(0.,0.,1.));
#4679=DIRECTION('',(0.,0.,-1.));
#4680=DIRECTION('',(-1.,6.12323399573677E-17,0.));
#4681=DIRECTION('',(0.,0.,1.));
#4682=DIRECTION('',(0.,0.,-1.));
#4683=DIRECTION('',(-6.12323399573677E-17,-1.,0.));
#4684=DIRECTION('',(0.,0.,1.));
#4685=DIRECTION('',(-1.,6.12323399573677E-17,0.));
#4686=DIRECTION('',(0.,0.,1.));
#4687=DIRECTION('',(6.12323399573677E-17,1.,0.));
#4688=DIRECTION('',(-1.,6.12323399573677E-17,0.));
#4689=DIRECTION('',(0.,0.,1.));
#4690=DIRECTION('',(-6.12323399573677E-17,-1.,0.));
#4691=DIRECTION('',(0.,0.,1.));
#4692=DIRECTION('',(1.,0.,0.));
#4693=DIRECTION('',(0.,0.,1.));
#4694=DIRECTION('',(1.,0.,0.));
#4695=DIRECTION('',(0.,0.,1.));
#4696=DIRECTION('',(1.,0.,0.));
#4697=DIRECTION('',(0.,0.,1.));
#4698=DIRECTION('',(1.,0.,0.));
#4699=DIRECTION('',(0.,0.,-1.));
#4700=DIRECTION('',(-1.,0.,0.));
#4701=DIRECTION('',(0.,0.,-1.));
#4702=DIRECTION('',(-1.,0.,0.));
#4703=DIRECTION('',(0.,1.,0.));
#4704=DIRECTION('',(0.,0.,1.));
#4705=DIRECTION('',(0.990809578849242,0.,-0.135264106327541));
#4706=DIRECTION('',(0.,0.,-1.));
#4707=DIRECTION('',(0.,0.,-1.));
#4708=DIRECTION('',(-1.,0.,0.));
#4709=DIRECTION('',(0.,0.,1.));
#4710=DIRECTION('',(0.,1.,0.));
#4711=DIRECTION('',(0.,0.,-1.));
#4712=DIRECTION('',(0.,1.,0.));
#4713=DIRECTION('',(0.,0.,1.));
#4714=DIRECTION('',(0.,0.,-1.));
#4715=DIRECTION('',(0.990809578849242,0.,-0.135264106327541));
#4716=DIRECTION('',(-1.,0.,0.));
#4717=DIRECTION('',(0.,0.,1.));
#4718=DIRECTION('',(0.,0.,1.));
#4719=DIRECTION('',(0.,-0.707106781186548,0.707106781186547));
#4720=DIRECTION('',(0.,1.,0.));
#4721=DIRECTION('',(-1.,0.,0.));
#4722=DIRECTION('',(0.,0.,1.));
#4723=DIRECTION('',(0.,0.707106781186548,0.707106781186547));
#4724=DIRECTION('',(0.,0.,1.));
#4725=DIRECTION('',(0.,1.,0.));
#4726=DIRECTION('',(0.135264106327541,0.,0.990809578849242));
#4727=DIRECTION('',(0.990809578849242,0.,-0.135264106327541));
#4728=DIRECTION('',(0.135264106327541,0.,0.990809578849242));
#4729=DIRECTION('',(0.990809578849242,0.,-0.135264106327541));
#4730=DIRECTION('',(0.990809578849242,0.,-0.135264106327541));
#4731=DIRECTION('',(0.990809578849242,0.,-0.135264106327541));
#4732=DIRECTION('',(0.,1.,0.));
#4733=DIRECTION('',(0.,0.,1.));
#4734=DIRECTION('',(-1.,0.,0.));
#4735=DIRECTION('',(0.,1.,0.));
#4736=DIRECTION('',(0.,0.,1.));
#4737=DIRECTION('',(1.,0.,0.));
#4738=DIRECTION('',(1.,-1.83697019872103E-16,0.));
#4739=DIRECTION('',(0.,0.,1.));
#4740=DIRECTION('',(-1.83697019872103E-16,-1.,0.));
#4741=DIRECTION('',(0.,0.,1.));
#4742=DIRECTION('',(-1.82008766895339E-16,-0.990809578849242,-0.135264106327541));
#4743=DIRECTION('',(-1.,6.12323399573677E-17,0.));
#4744=DIRECTION('',(0.,0.,1.));
#4745=DIRECTION('',(0.,0.,1.));
#4746=DIRECTION('',(6.12323399573677E-17,1.,0.));
#4747=DIRECTION('',(-1.82008766895339E-16,-0.990809578849242,-0.135264106327541));
#4748=DIRECTION('',(0.,0.,1.));
#4749=DIRECTION('',(-1.83697019872103E-16,-1.,0.));
#4750=DIRECTION('',(0.,0.,1.));
#4751=DIRECTION('',(-1.83697019872103E-16,-1.,0.));
#4752=DIRECTION('',(0.,0.,-1.));
#4753=DIRECTION('',(1.83697019872103E-16,1.,0.));
#4754=DIRECTION('',(0.,0.,1.));
#4755=DIRECTION('',(-1.83697019872103E-16,-1.,0.));
#4756=DIRECTION('',(0.,0.,1.));
#4757=DIRECTION('',(-1.83697019872103E-16,-1.,0.));
#4758=DIRECTION('',(0.,0.,-1.));
#4759=DIRECTION('',(1.83697019872103E-16,1.,0.));
#4760=DIRECTION('',(-2.48476132280326E-17,-0.135264106327541,0.990809578849242));
#4761=DIRECTION('',(-1.82008766895339E-16,-0.990809578849242,-0.135264106327541));
#4762=DIRECTION('',(1.,-1.83697019872103E-16,0.));
#4763=DIRECTION('',(-1.82008766895339E-16,-0.990809578849242,-0.135264106327541));
#4764=DIRECTION('',(1.,-1.83697019872103E-16,0.));
#4765=DIRECTION('',(-1.82008766895339E-16,-0.990809578849242,-0.135264106327541));
#4766=DIRECTION('',(1.,-1.83697019872103E-16,0.));
#4767=DIRECTION('',(1.83697019872103E-16,1.,0.));
#4768=DIRECTION('',(0.,0.,1.));
#4769=DIRECTION('',(-0.707106781186548,1.29893408435324E-16,0.707106781186547));
#4770=DIRECTION('',(0.,0.,-1.));
#4771=DIRECTION('',(1.83697019872103E-16,1.,0.));
#4772=DIRECTION('',(0.,0.,1.));
#4773=DIRECTION('',(-0.707106781186549,1.29893408435324E-16,-0.707106781186547));
#4774=DIRECTION('',(0.,0.,-1.));
#4775=DIRECTION('',(1.,-1.83697019872103E-16,0.));
#4776=DIRECTION('',(0.,0.,1.));
#4777=DIRECTION('',(0.,0.,-1.));
#4778=DIRECTION('',(1.,-1.83697019872103E-16,0.));
#4779=DIRECTION('',(0.,0.,1.));
#4780=DIRECTION('',(0.,0.,-1.));
#4781=DIRECTION('',(1.83697019872103E-16,1.,0.));
#4782=DIRECTION('',(0.,0.,1.));
#4783=DIRECTION('',(0.,0.,-1.));
#4784=DIRECTION('',(-1.,0.,0.));
#4785=DIRECTION('',(0.,0.,1.));
#4786=DIRECTION('',(1.,-6.12323399573676E-17,0.));
#4787=DIRECTION('',(0.,0.,1.));
#4788=DIRECTION('',(1.,0.,0.));
#4789=DIRECTION('',(0.,0.,1.));
#4790=DIRECTION('',(1.,0.,0.));
#4791=DIRECTION('',(0.454519477672044,0.707106781186548,0.541675220419702));
#4792=DIRECTION('',(0.766044443118978,3.93593894367099E-17,-0.642787609686539));
#4793=DIRECTION('',(-0.454519477672044,0.707106781186548,-0.541675220419702));
#4794=DIRECTION('',(-0.704436350069307,-0.0868265938642476,0.704436350069307));
#4795=DIRECTION('',(0.454519477672044,0.707106781186548,0.541675220419702));
#4796=DIRECTION('',(0.454519477672044,-0.707106781186548,0.541675220419702));
#4797=DIRECTION('',(0.766044443118978,3.93593894367099E-17,-0.642787609686539));
#4798=DIRECTION('',(-0.766044443118978,-3.93593894367099E-17,0.642787609686539));
#4799=DIRECTION('',(0.454519477672044,0.707106781186548,0.541675220419702));
#4800=DIRECTION('',(-0.45798507479734,-0.701673843159863,-0.545805358244258));
#4801=DIRECTION('',(0.866025403784439,3.06161699786838E-17,0.5));
#4802=DIRECTION('',(0.,-1.,6.12323399573677E-17));
#4803=DIRECTION('',(0.,-1.,6.12323399573677E-17));
#4804=DIRECTION('',(-0.5,0.,0.866025403784439));
#4805=DIRECTION('',(0.,1.,-6.12323399573677E-17));
#4806=DIRECTION('',(-0.5,5.30287619362453E-17,0.866025403784439));
#4807=DIRECTION('',(0.,-1.,6.12323399573677E-17));
#4808=DIRECTION('',(0.866025403784438,-3.06161699786838E-17,-0.5));
#4809=DIRECTION('',(0.,-1.,6.12323399573677E-17));
#4810=DIRECTION('',(0.5,5.30287619362453E-17,0.866025403784438));
#4811=DIRECTION('',(0.,-1.,6.12323399573677E-17));
#4812=DIRECTION('',(0.5,0.,0.866025403784438));
#4813=DIRECTION('',(0.,1.,-6.12323399573677E-17));
#4814=DIRECTION('',(-0.866025403784439,3.06161699786838E-17,0.5));
#4815=DIRECTION('',(0.,-1.,6.12323399573677E-17));
#4816=DIRECTION('',(0.,-1.,6.12323399573677E-17));
#4817=DIRECTION('',(-0.5,-5.30287619362453E-17,-0.866025403784439));
#4818=DIRECTION('',(0.,-1.,6.12323399573677E-17));
#4819=DIRECTION('',(-0.5,0.,-0.866025403784439));
#4820=DIRECTION('',(0.,-1.,6.12323399573677E-17));
#4821=DIRECTION('',(-0.866025403784439,-3.06161699786838E-17,-0.5));
#4822=DIRECTION('',(0.,-1.,6.12323399573677E-17));
#4823=DIRECTION('',(0.,1.,-6.12323399573677E-17));
#4824=DIRECTION('',(0.5,0.,-0.866025403784439));
#4825=DIRECTION('',(0.,-1.,6.12323399573677E-17));
#4826=DIRECTION('',(0.5,-5.30287619362454E-17,-0.866025403784439));
#4827=DIRECTION('',(-1.,0.,0.));
#4828=DIRECTION('',(0.,0.,1.));
#4829=DIRECTION('',(0.,1.,0.));
#4830=DIRECTION('',(0.,0.,-1.));
#4831=DIRECTION('',(-1.,0.,0.));
#4832=DIRECTION('',(0.,0.,1.));
#4833=DIRECTION('',(0.,0.,-1.));
#4834=DIRECTION('',(0.,1.,0.));
#4835=DIRECTION('',(-1.,0.,0.));
#4836=DIRECTION('',(0.,0.,1.));
#4837=DIRECTION('',(0.,0.,-1.));
#4838=DIRECTION('',(0.,1.,0.));
#4839=DIRECTION('',(-1.,0.,0.));
#4840=DIRECTION('',(0.,0.,1.));
#4841=DIRECTION('',(0.,1.,0.));
#4842=DIRECTION('',(0.,0.,-1.));
#4843=DIRECTION('',(0.,0.,1.));
#4844=DIRECTION('',(1.,0.,0.));
#4845=DIRECTION('',(1.,0.,0.));
#4846=DIRECTION('',(0.,0.,1.));
#4847=DIRECTION('',(1.,0.,0.));
#4848=DIRECTION('',(1.,0.,0.));
#4849=DIRECTION('',(0.,0.707106781186548,-0.707106781186548));
#4850=DIRECTION('',(0.,0.707106781186548,0.707106781186548));
#4851=DIRECTION('',(1.,0.,0.));
#4852=DIRECTION('',(0.,0.707106781186548,-0.707106781186548));
#4853=DIRECTION('',(0.,-0.707106781186548,-0.707106781186548));
#4854=DIRECTION('',(0.992432509138967,0.0868265938642476,0.0868265938642476));
#4855=DIRECTION('',(0.,0.707106781186548,0.707106781186548));
#4856=DIRECTION('',(1.,0.,0.));
#4857=DIRECTION('',(-0.992432509138967,-0.0868265938642476,0.0868265938642476));
#4858=DIRECTION('',(0.,0.707106781186548,0.707106781186548));
#4859=DIRECTION('',(0.,-0.707106781186548,0.707106781186548));
#4860=DIRECTION('',(0.353553390593274,0.707106781186548,-0.612372435695794));
#4861=DIRECTION('',(-0.353553390593274,0.707106781186548,0.612372435695794));
#4862=DIRECTION('',(0.866025403784438,-3.06161699786838E-17,0.5));
#4863=DIRECTION('',(0.353553390593274,0.707106781186548,-0.612372435695794));
#4864=DIRECTION('',(0.353553390593274,-0.707106781186548,-0.612372435695794));
#4865=DIRECTION('',(-0.816058467523754,-0.0868265938642475,-0.571410290579996));
#4866=DIRECTION('',(-0.353553390593274,0.707106781186548,0.612372435695794));
#4867=DIRECTION('',(0.866025403784438,-3.06161699786838E-17,0.5));
#4868=DIRECTION('',(-0.902885061388001,-0.0868265938642479,-0.421022218558971));
#4869=DIRECTION('',(-0.353553390593274,0.707106781186548,0.612372435695794));
#4870=DIRECTION('',(-0.353553390593274,-0.707106781186548,0.612372435695794));
#4871=DIRECTION('',(-0.241844762647975,0.707106781186548,0.664463024388675));
#4872=DIRECTION('',(0.939692620785908,-2.09426936883849E-17,0.342020143325668));
#4873=DIRECTION('',(-0.962277949543861,-0.0868265938642475,-0.257841599474554));
#4874=DIRECTION('',(-0.241844762647975,0.707106781186548,0.664463024388675));
#4875=DIRECTION('',(-0.241844762647975,-0.707106781186548,0.664463024388675));
#4876=DIRECTION('',(0.939692620785908,-2.09426936883849E-17,0.342020143325668));
#4877=DIRECTION('',(0.241844762647975,0.707106781186548,-0.664463024388675));
#4878=DIRECTION('',(-0.241844762647975,0.707106781186548,0.664463024388675));
#4879=DIRECTION('',(0.241844762647975,0.707106781186548,-0.664463024388675));
#4880=DIRECTION('',(0.241844762647975,-0.707106781186548,-0.664463024388675));
#4881=DIRECTION('',(0.122787803968973,0.707106781186548,-0.696364240320019));
#4882=DIRECTION('',(-0.122787803968973,0.707106781186548,0.696364240320019));
#4883=DIRECTION('',(0.984807753012208,-1.06328842478789E-17,0.17364817766693));
#4884=DIRECTION('',(0.122787803968973,0.707106781186548,-0.696364240320019));
#4885=DIRECTION('',(0.122787803968973,-0.707106781186548,-0.696364240320019));
#4886=DIRECTION('',(-0.122787803968973,0.707106781186548,0.696364240320019));
#4887=DIRECTION('',(0.122787803968973,0.707106781186548,-0.696364240320019));
#4888=DIRECTION('',(-0.984807753012208,1.06328842478788E-17,-0.17364817766693));
#4889=DIRECTION('',(-0.122787803968973,0.707106781186548,0.696364240320019));
#4890=DIRECTION('',(-0.122787803968973,-0.707106781186548,0.696364240320019));
#4891=DIRECTION('',(0.962277949543861,-0.0868265938642477,0.257841599474554));
#4892=DIRECTION('',(-0.612372435695794,0.707106781186548,-0.353553390593274));
#4893=DIRECTION('',(-0.5,-5.30287619362453E-17,0.866025403784438));
#4894=DIRECTION('',(0.421022218558971,-0.0868265938642479,-0.902885061388001));
#4895=DIRECTION('',(-0.612372435695794,0.707106781186548,-0.353553390593274));
#4896=DIRECTION('',(-0.612372435695794,-0.707106781186547,-0.353553390593274));
#4897=DIRECTION('',(-0.5,-5.30287619362453E-17,0.866025403784438));
#4898=DIRECTION('',(-0.241844762647975,0.707106781186548,-0.664463024388675));
#4899=DIRECTION('',(-0.939692620785908,-2.09426936883849E-17,0.342020143325668));
#4900=DIRECTION('',(0.902885061388001,-0.0868265938642477,-0.421022218558971));
#4901=DIRECTION('',(-0.241844762647975,0.707106781186548,-0.664463024388675));
#4902=DIRECTION('',(-0.241844762647975,-0.707106781186548,-0.664463024388675));
#4903=DIRECTION('',(-0.939692620785908,-2.09426936883849E-17,0.342020143325668));
#4904=DIRECTION('',(8.65956056235493E-17,0.707106781186548,-0.707106781186548));
#4905=DIRECTION('',(-1.,7.49879891330929E-33,-1.22464679914735E-16));
#4906=DIRECTION('',(0.992432509138967,-0.0868265938642477,-0.0868265938642476));
#4907=DIRECTION('',(8.65956056235493E-17,0.707106781186548,-0.707106781186548));
#4908=DIRECTION('',(8.65956056235494E-17,-0.707106781186548,-0.707106781186548));
#4909=DIRECTION('',(-1.,7.49879891330929E-33,-1.22464679914735E-16));
#4910=DIRECTION('',(0.122787803968973,0.707106781186548,-0.696364240320019));
#4911=DIRECTION('',(-0.984807753012208,1.06328842478788E-17,-0.17364817766693));
#4912=DIRECTION('',(0.992432509138967,-0.0868265938642475,0.0868265938642476));
#4913=DIRECTION('',(0.122787803968973,0.707106781186548,-0.696364240320019));
#4914=DIRECTION('',(0.122787803968973,-0.707106781186548,-0.696364240320019));
#4915=DIRECTION('',(-8.65956056235494E-17,0.707106781186548,0.707106781186548));
#4916=DIRECTION('',(8.65956056235493E-17,0.707106781186548,-0.707106781186548));
#4917=DIRECTION('',(-8.65956056235494E-17,0.707106781186548,0.707106781186548));
#4918=DIRECTION('',(-8.65956056235493E-17,-0.707106781186548,0.707106781186548));
#4919=DIRECTION('',(0.241844762647975,0.707106781186548,0.664463024388675));
#4920=DIRECTION('',(-0.241844762647975,0.707106781186548,-0.664463024388675));
#4921=DIRECTION('',(0.241844762647975,0.707106781186548,0.664463024388675));
#4922=DIRECTION('',(0.241844762647975,-0.707106781186548,0.664463024388675));
#4923=DIRECTION('',(0.962277949543861,-0.0868265938642475,-0.257841599474554));
#4924=DIRECTION('',(-0.122787803968973,0.707106781186548,-0.696364240320019));
#4925=DIRECTION('',(-0.984807753012208,-1.06328842478789E-17,0.17364817766693));
#4926=DIRECTION('',(-0.122787803968973,0.707106781186548,-0.696364240320019));
#4927=DIRECTION('',(-0.122787803968973,-0.707106781186548,-0.696364240320019));
#4928=DIRECTION('',(-0.984807753012208,-1.06328842478789E-17,0.17364817766693));
#4929=DIRECTION('',(0.122787803968973,0.707106781186548,0.696364240320019));
#4930=DIRECTION('',(-0.122787803968973,0.707106781186548,-0.696364240320019));
#4931=DIRECTION('',(0.122787803968973,0.707106781186548,0.696364240320019));
#4932=DIRECTION('',(0.122787803968973,-0.707106781186548,0.696364240320019));
#4933=DIRECTION('',(0.541675220419702,0.707106781186548,0.454519477672044));
#4934=DIRECTION('',(-0.541675220419702,0.707106781186548,-0.454519477672044));
#4935=DIRECTION('',(-0.64278760968654,-4.69066937635137E-17,0.766044443118978));
#4936=DIRECTION('',(0.541675220419702,0.707106781186548,0.454519477672044));
#4937=DIRECTION('',(0.541675220419702,-0.707106781186548,0.454519477672044));
#4938=DIRECTION('',(0.704436350069307,-0.0868265938642475,-0.704436350069307));
#4939=DIRECTION('',(-0.541675220419702,0.707106781186548,-0.454519477672044));
#4940=DIRECTION('',(-0.64278760968654,-4.69066937635137E-17,0.766044443118978));
#4941=DIRECTION('',(0.571410290579996,-0.0868265938642474,-0.816058467523754));
#4942=DIRECTION('',(-0.541675220419702,0.707106781186548,-0.454519477672044));
#4943=DIRECTION('',(-0.541675220419702,-0.707106781186548,-0.454519477672044));
#4944=DIRECTION('',(0.612372435695794,0.707106781186548,0.353553390593274));
#4945=DIRECTION('',(-0.612372435695794,0.707106781186548,-0.353553390593274));
#4946=DIRECTION('',(0.612372435695794,0.707106781186548,0.353553390593274));
#4947=DIRECTION('',(0.612372435695794,-0.707106781186548,0.353553390593274));
#4948=DIRECTION('',(0.454519477672044,0.707106781186548,0.541675220419702));
#4949=DIRECTION('',(-0.454519477672044,0.707106781186548,-0.541675220419702));
#4950=DIRECTION('',(-0.766044443118978,-3.93593894367099E-17,0.642787609686539));
#4951=DIRECTION('',(0.454519477672044,0.707106781186548,0.541675220419702));
#4952=DIRECTION('',(0.454519477672044,-0.707106781186548,0.541675220419702));
#4953=DIRECTION('',(0.816058467523754,-0.0868265938642475,-0.571410290579996));
#4954=DIRECTION('',(-0.353553390593274,0.707106781186548,-0.612372435695795));
#4955=DIRECTION('',(-0.866025403784439,-3.06161699786838E-17,0.5));
#4956=DIRECTION('',(-0.353553390593274,0.707106781186548,-0.612372435695795));
#4957=DIRECTION('',(-0.353553390593274,-0.707106781186548,-0.612372435695795));
#4958=DIRECTION('',(-0.866025403784439,-3.06161699786838E-17,0.5));
#4959=DIRECTION('',(-0.454519477672044,0.707106781186548,-0.541675220419702));
#4960=DIRECTION('',(-0.766044443118978,-3.93593894367099E-17,0.642787609686539));
#4961=DIRECTION('',(-0.454519477672044,0.707106781186548,-0.541675220419702));
#4962=DIRECTION('',(-0.454519477672044,-0.707106781186548,-0.541675220419702));
#4963=DIRECTION('',(0.353553390593274,0.707106781186548,0.612372435695795));
#4964=DIRECTION('',(-0.353553390593274,0.707106781186548,-0.612372435695795));
#4965=DIRECTION('',(0.353553390593274,0.707106781186548,0.612372435695795));
#4966=DIRECTION('',(0.353553390593274,-0.707106781186548,0.612372435695795));
#4967=DIRECTION('',(0.664463024388675,0.707106781186548,-0.241844762647975));
#4968=DIRECTION('',(-0.664463024388675,0.707106781186548,0.241844762647975));
#4969=DIRECTION('',(0.342020143325669,-5.75395780113925E-17,0.939692620785908));
#4970=DIRECTION('',(0.664463024388675,0.707106781186548,-0.241844762647975));
#4971=DIRECTION('',(0.664463024388675,-0.707106781186548,-0.241844762647975));
#4972=DIRECTION('',(-0.257841599474554,-0.0868265938642479,-0.962277949543861));
#4973=DIRECTION('',(-0.612372435695795,0.707106781186548,0.353553390593274));
#4974=DIRECTION('',(0.5,-5.30287619362453E-17,0.866025403784439));
#4975=DIRECTION('',(-0.571410290579996,-0.0868265938642475,-0.816058467523754));
#4976=DIRECTION('',(-0.612372435695795,0.707106781186548,0.353553390593274));
#4977=DIRECTION('',(-0.612372435695795,-0.707106781186548,0.353553390593274));
#4978=DIRECTION('',(0.5,-5.30287619362453E-17,0.866025403784439));
#4979=DIRECTION('',(-0.664463024388675,0.707106781186548,0.241844762647975));
#4980=DIRECTION('',(0.342020143325669,-5.75395780113925E-17,0.939692620785908));
#4981=DIRECTION('',(-0.421022218558971,-0.0868265938642475,-0.902885061388001));
#4982=DIRECTION('',(-0.664463024388675,0.707106781186548,0.241844762647975));
#4983=DIRECTION('',(-0.664463024388675,-0.707106781186548,0.241844762647975));
#4984=DIRECTION('',(0.612372435695795,0.707106781186548,-0.353553390593274));
#4985=DIRECTION('',(-0.612372435695795,0.707106781186548,0.353553390593274));
#4986=DIRECTION('',(0.612372435695795,0.707106781186548,-0.353553390593274));
#4987=DIRECTION('',(0.612372435695795,-0.707106781186548,-0.353553390593274));
#4988=DIRECTION('',(0.454519477672044,0.707106781186548,-0.541675220419702));
#4989=DIRECTION('',(-0.454519477672044,0.707106781186548,0.541675220419702));
#4990=DIRECTION('',(0.766044443118978,-3.93593894367099E-17,0.64278760968654));
#4991=DIRECTION('',(0.454519477672044,0.707106781186548,-0.541675220419702));
#4992=DIRECTION('',(0.454519477672044,-0.707106781186548,-0.541675220419702));
#4993=DIRECTION('',(-0.704436350069306,-0.0868265938642474,-0.704436350069307));
#4994=DIRECTION('',(-0.454519477672044,0.707106781186548,0.541675220419702));
#4995=DIRECTION('',(0.766044443118978,-3.93593894367099E-17,0.64278760968654));
#4996=DIRECTION('',(-0.454519477672044,0.707106781186548,0.541675220419702));
#4997=DIRECTION('',(-0.454519477672044,-0.707106781186548,0.541675220419702));
#4998=DIRECTION('',(-0.541675220419702,0.707106781186548,0.454519477672044));
#4999=DIRECTION('',(0.642787609686539,-4.69066937635137E-17,0.766044443118978));
#5000=DIRECTION('',(-0.541675220419702,0.707106781186548,0.454519477672044));
#5001=DIRECTION('',(-0.541675220419702,-0.707106781186548,0.454519477672044));
#5002=DIRECTION('',(0.642787609686539,-4.69066937635137E-17,0.766044443118978));
#5003=DIRECTION('',(0.541675220419702,0.707106781186548,-0.454519477672044));
#5004=DIRECTION('',(-0.541675220419702,0.707106781186548,0.454519477672044));
#5005=DIRECTION('',(0.541675220419702,0.707106781186548,-0.454519477672044));
#5006=DIRECTION('',(0.541675220419702,-0.707106781186548,-0.454519477672044));
#5007=DIRECTION('',(0.707106781186548,0.707106781186548,1.73191211247098E-16));
#5008=DIRECTION('',(-0.707106781186548,0.707106781186548,-8.65956056235493E-17));
#5009=DIRECTION('',(-1.83697019872103E-16,-6.12323399573677E-17,1.));
#5010=DIRECTION('',(0.707106781186548,0.707106781186548,1.73191211247098E-16));
#5011=DIRECTION('',(0.707106781186548,-0.707106781186548,1.73191211247098E-16));
#5012=DIRECTION('',(0.0868265938642477,-0.0868265938642474,-0.992432509138967));
#5013=DIRECTION('',(-0.707106781186548,0.707106781186548,-8.65956056235493E-17));
#5014=DIRECTION('',(-1.83697019872103E-16,-6.12323399573677E-17,1.));
#5015=DIRECTION('',(-0.0868265938642473,-0.0868265938642474,-0.992432509138967));
#5016=DIRECTION('',(-0.707106781186548,0.707106781186548,-8.65956056235493E-17));
#5017=DIRECTION('',(-0.707106781186548,-0.707106781186548,-8.65956056235493E-17));
#5018=DIRECTION('',(0.696364240320019,0.707106781186548,-0.122787803968973));
#5019=DIRECTION('',(-0.696364240320019,0.707106781186548,0.122787803968973));
#5020=DIRECTION('',(0.17364817766693,-6.03020831250949E-17,0.984807753012208));
#5021=DIRECTION('',(0.696364240320019,0.707106781186548,-0.122787803968973));
#5022=DIRECTION('',(0.696364240320019,-0.707106781186548,-0.122787803968972));
#5023=DIRECTION('',(0.696364240320019,0.707106781186548,0.122787803968973));
#5024=DIRECTION('',(-0.696364240320019,0.707106781186548,-0.122787803968973));
#5025=DIRECTION('',(-0.17364817766693,-6.03020831250949E-17,0.984807753012208));
#5026=DIRECTION('',(0.696364240320019,0.707106781186548,0.122787803968973));
#5027=DIRECTION('',(0.696364240320019,-0.707106781186548,0.122787803968973));
#5028=DIRECTION('',(0.257841599474554,-0.0868265938642474,-0.962277949543861));
#5029=DIRECTION('',(-0.664463024388675,0.707106781186548,-0.241844762647975));
#5030=DIRECTION('',(-0.342020143325668,-5.75395780113925E-17,0.939692620785909));
#5031=DIRECTION('',(-0.664463024388675,0.707106781186548,-0.241844762647975));
#5032=DIRECTION('',(-0.664463024388675,-0.707106781186548,-0.241844762647975));
#5033=DIRECTION('',(-0.342020143325668,-5.75395780113925E-17,0.939692620785909));
#5034=DIRECTION('',(-0.696364240320019,0.707106781186548,-0.122787803968973));
#5035=DIRECTION('',(-0.17364817766693,-6.03020831250949E-17,0.984807753012208));
#5036=DIRECTION('',(-0.696364240320019,0.707106781186548,-0.122787803968973));
#5037=DIRECTION('',(-0.696364240320019,-0.707106781186548,-0.122787803968973));
#5038=DIRECTION('',(-0.696364240320019,0.707106781186548,0.122787803968973));
#5039=DIRECTION('',(0.17364817766693,-6.03020831250949E-17,0.984807753012208));
#5040=DIRECTION('',(-0.696364240320019,0.707106781186548,0.122787803968973));
#5041=DIRECTION('',(-0.696364240320019,-0.707106781186548,0.122787803968973));
#5042=DIRECTION('',(0.664463024388675,0.707106781186548,0.241844762647975));
#5043=DIRECTION('',(-0.664463024388675,0.707106781186548,-0.241844762647975));
#5044=DIRECTION('',(0.664463024388675,0.707106781186548,0.241844762647975));
#5045=DIRECTION('',(0.664463024388675,-0.707106781186548,0.241844762647975));
#5046=DIRECTION('',(-0.353553390593274,0.707106781186548,0.612372435695795));
#5047=DIRECTION('',(0.353553390593274,0.707106781186548,-0.612372435695795));
#5048=DIRECTION('',(-0.866025403784439,3.06161699786838E-17,-0.5));
#5049=DIRECTION('',(-0.353553390593274,0.707106781186548,0.612372435695795));
#5050=DIRECTION('',(-0.353553390593274,-0.707106781186548,0.612372435695795));
#5051=DIRECTION('',(0.816058467523754,-0.0868265938642477,0.571410290579996));
#5052=DIRECTION('',(0.353553390593274,0.707106781186548,-0.612372435695795));
#5053=DIRECTION('',(-0.866025403784439,3.06161699786838E-17,-0.5));
#5054=DIRECTION('',(0.902885061388001,-0.0868265938642474,0.421022218558971));
#5055=DIRECTION('',(0.353553390593274,0.707106781186548,-0.612372435695795));
#5056=DIRECTION('',(0.353553390593274,-0.707106781186548,-0.612372435695795));
#5057=DIRECTION('',(-0.241844762647975,0.707106781186548,0.664463024388675));
#5058=DIRECTION('',(0.241844762647975,0.707106781186548,-0.664463024388675));
#5059=DIRECTION('',(-0.939692620785908,2.09426936883849E-17,-0.342020143325669));
#5060=DIRECTION('',(-0.241844762647975,0.707106781186548,0.664463024388675));
#5061=DIRECTION('',(-0.241844762647975,-0.707106781186548,0.664463024388675));
#5062=DIRECTION('',(-0.353553390593274,0.707106781186548,-0.612372435695795));
#5063=DIRECTION('',(0.353553390593274,0.707106781186548,0.612372435695795));
#5064=DIRECTION('',(0.866025403784439,3.06161699786838E-17,-0.5));
#5065=DIRECTION('',(-0.353553390593274,0.707106781186548,-0.612372435695795));
#5066=DIRECTION('',(-0.353553390593274,-0.707106781186548,-0.612372435695795));
#5067=DIRECTION('',(-0.902885061388001,-0.0868265938642476,0.421022218558971));
#5068=DIRECTION('',(0.353553390593274,0.707106781186548,0.612372435695795));
#5069=DIRECTION('',(0.866025403784439,3.06161699786838E-17,-0.5));
#5070=DIRECTION('',(-0.816058467523754,-0.0868265938642476,0.571410290579996));
#5071=DIRECTION('',(0.353553390593274,0.707106781186548,0.612372435695795));
#5072=DIRECTION('',(0.353553390593274,-0.707106781186548,0.612372435695795));
#5073=DIRECTION('',(-0.454519477672044,0.707106781186548,-0.541675220419702));
#5074=DIRECTION('',(0.454519477672044,0.707106781186548,0.541675220419702));
#5075=DIRECTION('',(-0.454519477672044,0.707106781186548,-0.541675220419702));
#5076=DIRECTION('',(-0.454519477672044,-0.707106781186548,-0.541675220419702));
#5077=DIRECTION('',(-0.241844762647975,0.707106781186548,-0.664463024388675));
#5078=DIRECTION('',(0.241844762647975,0.707106781186548,0.664463024388675));
#5079=DIRECTION('',(0.939692620785908,2.09426936883849E-17,-0.342020143325668));
#5080=DIRECTION('',(-0.241844762647975,0.707106781186548,-0.664463024388675));
#5081=DIRECTION('',(-0.241844762647975,-0.707106781186548,-0.664463024388675));
#5082=DIRECTION('',(-0.962277949543861,-0.0868265938642476,0.257841599474554));
#5083=DIRECTION('',(0.122787803968973,0.707106781186548,0.696364240320019));
#5084=DIRECTION('',(0.984807753012208,1.06328842478789E-17,-0.17364817766693));
#5085=DIRECTION('',(0.122787803968973,0.707106781186548,0.696364240320019));
#5086=DIRECTION('',(0.122787803968973,-0.707106781186548,0.696364240320019));
#5087=DIRECTION('',(0.984807753012208,1.06328842478789E-17,-0.17364817766693));
#5088=DIRECTION('',(0.241844762647975,0.707106781186548,0.664463024388675));
#5089=DIRECTION('',(0.939692620785908,2.09426936883849E-17,-0.342020143325668));
#5090=DIRECTION('',(0.241844762647975,0.707106781186548,0.664463024388675));
#5091=DIRECTION('',(0.241844762647975,-0.707106781186548,0.664463024388675));
#5092=DIRECTION('',(0.241844762647975,0.707106781186548,-0.664463024388675));
#5093=DIRECTION('',(-0.939692620785908,2.09426936883849E-17,-0.342020143325669));
#5094=DIRECTION('',(0.241844762647975,0.707106781186548,-0.664463024388675));
#5095=DIRECTION('',(0.241844762647975,-0.707106781186548,-0.664463024388675));
#5096=DIRECTION('',(-0.122787803968973,0.707106781186548,-0.696364240320019));
#5097=DIRECTION('',(0.122787803968973,0.707106781186548,0.696364240320019));
#5098=DIRECTION('',(-0.122787803968973,0.707106781186548,-0.696364240320019));
#5099=DIRECTION('',(-0.122787803968973,-0.707106781186548,-0.696364240320019));
#5100=DIRECTION('',(-0.122787803968973,0.707106781186548,0.696364240320019));
#5101=DIRECTION('',(0.984807753012208,-1.06328842478789E-17,0.17364817766693));
#5102=DIRECTION('',(-0.122787803968973,0.707106781186548,0.696364240320019));
#5103=DIRECTION('',(-0.122787803968973,-0.707106781186548,0.696364240320019));
#5104=DIRECTION('',(0.,1.,0.));
#5105=DIRECTION('',(0.,0.,1.));
#5106=DIRECTION('',(0.,1.,0.));
#5107=DIRECTION('',(0.,0.,1.));
#5108=DIRECTION('',(0.,1.,0.));
#5109=DIRECTION('',(-6.12323399573677E-17,0.,1.));
#5110=DIRECTION('',(0.,-1.,0.));
#5111=DIRECTION('',(0.,0.,-1.));
#5112=DIRECTION('',(0.,-1.,6.12323399573677E-17));
#5113=DIRECTION('',(0.,-6.12323399573677E-17,-1.));
#5114=DIRECTION('',(0.,-1.,6.12323399573677E-17));
#5115=DIRECTION('',(1.,0.,0.));
#5116=DIRECTION('',(-1.,0.,0.));
#5117=DIRECTION('',(1.,-7.49879891330929E-33,-1.22464679914735E-16));
#5118=DIRECTION('',(0.,6.12323399573677E-17,1.));
#5119=DIRECTION('',(0.,-1.,6.12323399573677E-17));
#5120=DIRECTION('',(-1.,0.,0.));
#5121=DIRECTION('',(-1.22464679914735E-16,-6.12323399573677E-17,-1.));
#5122=DIRECTION('',(0.,-1.,6.12323399573677E-17));
#5123=DIRECTION('',(1.,0.,-1.22464679914735E-16));
#5124=DIRECTION('',(0.,1.,0.));
#5125=DIRECTION('',(0.,0.,1.));
#5126=DIRECTION('',(0.,1.,0.));
#5127=DIRECTION('',(0.,0.,1.));
#5128=DIRECTION('',(0.696364240320019,0.707106781186548,0.122787803968973));
#5129=DIRECTION('',(0.17364817766693,6.03020831250949E-17,-0.984807753012208));
#5130=DIRECTION('',(0.71249829320867,-0.701673843159863,6.62806405240065E-19));
#5131=DIRECTION('',(-0.696364240320019,0.707106781186548,-0.122787803968973));
#5132=DIRECTION('',(-0.17364817766693,-6.03020831250949E-17,0.984807753012208));
#5133=DIRECTION('',(0.696364240320019,0.707106781186548,0.122787803968973));
#5134=DIRECTION('',(0.,1.,6.12323399573677E-17));
#5135=DIRECTION('',(-0.707106781186548,0.707106781186548,-1.23259516440783E-32));
#5136=DIRECTION('',(0.707106781186548,0.707106781186548,8.65956056235493E-17));
#5137=DIRECTION('',(-0.707106781186548,-0.707106781186548,-8.65956056235493E-17));
#5138=DIRECTION('',(-0.701673843159863,-0.701673843159863,-0.123724030206484));
#5139=DIRECTION('',(-6.12323399573677E-17,-6.12323399573677E-17,1.));
#5140=DIRECTION('',(0.707106781186548,0.707106781186548,8.65956056235493E-17));
#5141=DIRECTION('',(-6.12323399573677E-17,-6.12323399573677E-17,1.));
#5142=DIRECTION('',(0.707106781186548,0.707106781186548,8.65956056235493E-17));
#5143=DIRECTION('',(-0.71249829320867,-0.701673843159863,-8.52875187497949E-17));
#5144=DIRECTION('',(-0.707106781186548,0.707106781186548,-1.23259516440783E-32));
#5145=DIRECTION('',(-0.707106781186548,-0.707106781186548,-8.65956056235493E-17));
#5146=DIRECTION('',(-0.707106781186548,0.707106781186548,-1.23259516440783E-32));
#5147=DIRECTION('',(0.707106781186548,0.707106781186548,8.65956056235493E-17));
#5148=DIRECTION('',(-0.707106781186548,0.707106781186548,-1.23259516440783E-32));
#5149=DIRECTION('',(-0.707106781186548,-0.707106781186548,-1.23259516440783E-32));
#5150=DIRECTION('',(-0.0868265938642477,-0.0868265938642477,0.992432509138967));
#5151=DIRECTION('',(6.12323399573677E-17,6.12323399573677E-17,-1.));
#5152=DIRECTION('',(0.5,-5.30287619362454E-17,0.866025403784439));
#5153=DIRECTION('',(0.612372435695795,0.707106781186548,-0.353553390593274));
#5154=DIRECTION('',(-0.617041622071762,-0.701673843159864,0.356249146604335));
#5155=DIRECTION('',(-0.612372435695795,0.707106781186548,0.353553390593274));
#5156=DIRECTION('',(-0.612372435695795,-0.707106781186548,0.353553390593274));
#5157=DIRECTION('',(0.617041622071762,-0.701673843159863,-0.356249146604335));
#5158=DIRECTION('',(0.612372435695795,0.707106781186548,-0.353553390593274));
#5159=DIRECTION('',(-0.5,5.30287619362454E-17,-0.866025403784439));
#5160=DIRECTION('',(0.612372435695795,0.707106781186548,-0.353553390593274));
#5161=DIRECTION('',(0.612372435695795,-0.707106781186548,-0.353553390593274));
#5162=DIRECTION('',(-0.5,5.30287619362454E-17,-0.866025403784439));
#5163=DIRECTION('',(0.571410290579996,-0.0868265938642478,0.816058467523754));
#5164=DIRECTION('',(0.696364240320019,0.707106781186548,-0.122787803968973));
#5165=DIRECTION('',(-0.17364817766693,6.03020831250949E-17,-0.984807753012208));
#5166=DIRECTION('',(0.696364240320019,0.707106781186548,-0.122787803968973));
#5167=DIRECTION('',(0.696364240320019,-0.707106781186548,-0.122787803968973));
#5168=DIRECTION('',(-0.17364817766693,6.03020831250949E-17,-0.984807753012208));
#5169=DIRECTION('',(-0.696364240320019,0.707106781186548,0.122787803968973));
#5170=DIRECTION('',(0.257841599474554,-0.0868265938642477,0.962277949543861));
#5171=DIRECTION('',(0.17364817766693,-6.03020831250949E-17,0.984807753012208));
#5172=DIRECTION('',(0.696364240320019,0.707106781186548,-0.122787803968973));
#5173=DIRECTION('',(-0.701673843159863,-0.701673843159863,0.123724030206484));
#5174=DIRECTION('',(-0.696364240320019,-0.707106781186548,0.122787803968973));
#5175=DIRECTION('',(0.701673843159863,-0.701673843159863,-0.123724030206484));
#5176=DIRECTION('',(0.707106781186548,0.707106781186548,8.65956056235493E-17));
#5177=DIRECTION('',(6.12323399573677E-17,6.12323399573677E-17,-1.));
#5178=DIRECTION('',(0.707106781186548,0.707106781186548,8.65956056235493E-17));
#5179=DIRECTION('',(0.707106781186548,-0.707106781186548,8.65956056235494E-17));
#5180=DIRECTION('',(0.0868265938642476,-0.0868265938642477,0.992432509138967));
#5181=DIRECTION('',(-0.696364240320019,0.707106781186548,0.122787803968973));
#5182=DIRECTION('',(0.696364240320019,0.707106781186548,-0.122787803968973));
#5183=DIRECTION('',(-0.696364240320019,0.707106781186548,0.122787803968973));
#5184=DIRECTION('',(-0.696364240320019,-0.707106781186548,0.122787803968973));
#5185=DIRECTION('',(0.707106781186548,0.707106781186548,8.65956056235493E-17));
#5186=DIRECTION('',(6.12323399573677E-17,6.12323399573677E-17,-1.));
#5187=DIRECTION('',(-0.707106781186548,0.707106781186548,-1.23259516440783E-32));
#5188=DIRECTION('',(-6.12323399573677E-17,-6.12323399573677E-17,1.));
#5189=DIRECTION('',(0.707106781186548,0.707106781186548,8.65956056235493E-17));
#5190=DIRECTION('',(0.,1.,6.12323399573677E-17));
#5191=DIRECTION('',(-0.696364240320019,0.707106781186548,0.122787803968973));
#5192=DIRECTION('',(0.696364240320019,0.707106781186548,-0.122787803968973));
#5193=DIRECTION('',(-0.696364240320019,-0.707106781186548,0.122787803968973));
#5194=DIRECTION('',(0.17364817766693,-6.03020831250949E-17,0.984807753012208));
#5195=DIRECTION('',(0.696364240320019,0.707106781186548,-0.122787803968973));
#5196=DIRECTION('',(0.5,-5.30287619362454E-17,0.866025403784439));
#5197=DIRECTION('',(0.612372435695795,0.707106781186548,-0.353553390593274));
#5198=DIRECTION('',(2.05490260680443E-32,1.,6.12323399573676E-17));
#5199=DIRECTION('',(-0.612372435695795,-0.707106781186548,0.353553390593274));
#5200=DIRECTION('',(-0.612372435695795,0.707106781186548,0.353553390593274));
#5201=DIRECTION('',(0.612372435695795,0.707106781186548,-0.353553390593274));
#5202=DIRECTION('',(-0.669529388450741,-0.701673843159863,0.243688768362524));
#5203=DIRECTION('',(0.342020143325668,-5.75395780113925E-17,0.939692620785908));
#5204=DIRECTION('',(0.664463024388675,0.707106781186548,-0.241844762647975));
#5205=DIRECTION('',(-0.664463024388675,0.707106781186548,0.241844762647975));
#5206=DIRECTION('',(0.664463024388675,0.707106781186548,-0.241844762647975));
#5207=DIRECTION('',(-0.342020143325668,5.75395780113925E-17,-0.939692620785908));
#5208=DIRECTION('',(-0.612372435695795,0.707106781186548,0.353553390593274));
#5209=DIRECTION('',(0.612372435695795,0.707106781186548,-0.353553390593274));
#5210=DIRECTION('',(-0.612372435695795,0.707106781186548,0.353553390593274));
#5211=DIRECTION('',(-0.612372435695795,-0.707106781186548,0.353553390593274));
#5212=DIRECTION('',(0.421022218558971,-0.0868265938642476,0.902885061388002));
#5213=DIRECTION('',(0.664463024388675,0.707106781186548,-0.241844762647975));
#5214=DIRECTION('',(-0.342020143325668,5.75395780113925E-17,-0.939692620785908));
#5215=DIRECTION('',(0.664463024388675,0.707106781186548,-0.241844762647975));
#5216=DIRECTION('',(0.664463024388675,-0.707106781186548,-0.241844762647975));
#5217=DIRECTION('',(-0.342020143325668,5.75395780113925E-17,-0.939692620785908));
#5218=DIRECTION('',(-0.664463024388675,0.707106781186548,0.241844762647975));
#5219=DIRECTION('',(-0.664463024388675,0.707106781186548,0.241844762647975));
#5220=DIRECTION('',(0.664463024388675,0.707106781186548,-0.241844762647975));
#5221=DIRECTION('',(-0.664463024388675,0.707106781186548,0.241844762647975));
#5222=DIRECTION('',(-0.664463024388675,-0.707106781186548,0.241844762647975));
#5223=DIRECTION('',(-0.664463024388675,-0.707106781186548,0.241844762647975));
#5224=DIRECTION('',(0.342020143325668,-5.75395780113925E-17,0.939692620785908));
#5225=DIRECTION('',(0.664463024388675,0.707106781186548,-0.241844762647975));
#5226=DIRECTION('',(0.669529388450742,-0.701673843159863,-0.243688768362524));
#5227=DIRECTION('',(0.342020143325668,-5.75395780113925E-17,0.939692620785908));
#5228=DIRECTION('',(0.664463024388675,0.707106781186548,-0.241844762647975));
#5229=DIRECTION('',(3.08148791101957E-33,1.,6.12323399573677E-17));
#5230=DIRECTION('',(-0.664463024388675,-0.707106781186548,0.241844762647975));
#5231=DIRECTION('',(-0.664463024388675,0.707106781186548,0.241844762647975));
#5232=DIRECTION('',(0.664463024388675,0.707106781186548,-0.241844762647975));
#5233=DIRECTION('',(0.17364817766693,-6.03020831250949E-17,0.984807753012208));
#5234=DIRECTION('',(0.696364240320019,0.707106781186548,-0.122787803968973));
#5235=DIRECTION('',(-0.696364240320019,0.707106781186548,0.122787803968973));
#5236=DIRECTION('',(0.696364240320019,0.707106781186548,-0.122787803968973));
#5237=DIRECTION('',(-0.17364817766693,6.03020831250949E-17,-0.984807753012208));
#5238=DIRECTION('',(0.766044443118978,-3.93593894367099E-17,0.64278760968654));
#5239=DIRECTION('',(0.454519477672044,0.707106781186548,-0.541675220419702));
#5240=DIRECTION('',(4.60968789865542E-33,1.,6.12323399573677E-17));
#5241=DIRECTION('',(-0.454519477672044,-0.707106781186548,0.541675220419702));
#5242=DIRECTION('',(-0.454519477672044,0.707106781186548,0.541675220419702));
#5243=DIRECTION('',(0.454519477672044,0.707106781186548,-0.541675220419702));
#5244=DIRECTION('',(-0.545805358244258,-0.701673843159864,0.45798507479734));
#5245=DIRECTION('',(0.64278760968654,-4.69066937635137E-17,0.766044443118978));
#5246=DIRECTION('',(0.541675220419702,0.707106781186548,-0.454519477672044));
#5247=DIRECTION('',(-0.541675220419702,0.707106781186548,0.454519477672044));
#5248=DIRECTION('',(0.541675220419702,0.707106781186548,-0.454519477672044));
#5249=DIRECTION('',(-0.64278760968654,4.69066937635137E-17,-0.766044443118978));
#5250=DIRECTION('',(0.45798507479734,-0.701673843159863,-0.545805358244258));
#5251=DIRECTION('',(-0.454519477672044,0.707106781186548,0.541675220419702));
#5252=DIRECTION('',(0.454519477672044,0.707106781186548,-0.541675220419702));
#5253=DIRECTION('',(-0.766044443118978,3.93593894367099E-17,-0.64278760968654));
#5254=DIRECTION('',(-0.454519477672044,0.707106781186548,0.541675220419702));
#5255=DIRECTION('',(-0.454519477672044,-0.707106781186548,0.541675220419702));
#5256=DIRECTION('',(0.704436350069307,-0.0868265938642476,0.704436350069307));
#5257=DIRECTION('',(-0.454519477672044,-0.707106781186548,0.541675220419702));
#5258=DIRECTION('',(0.541675220419702,0.707106781186548,-0.454519477672044));
#5259=DIRECTION('',(-0.64278760968654,4.69066937635137E-17,-0.766044443118978));
#5260=DIRECTION('',(0.541675220419702,0.707106781186548,-0.454519477672044));
#5261=DIRECTION('',(0.541675220419702,-0.707106781186548,-0.454519477672044));
#5262=DIRECTION('',(-0.64278760968654,4.69066937635137E-17,-0.766044443118978));
#5263=DIRECTION('',(-0.541675220419702,0.707106781186548,0.454519477672044));
#5264=DIRECTION('',(0.64278760968654,-4.69066937635137E-17,0.766044443118978));
#5265=DIRECTION('',(0.541675220419702,0.707106781186548,-0.454519477672044));
#5266=DIRECTION('',(-0.541675220419702,-0.707106781186548,0.454519477672044));
#5267=DIRECTION('',(0.545805358244258,-0.701673843159863,-0.45798507479734));
#5268=DIRECTION('',(0.766044443118978,-3.93593894367099E-17,0.64278760968654));
#5269=DIRECTION('',(0.454519477672044,0.707106781186548,-0.541675220419702));
#5270=DIRECTION('',(0.454519477672044,0.707106781186548,-0.541675220419702));
#5271=DIRECTION('',(-0.766044443118978,3.93593894367099E-17,-0.64278760968654));
#5272=DIRECTION('',(0.454519477672044,0.707106781186548,-0.541675220419702));
#5273=DIRECTION('',(0.454519477672044,-0.707106781186548,-0.541675220419702));
#5274=DIRECTION('',(-0.541675220419702,0.707106781186548,0.454519477672044));
#5275=DIRECTION('',(0.541675220419702,0.707106781186548,-0.454519477672044));
#5276=DIRECTION('',(-0.541675220419702,0.707106781186548,0.454519477672044));
#5277=DIRECTION('',(-0.541675220419702,-0.707106781186548,0.454519477672044));
#5278=DIRECTION('',(0.612372435695795,0.707106781186548,-0.353553390593274));
#5279=DIRECTION('',(-0.5,5.30287619362454E-17,-0.866025403784439));
#5280=DIRECTION('',(-0.612372435695795,0.707106781186548,0.353553390593274));
#5281=DIRECTION('',(0.5,-5.30287619362454E-17,0.866025403784439));
#5282=DIRECTION('',(0.612372435695795,0.707106781186548,-0.353553390593274));
#5283=DIRECTION('',(1.33091862196076E-32,1.,6.12323399573677E-17));
#5284=DIRECTION('',(0.64278760968654,-4.69066937635137E-17,0.766044443118978));
#5285=DIRECTION('',(0.541675220419702,0.707106781186548,-0.454519477672044));
#5286=DIRECTION('',(-0.541675220419702,-0.707106781186548,0.454519477672044));
#5287=DIRECTION('',(-0.541675220419702,0.707106781186548,0.454519477672044));
#5288=DIRECTION('',(0.541675220419702,0.707106781186548,-0.454519477672044));
#5289=DIRECTION('',(-0.541675220419702,0.707106781186548,-0.454519477672044));
#5290=DIRECTION('',(0.541675220419702,0.707106781186548,0.454519477672044));
#5291=DIRECTION('',(-0.541675220419702,-0.707106781186548,-0.454519477672044));
#5292=DIRECTION('',(-0.642787609686539,-4.69066937635137E-17,0.766044443118978));
#5293=DIRECTION('',(0.541675220419702,0.707106781186548,0.454519477672044));
#5294=DIRECTION('',(-1.92972241926045E-32,1.,6.12323399573677E-17));
#5295=DIRECTION('',(-0.766044443118978,-3.93593894367099E-17,0.642787609686539));
#5296=DIRECTION('',(0.454519477672044,0.707106781186548,0.541675220419702));
#5297=DIRECTION('',(-0.454519477672044,0.707106781186548,-0.541675220419702));
#5298=DIRECTION('',(0.454519477672044,0.707106781186548,0.541675220419702));
#5299=DIRECTION('',(0.766044443118978,3.93593894367099E-17,-0.642787609686539));
#5300=DIRECTION('',(0.545805358244258,-0.701673843159863,0.45798507479734));
#5301=DIRECTION('',(-0.541675220419702,0.707106781186548,-0.454519477672044));
#5302=DIRECTION('',(0.541675220419702,0.707106781186548,0.454519477672044));
#5303=DIRECTION('',(-0.541675220419702,0.707106781186548,-0.454519477672044));
#5304=DIRECTION('',(-0.541675220419702,-0.707106781186548,-0.454519477672044));
#5305=DIRECTION('',(-0.541675220419702,-0.707106781186548,-0.454519477672044));
#5306=DIRECTION('',(0.642787609686539,4.69066937635137E-17,-0.766044443118978));
#5307=DIRECTION('',(0.612372435695795,0.707106781186548,0.353553390593274));
#5308=DIRECTION('',(0.5,5.30287619362453E-17,-0.866025403784439));
#5309=DIRECTION('',(0.612372435695795,0.707106781186548,0.353553390593274));
#5310=DIRECTION('',(0.612372435695795,-0.707106781186548,0.353553390593274));
#5311=DIRECTION('',(0.5,5.30287619362453E-17,-0.866025403784439));
#5312=DIRECTION('',(-0.612372435695795,0.707106781186548,-0.353553390593274));
#5313=DIRECTION('',(-0.421022218558971,-0.0868265938642476,0.902885061388001));
#5314=DIRECTION('',(-0.5,-5.30287619362453E-17,0.866025403784439));
#5315=DIRECTION('',(0.612372435695795,0.707106781186548,0.353553390593274));
#5316=DIRECTION('',(-0.617041622071762,-0.701673843159863,-0.356249146604335));
#5317=DIRECTION('',(-0.612372435695795,-0.707106781186548,-0.353553390593274));
#5318=DIRECTION('',(0.617041622071762,-0.701673843159863,0.356249146604335));
#5319=DIRECTION('',(-0.642787609686539,-4.69066937635137E-17,0.766044443118978));
#5320=DIRECTION('',(0.541675220419702,0.707106781186548,0.454519477672044));
#5321=DIRECTION('',(-0.545805358244258,-0.701673843159863,-0.45798507479734));
#5322=DIRECTION('',(-0.541675220419702,0.707106781186548,-0.454519477672044));
#5323=DIRECTION('',(0.541675220419702,0.707106781186548,0.454519477672044));
#5324=DIRECTION('',(0.642787609686539,4.69066937635137E-17,-0.766044443118978));
#5325=DIRECTION('',(0.541675220419702,0.707106781186548,0.454519477672044));
#5326=DIRECTION('',(0.541675220419702,-0.707106781186548,0.454519477672044));
#5327=DIRECTION('',(-0.571410290579996,-0.0868265938642476,0.816058467523754));
#5328=DIRECTION('',(-0.612372435695795,0.707106781186548,-0.353553390593274));
#5329=DIRECTION('',(0.612372435695795,0.707106781186548,0.353553390593274));
#5330=DIRECTION('',(-0.612372435695795,0.707106781186548,-0.353553390593274));
#5331=DIRECTION('',(-0.612372435695795,-0.707106781186548,-0.353553390593274));
#5332=DIRECTION('',(0.541675220419702,0.707106781186548,0.454519477672044));
#5333=DIRECTION('',(0.642787609686539,4.69066937635137E-17,-0.766044443118978));
#5334=DIRECTION('',(-0.541675220419702,0.707106781186548,-0.454519477672044));
#5335=DIRECTION('',(-0.642787609686539,-4.69066937635137E-17,0.766044443118978));
#5336=DIRECTION('',(0.541675220419702,0.707106781186548,0.454519477672044));
#5337=DIRECTION('',(5.70331999798307E-33,1.,6.12323399573677E-17));
#5338=DIRECTION('',(-0.612372435695795,0.707106781186548,-0.353553390593274));
#5339=DIRECTION('',(0.612372435695795,0.707106781186548,0.353553390593274));
#5340=DIRECTION('',(-0.612372435695795,-0.707106781186548,-0.353553390593274));
#5341=DIRECTION('',(-0.5,-5.30287619362453E-17,0.866025403784439));
#5342=DIRECTION('',(0.612372435695795,0.707106781186548,0.353553390593274));
#5343=DIRECTION('',(-0.17364817766693,-6.03020831250949E-17,0.984807753012208));
#5344=DIRECTION('',(0.696364240320019,0.707106781186548,0.122787803968973));
#5345=DIRECTION('',(-6.94883972744982E-32,1.,6.12323399573677E-17));
#5346=DIRECTION('',(-0.696364240320019,-0.707106781186548,-0.122787803968973));
#5347=DIRECTION('',(-0.696364240320019,0.707106781186548,-0.122787803968973));
#5348=DIRECTION('',(0.696364240320019,0.707106781186548,0.122787803968973));
#5349=DIRECTION('',(-0.669529388450741,-0.701673843159863,-0.243688768362524));
#5350=DIRECTION('',(-0.342020143325669,-5.75395780113925E-17,0.939692620785908));
#5351=DIRECTION('',(0.664463024388675,0.707106781186548,0.241844762647975));
#5352=DIRECTION('',(-0.664463024388675,0.707106781186548,-0.241844762647975));
#5353=DIRECTION('',(0.664463024388675,0.707106781186548,0.241844762647975));
#5354=DIRECTION('',(0.342020143325669,5.75395780113925E-17,-0.939692620785908));
#5355=DIRECTION('',(0.701673843159863,-0.701673843159863,0.123724030206484));
#5356=DIRECTION('',(-0.696364240320019,0.707106781186548,-0.122787803968973));
#5357=DIRECTION('',(0.696364240320019,0.707106781186548,0.122787803968973));
#5358=DIRECTION('',(-0.696364240320019,0.707106781186548,-0.122787803968973));
#5359=DIRECTION('',(-0.696364240320019,-0.707106781186548,-0.122787803968973));
#5360=DIRECTION('',(-0.257841599474554,-0.0868265938642477,0.962277949543861));
#5361=DIRECTION('',(-0.696364240320019,-0.707106781186548,-0.122787803968973));
#5362=DIRECTION('',(0.17364817766693,6.03020831250949E-17,-0.984807753012208));
#5363=DIRECTION('',(0.664463024388675,0.707106781186548,0.241844762647975));
#5364=DIRECTION('',(0.342020143325669,5.75395780113925E-17,-0.939692620785908));
#5365=DIRECTION('',(0.664463024388675,0.707106781186548,0.241844762647975));
#5366=DIRECTION('',(0.664463024388675,-0.707106781186548,0.241844762647975));
#5367=DIRECTION('',(0.342020143325669,5.75395780113925E-17,-0.939692620785908));
#5368=DIRECTION('',(-0.664463024388675,0.707106781186548,-0.241844762647975));
#5369=DIRECTION('',(-0.664463024388675,0.707106781186548,-0.241844762647975));
#5370=DIRECTION('',(0.664463024388675,0.707106781186548,0.241844762647975));
#5371=DIRECTION('',(-0.664463024388675,0.707106781186548,-0.241844762647975));
#5372=DIRECTION('',(-0.664463024388675,-0.707106781186548,-0.241844762647975));
#5373=DIRECTION('',(-0.664463024388675,-0.707106781186548,-0.241844762647975));
#5374=DIRECTION('',(-0.342020143325669,-5.75395780113925E-17,0.939692620785908));
#5375=DIRECTION('',(0.664463024388675,0.707106781186548,0.241844762647975));
#5376=DIRECTION('',(0.669529388450741,-0.701673843159863,0.243688768362524));
#5377=DIRECTION('',(-0.342020143325669,-5.75395780113925E-17,0.939692620785908));
#5378=DIRECTION('',(0.664463024388675,0.707106781186548,0.241844762647975));
#5379=DIRECTION('',(1.4017222209504E-33,1.,6.12323399573677E-17));
#5380=DIRECTION('',(-0.664463024388675,-0.707106781186548,-0.241844762647975));
#5381=DIRECTION('',(-0.664463024388675,0.707106781186548,-0.241844762647975));
#5382=DIRECTION('',(0.664463024388675,0.707106781186548,0.241844762647975));
#5383=DIRECTION('',(-0.5,-5.30287619362453E-17,0.866025403784439));
#5384=DIRECTION('',(0.612372435695795,0.707106781186548,0.353553390593274));
#5385=DIRECTION('',(-0.612372435695795,0.707106781186548,-0.353553390593274));
#5386=DIRECTION('',(0.612372435695795,0.707106781186548,0.353553390593274));
#5387=DIRECTION('',(0.5,5.30287619362453E-17,-0.866025403784439));
#5388=DIRECTION('',(-0.17364817766693,-6.03020831250949E-17,0.984807753012208));
#5389=DIRECTION('',(0.696364240320019,0.707106781186548,0.122787803968973));
#5390=DIRECTION('',(-0.696364240320019,0.707106781186548,-0.122787803968973));
#5391=DIRECTION('',(0.696364240320019,0.707106781186548,0.122787803968973));
#5392=DIRECTION('',(0.17364817766693,6.03020831250949E-17,-0.984807753012208));
#5393=DIRECTION('',(0.696364240320019,0.707106781186548,0.122787803968973));
#5394=DIRECTION('',(0.696364240320019,-0.707106781186548,0.122787803968973));
#5395=DIRECTION('',(0.,-1.,0.));
#5396=DIRECTION('',(0.,0.,-1.));
#5397=DIRECTION('',(0.,0.,-1.));
#5398=DIRECTION('',(-1.,0.,0.));
#5399=DIRECTION('',(-0.707106781186547,4.32978028117746E-17,0.707106781186549));
#5400=DIRECTION('',(6.12323399573677E-17,1.,0.));
#5401=DIRECTION('',(-0.707106781186547,4.32978028117746E-17,0.707106781186549));
#5402=DIRECTION('',(6.12323399573677E-17,1.,0.));
#5403=DIRECTION('',(0.707106781186547,-1.29893408435324E-16,0.707106781186548));
#5404=DIRECTION('',(-1.83697019872103E-16,-1.,0.));
#5405=DIRECTION('',(-8.65956056235493E-17,-0.707106781186547,-0.707106781186548));
#5406=DIRECTION('',(1.,-1.22464679914735E-16,0.));
#5407=DIRECTION('',(-8.65956056235492E-17,-0.707106781186547,0.707106781186549));
#5408=DIRECTION('',(-1.,1.22464679914735E-16,0.));
#5409=DIRECTION('',(-0.707106781186547,4.32978028117746E-17,-0.707106781186548));
#5410=DIRECTION('',(-6.12323399573677E-17,-1.,0.));
#5411=DIRECTION('',(0.,0.707106781186547,-0.707106781186548));
#5412=DIRECTION('',(-1.,0.,0.));
#5413=DIRECTION('',(0.,0.707106781186547,0.707106781186548));
#5414=DIRECTION('',(1.,0.,0.));
#5415=CARTESIAN_POINT('',(0.,0.,0.));
#5416=CARTESIAN_POINT('',(-0.0168,-0.012,0.054));
#5417=CARTESIAN_POINT('',(-0.0168,-0.0162703472507939,0.050728724218341));
#5418=CARTESIAN_POINT('',(-0.0168,-0.00797745804250958,0.0399031261962217));
#5419=CARTESIAN_POINT('',(-0.0168,-0.00789503929669189,0.0397955361646537));
#5420=CARTESIAN_POINT('',(-0.0168,-0.012,0.0397955361646537));
#5421=CARTESIAN_POINT('',(-0.0168,-0.006,0.0397955361646537));
#5422=CARTESIAN_POINT('',(-0.0168,-0.006,0.054));
#5423=CARTESIAN_POINT('',(-0.0168,-0.006,0.03));
#5424=CARTESIAN_POINT('',(-0.0168,-0.012,0.03));
#5425=CARTESIAN_POINT('',(-0.0168,-0.018,0.03));
#5426=CARTESIAN_POINT('',(-0.0168,-0.018,0.054));
#5427=CARTESIAN_POINT('',(-0.0168,-0.018,0.0414));
#5428=CARTESIAN_POINT('',(-0.0168,-0.006,0.0414));
#5429=CARTESIAN_POINT('',(-0.0168,-0.00683078618307483,0.0414));
#5430=CARTESIAN_POINT('',(-0.0168,-0.00265972472656371,0.0468449340295825));
#5431=CARTESIAN_POINT('',(0.0168,-0.012,0.054));
#5432=CARTESIAN_POINT('',(0.0168,-0.00265972472656371,0.0468449340295825));
#5433=CARTESIAN_POINT('',(0.0168,-0.00683078618307483,0.0414));
#5434=CARTESIAN_POINT('',(0.0168,-0.00797745804250958,0.0399031261962217));
#5435=CARTESIAN_POINT('',(0.0168,-0.006,0.0414));
#5436=CARTESIAN_POINT('',(0.0168,-0.018,0.0414));
#5437=CARTESIAN_POINT('',(0.0168,-0.018,0.054));
#5438=CARTESIAN_POINT('',(0.0168,-0.018,0.03));
#5439=CARTESIAN_POINT('',(0.0168,0.,0.03));
#5440=CARTESIAN_POINT('',(0.0168,-0.006,0.03));
#5441=CARTESIAN_POINT('',(0.0168,-0.006,0.054));
#5442=CARTESIAN_POINT('',(0.0168,-0.006,0.0397955361646537));
#5443=CARTESIAN_POINT('',(0.0168,-0.012,0.0397955361646537));
#5444=CARTESIAN_POINT('',(0.0168,-0.00789503929669188,0.0397955361646537));
#5445=CARTESIAN_POINT('',(0.0168,-0.0162703472507939,0.050728724218341));
#5446=CARTESIAN_POINT('',(0.,-0.006,0.054));
#5447=CARTESIAN_POINT('',(0.00109142709765151,-0.006,0.0364224823367918));
#5448=CARTESIAN_POINT('',(0.00187123005533451,-0.006,0.032));
#5449=CARTESIAN_POINT('',(0.00187284389715269,-0.006,0.0319908474482369));
#5450=CARTESIAN_POINT('',(0.00382025990867247,-0.006,0.0323342294337314));
#5451=CARTESIAN_POINT('',(0.00192475059757032,-0.006,0.032));
#5452=CARTESIAN_POINT('',(1.34711147906209E-18,-0.006,0.032));
#5453=CARTESIAN_POINT('',(0.00197745804250957,-0.006,0.032));
#5454=CARTESIAN_POINT('',(0.00197745804250957,-0.006,0.0365));
#5455=CARTESIAN_POINT('',(0.00197745804250957,-0.006,0.032009293744627));
#5456=CARTESIAN_POINT('',(0.00382025990867247,-0.006,0.0323342294337314));
#5457=CARTESIAN_POINT('',(0.00566306177483536,-0.006,0.0326591651228358));
#5458=CARTESIAN_POINT('',(0.00412714977773921,-0.006,0.036879048653127));
#5459=CARTESIAN_POINT('',(0.00566624042270472,-0.006,0.0326504318595904));
#5460=CARTESIAN_POINT('',(0.00752444315316471,-0.006,0.03332676234271));
#5461=CARTESIAN_POINT('',(0.00571576921977464,-0.006,0.0326684588674628));
#5462=CARTESIAN_POINT('',(0.00382025990867247,-0.006,0.0323342294337314));
#5463=CARTESIAN_POINT('',(0.00576767592019224,-0.006,0.0326776114192261));
#5464=CARTESIAN_POINT('',(0.00498625912069106,-0.006,0.037109246307781));
#5465=CARTESIAN_POINT('',(0.00576606207837407,-0.006,0.0326867639709892));
#5466=CARTESIAN_POINT('',(0.00752444315316471,-0.006,0.03332676234271));
#5467=CARTESIAN_POINT('',(0.00928282422795536,-0.006,0.0339667607144309));
#5468=CARTESIAN_POINT('',(0.00703747110026886,-0.006,0.0378558264125176));
#5469=CARTESIAN_POINT('',(0.00928747110026886,-0.006,0.0339587120954876));
#5470=CARTESIAN_POINT('',(0.011,-0.006,0.0349474411167423));
#5471=CARTESIAN_POINT('',(0.0093331170865548,-0.006,0.0339850658179572));
#5472=CARTESIAN_POINT('',(0.00752444315316471,-0.006,0.03332676234271));
#5473=CARTESIAN_POINT('',(0.00938264588362471,-0.006,0.0340030928258297));
#5474=CARTESIAN_POINT('',(0.0078435552386592,-0.006,0.0382317096193662));
#5475=CARTESIAN_POINT('',(0.00937946723575535,-0.006,0.0340118260890751));
#5476=CARTESIAN_POINT('',(0.011,-0.006,0.0349474411167423));
#5477=CARTESIAN_POINT('',(0.0126205327642446,-0.006,0.0358830561444096));
#5478=CARTESIAN_POINT('',(0.00973396242454905,-0.006,0.0393231367170177));
#5479=CARTESIAN_POINT('',(0.0126265066681385,-0.006,0.0358759367229824));
#5480=CARTESIAN_POINT('',(0.0141413274131039,-0.006,0.0371470222513825));
#5481=CARTESIAN_POINT('',(0.0126668829134452,-0.006,0.0359098164155275));
#5482=CARTESIAN_POINT('',(0.011,-0.006,0.0349474411167423));
#5483=CARTESIAN_POINT('',(0.0127125288997311,-0.006,0.0359361701379971));
#5484=CARTESIAN_POINT('',(0.0104625288997311,-0.006,0.0398332844550271));
#5485=CARTESIAN_POINT('',(0.0127078820274176,-0.006,0.0359442187569404));
#5486=CARTESIAN_POINT('',(0.0141413274131039,-0.006,0.0371470222513825));
#5487=CARTESIAN_POINT('',(0.0155747727987901,-0.006,0.0383498257458246));
#5488=CARTESIAN_POINT('',(0.012134692226182,-0.006,0.0412363960855202));
#5489=CARTESIAN_POINT('',(0.0155818922202174,-0.006,0.0383438518419308));
#5490=CARTESIAN_POINT('',(0.0168529777486175,-0.006,0.0398586725868961));
#5491=CARTESIAN_POINT('',(0.0156157719127626,-0.006,0.0383842280872375));
#5492=CARTESIAN_POINT('',(0.0141413274131039,-0.006,0.0371470222513825));
#5493=CARTESIAN_POINT('',(0.0156561481580693,-0.006,0.0384181077797827));
#5494=CARTESIAN_POINT('',(0.0127636039144798,-0.006,0.041865307773818));
#5495=CARTESIAN_POINT('',(0.0156501742541755,-0.006,0.0384252272012099));
#5496=CARTESIAN_POINT('',(0.0168529777486175,-0.006,0.0398586725868961));
#5497=CARTESIAN_POINT('',(0.,-0.006,0.03));
#5498=CARTESIAN_POINT('',(-0.0168529777486175,-0.006,0.0398586725868961));
#5499=CARTESIAN_POINT('',(-0.0156501742541755,-0.006,0.0384252272012099));
#5500=CARTESIAN_POINT('',(-0.0127636039144798,-0.006,0.041865307773818));
#5501=CARTESIAN_POINT('',(-0.0156561481580693,-0.006,0.0384181077797827));
#5502=CARTESIAN_POINT('',(-0.0141413274131039,-0.006,0.0371470222513825));
#5503=CARTESIAN_POINT('',(-0.0156157719127626,-0.006,0.0383842280872375));
#5504=CARTESIAN_POINT('',(-0.0168529777486175,-0.006,0.0398586725868961));
#5505=CARTESIAN_POINT('',(-0.0155818922202174,-0.006,0.0383438518419308));
#5506=CARTESIAN_POINT('',(-0.012134692226182,-0.006,0.0412363960855202));
#5507=CARTESIAN_POINT('',(-0.0155747727987901,-0.006,0.0383498257458246));
#5508=CARTESIAN_POINT('',(-0.0141413274131039,-0.006,0.0371470222513825));
#5509=CARTESIAN_POINT('',(-0.0127078820274176,-0.006,0.0359442187569404));
#5510=CARTESIAN_POINT('',(-0.0104625288997311,-0.006,0.0398332844550271));
#5511=CARTESIAN_POINT('',(-0.0127125288997311,-0.006,0.0359361701379971));
#5512=CARTESIAN_POINT('',(-0.011,-0.006,0.0349474411167423));
#5513=CARTESIAN_POINT('',(-0.0126668829134452,-0.006,0.0359098164155275));
#5514=CARTESIAN_POINT('',(-0.0141413274131039,-0.006,0.0371470222513825));
#5515=CARTESIAN_POINT('',(-0.0126265066681385,-0.006,0.0358759367229824));
#5516=CARTESIAN_POINT('',(-0.00973396242454905,-0.006,0.0393231367170177));
#5517=CARTESIAN_POINT('',(-0.0126205327642447,-0.006,0.0358830561444096));
#5518=CARTESIAN_POINT('',(-0.011,-0.006,0.0349474411167423));
#5519=CARTESIAN_POINT('',(-0.00937946723575535,-0.006,0.0340118260890751));
#5520=CARTESIAN_POINT('',(-0.0078435552386592,-0.006,0.0382317096193662));
#5521=CARTESIAN_POINT('',(-0.00938264588362471,-0.006,0.0340030928258297));
#5522=CARTESIAN_POINT('',(-0.00752444315316471,-0.006,0.0333267623427101));
#5523=CARTESIAN_POINT('',(-0.00933311708655485,-0.006,0.0339850658179572));
#5524=CARTESIAN_POINT('',(-0.011,-0.006,0.0349474411167423));
#5525=CARTESIAN_POINT('',(-0.00928747110026885,-0.006,0.0339587120954876));
#5526=CARTESIAN_POINT('',(-0.00703747110026886,-0.006,0.0378558264125176));
#5527=CARTESIAN_POINT('',(-0.00928282422795535,-0.006,0.0339667607144309));
#5528=CARTESIAN_POINT('',(-0.00752444315316471,-0.006,0.0333267623427101));
#5529=CARTESIAN_POINT('',(-0.00576606207837406,-0.006,0.0326867639709892));
#5530=CARTESIAN_POINT('',(-0.00498625912069106,-0.006,0.037109246307781));
#5531=CARTESIAN_POINT('',(-0.00576767592019224,-0.006,0.0326776114192261));
#5532=CARTESIAN_POINT('',(-0.00382025990867247,-0.006,0.0323342294337314));
#5533=CARTESIAN_POINT('',(-0.00571576921977459,-0.006,0.0326684588674628));
#5534=CARTESIAN_POINT('',(-0.00752444315316471,-0.006,0.0333267623427101));
#5535=CARTESIAN_POINT('',(-0.00566624042270472,-0.006,0.0326504318595904));
#5536=CARTESIAN_POINT('',(-0.00412714977773921,-0.006,0.036879048653127));
#5537=CARTESIAN_POINT('',(-0.00566306177483536,-0.006,0.0326591651228358));
#5538=CARTESIAN_POINT('',(-0.00382025990867247,-0.006,0.0323342294337314));
#5539=CARTESIAN_POINT('',(-0.00197745804250957,-0.006,0.032009293744627));
#5540=CARTESIAN_POINT('',(-0.00197745804250957,-0.006,0.0365));
#5541=CARTESIAN_POINT('',(-0.00197745804250957,-0.006,0.032));
#5542=CARTESIAN_POINT('',(1.34711147906209E-18,-0.006,0.032));
#5543=CARTESIAN_POINT('',(-0.00192475059757033,-0.006,0.032));
#5544=CARTESIAN_POINT('',(-0.00382025990867247,-0.006,0.0323342294337314));
#5545=CARTESIAN_POINT('',(-0.00187284389715269,-0.006,0.0319908474482369));
#5546=CARTESIAN_POINT('',(-0.00109142709765151,-0.006,0.0364224823367918));
#5547=CARTESIAN_POINT('',(-0.00187123005533451,-0.006,0.032));
#5548=CARTESIAN_POINT('',(1.34711147906209E-18,-0.006,0.032));
#5549=CARTESIAN_POINT('',(1.28587913910472E-18,-0.006,0.054));
#5550=CARTESIAN_POINT('',(1.28587913910472E-18,-0.00797745804250958,0.054));
#5551=CARTESIAN_POINT('',(-0.0172021929300688,-0.00614718744480875,0.0419548948366281));
#5552=CARTESIAN_POINT('',(1.28587913910472E-18,-0.018,0.054));
#5553=CARTESIAN_POINT('',(1.28587913910472E-18,-0.00797745804250957,0.054));
#5554=CARTESIAN_POINT('',(0.0172021929300688,-0.00614718744480875,0.0419548948366281));
#5555=CARTESIAN_POINT('',(1.28587913910472E-18,-0.00797745804250958,0.054));
#5556=CARTESIAN_POINT('',(0.0181865334794732,-0.00797745804250958,0.0435));
#5557=CARTESIAN_POINT('',(1.28587913910472E-18,-0.00797745804250957,0.054));
#5558=CARTESIAN_POINT('',(0.0190324635277697,-0.00614718744480875,0.0451250165034453));
#5559=CARTESIAN_POINT('',(1.28587913910472E-18,-0.00797745804250957,0.054));
#5560=CARTESIAN_POINT('',(0.0197335450365041,-0.00797745804250958,0.046817576990161));
#5561=CARTESIAN_POINT('',(1.28587913910472E-18,-0.00797745804250957,0.054));
#5562=CARTESIAN_POINT('',(0.0202844423520705,-0.00614718744480875,0.0485648000528471));
#5563=CARTESIAN_POINT('',(1.28587913910472E-18,-0.00797745804250957,0.054));
#5564=CARTESIAN_POINT('',(0.0206809628132563,-0.00797745804250958,0.0503533882689945));
#5565=CARTESIAN_POINT('',(1.28587913910472E-18,-0.00797745804250958,0.054));
#5566=CARTESIAN_POINT('',(0.0209200886599267,-0.00614718744480876,0.0521697294022992));
#5567=CARTESIAN_POINT('',(1.28587913910472E-18,-0.00797745804250958,0.054));
#5568=CARTESIAN_POINT('',(0.021,-0.00797745804250958,0.054));
#5569=CARTESIAN_POINT('',(1.28587913910472E-18,-0.00797745804250957,0.054));
#5570=CARTESIAN_POINT('',(0.0209200886599267,-0.00614718744480875,0.0558302705977008));
#5571=CARTESIAN_POINT('',(1.28587913910472E-18,-0.00797745804250958,0.054));
#5572=CARTESIAN_POINT('',(0.0206809628132563,-0.00797745804250958,0.0576466117310055));
#5573=CARTESIAN_POINT('',(1.28587913910472E-18,-0.00797745804250957,0.054));
#5574=CARTESIAN_POINT('',(0.0202844423520705,-0.00614718744480875,0.0594351999471529));
#5575=CARTESIAN_POINT('',(1.28587913910472E-18,-0.00797745804250958,0.054));
#5576=CARTESIAN_POINT('',(0.0197335450365041,-0.00797745804250958,0.061182423009839));
#5577=CARTESIAN_POINT('',(1.28587913910472E-18,-0.00797745804250958,0.054));
#5578=CARTESIAN_POINT('',(0.0190324635277697,-0.00614718744480875,0.0628749834965547));
#5579=CARTESIAN_POINT('',(1.28587913910472E-18,-0.00797745804250958,0.054));
#5580=CARTESIAN_POINT('',(0.0181865334794732,-0.00797745804250958,0.0645));
#5581=CARTESIAN_POINT('',(1.28587913910472E-18,-0.00797745804250957,0.054));
#5582=CARTESIAN_POINT('',(0.0172021929300688,-0.00614718744480876,0.066045105163372));
#5583=CARTESIAN_POINT('',(1.28587913910472E-18,-0.00797745804250958,0.054));
#5584=CARTESIAN_POINT('',(0.0160869333054986,-0.00797745804250958,0.0674985398034173));
#5585=CARTESIAN_POINT('',(1.28587913910472E-18,-0.00797745804250958,0.054));
#5586=CARTESIAN_POINT('',(0.0148492424049175,-0.00614718744480876,0.0688492424049175));
#5587=CARTESIAN_POINT('',(1.28587913910472E-18,-0.00797745804250957,0.054));
#5588=CARTESIAN_POINT('',(0.0134985398034173,-0.00797745804250958,0.0700869333054986));
#5589=CARTESIAN_POINT('',(1.28587913910472E-18,-0.00797745804250958,0.054));
#5590=CARTESIAN_POINT('',(0.012045105163372,-0.00614718744480876,0.0712021929300688));
#5591=CARTESIAN_POINT('',(1.28587913910472E-18,-0.00797745804250957,0.054));
#5592=CARTESIAN_POINT('',(0.0105,-0.00797745804250958,0.0721865334794732));
#5593=CARTESIAN_POINT('',(1.28587913910472E-18,-0.00797745804250957,0.054));
#5594=CARTESIAN_POINT('',(0.00887498349655469,-0.00614718744480875,0.0730324635277696));
#5595=CARTESIAN_POINT('',(1.28587913910472E-18,-0.00797745804250957,0.054));
#5596=CARTESIAN_POINT('',(0.00718242300983905,-0.00797745804250958,0.0737335450365041));
#5597=CARTESIAN_POINT('',(1.28587913910472E-18,-0.00797745804250958,0.054));
#5598=CARTESIAN_POINT('',(0.00543519994715294,-0.00614718744480875,0.0742844423520704));
#5599=CARTESIAN_POINT('',(1.28587913910472E-18,-0.00797745804250958,0.054));
#5600=CARTESIAN_POINT('',(0.00364661173100553,-0.00797745804250958,0.0746809628132564));
#5601=CARTESIAN_POINT('',(1.28587913910472E-18,-0.00797745804250958,0.054));
#5602=CARTESIAN_POINT('',(0.00183027059770082,-0.00614718744480876,0.0749200886599267));
#5603=CARTESIAN_POINT('',(1.28587913910472E-18,-0.00797745804250957,0.054));
#5604=CARTESIAN_POINT('',(-4.07447785181126E-18,-0.00797745804250958,0.075));
#5605=CARTESIAN_POINT('',(1.28587913910472E-18,-0.00797745804250958,0.054));
#5606=CARTESIAN_POINT('',(-0.00183027059770082,-0.00614718744480876,0.0749200886599267));
#5607=CARTESIAN_POINT('',(1.28587913910472E-18,-0.00797745804250957,0.054));
#5608=CARTESIAN_POINT('',(-0.00364661173100554,-0.00797745804250958,0.0746809628132564));
#5609=CARTESIAN_POINT('',(1.28587913910472E-18,-0.00797745804250958,0.054));
#5610=CARTESIAN_POINT('',(-0.00543519994715293,-0.00614718744480876,0.0742844423520704));
#5611=CARTESIAN_POINT('',(1.28587913910472E-18,-0.00797745804250958,0.054));
#5612=CARTESIAN_POINT('',(-0.00718242300983903,-0.00797745804250958,0.0737335450365041));
#5613=CARTESIAN_POINT('',(1.28587913910472E-18,-0.00797745804250958,0.054));
#5614=CARTESIAN_POINT('',(-0.00887498349655469,-0.00614718744480875,0.0730324635277696));
#5615=CARTESIAN_POINT('',(1.28587913910472E-18,-0.00797745804250957,0.054));
#5616=CARTESIAN_POINT('',(-0.0105,-0.00797745804250958,0.0721865334794732));
#5617=CARTESIAN_POINT('',(1.28587913910472E-18,-0.00797745804250957,0.054));
#5618=CARTESIAN_POINT('',(-0.012045105163372,-0.00614718744480876,0.0712021929300688));
#5619=CARTESIAN_POINT('',(1.28587913910472E-18,-0.00797745804250957,0.054));
#5620=CARTESIAN_POINT('',(-0.0134985398034173,-0.00797745804250958,0.0700869333054985));
#5621=CARTESIAN_POINT('',(1.28587913910472E-18,-0.00797745804250958,0.054));
#5622=CARTESIAN_POINT('',(-0.0148492424049175,-0.00614718744480876,0.0688492424049175));
#5623=CARTESIAN_POINT('',(1.28587913910472E-18,-0.00797745804250957,0.054));
#5624=CARTESIAN_POINT('',(-0.0160869333054986,-0.00797745804250958,0.0674985398034173));
#5625=CARTESIAN_POINT('',(1.28587913910472E-18,-0.00797745804250957,0.054));
#5626=CARTESIAN_POINT('',(-0.0172021929300688,-0.00614718744480875,0.066045105163372));
#5627=CARTESIAN_POINT('',(1.28587913910472E-18,-0.00797745804250958,0.054));
#5628=CARTESIAN_POINT('',(-0.0181865334794732,-0.00797745804250958,0.0645));
#5629=CARTESIAN_POINT('',(1.28587913910472E-18,-0.00797745804250958,0.054));
#5630=CARTESIAN_POINT('',(-0.0190324635277697,-0.00614718744480875,0.0628749834965547));
#5631=CARTESIAN_POINT('',(1.28587913910472E-18,-0.00797745804250958,0.054));
#5632=CARTESIAN_POINT('',(-0.0197335450365041,-0.00797745804250958,0.061182423009839));
#5633=CARTESIAN_POINT('',(1.28587913910472E-18,-0.00797745804250957,0.054));
#5634=CARTESIAN_POINT('',(-0.0202844423520705,-0.00614718744480876,0.0594351999471529));
#5635=CARTESIAN_POINT('',(1.28587913910472E-18,-0.00797745804250958,0.054));
#5636=CARTESIAN_POINT('',(-0.0206809628132563,-0.00797745804250958,0.0576466117310055));
#5637=CARTESIAN_POINT('',(1.28587913910472E-18,-0.00797745804250958,0.054));
#5638=CARTESIAN_POINT('',(-0.0209200886599267,-0.00614718744480875,0.0558302705977008));
#5639=CARTESIAN_POINT('',(1.28587913910472E-18,-0.00797745804250957,0.054));
#5640=CARTESIAN_POINT('',(-0.021,-0.00797745804250958,0.054));
#5641=CARTESIAN_POINT('',(1.28587913910472E-18,-0.00797745804250958,0.054));
#5642=CARTESIAN_POINT('',(-0.0209200886599267,-0.00614718744480876,0.0521697294022992));
#5643=CARTESIAN_POINT('',(1.28587913910472E-18,-0.00797745804250958,0.054));
#5644=CARTESIAN_POINT('',(-0.0206809628132563,-0.00797745804250958,0.0503533882689945));
#5645=CARTESIAN_POINT('',(1.28587913910472E-18,-0.00797745804250958,0.054));
#5646=CARTESIAN_POINT('',(-0.0202844423520705,-0.00614718744480875,0.0485648000528471));
#5647=CARTESIAN_POINT('',(1.28587913910472E-18,-0.00797745804250957,0.054));
#5648=CARTESIAN_POINT('',(-0.0197335450365041,-0.00797745804250958,0.046817576990161));
#5649=CARTESIAN_POINT('',(1.28587913910472E-18,-0.00797745804250957,0.054));
#5650=CARTESIAN_POINT('',(-0.0190324635277697,-0.00614718744480875,0.0451250165034453));
#5651=CARTESIAN_POINT('',(1.28587913910472E-18,-0.00797745804250957,0.054));
#5652=CARTESIAN_POINT('',(-0.0181865334794732,-0.00797745804250958,0.0435));
#5653=CARTESIAN_POINT('',(1.28587913910472E-18,-0.00797745804250958,0.054));
#5654=CARTESIAN_POINT('',(-0.01515,-0.024,0.06555));
#5655=CARTESIAN_POINT('',(-0.01515,-0.0188055884272017,0.063504380815213));
#5656=CARTESIAN_POINT('',(-0.01515,-0.032,0.03));
#5657=CARTESIAN_POINT('',(-0.01515,-0.018,0.06555));
#5658=CARTESIAN_POINT('',(-0.01515,-0.018,0.054));
#5659=CARTESIAN_POINT('',(-0.01515,-0.018,0.03));
#5660=CARTESIAN_POINT('',(-0.01515,0.,0.03));
#5661=CARTESIAN_POINT('',(-0.00715,-0.024,0.06555));
#5662=CARTESIAN_POINT('',(-0.00715,-0.018,0.054));
#5663=CARTESIAN_POINT('',(-0.00715,-0.018,0.03));
#5664=CARTESIAN_POINT('',(-0.00715,-0.018,0.06555));
#5665=CARTESIAN_POINT('',(-0.00715,-0.0188055884272017,0.063504380815213));
#5666=CARTESIAN_POINT('',(-0.00715,-0.032,0.03));
#5667=CARTESIAN_POINT('',(-0.00715,-0.079725,0.03));
#5668=CARTESIAN_POINT('',(0.00715,-0.024,0.06555));
#5669=CARTESIAN_POINT('',(0.00715,-0.0188055884272017,0.063504380815213));
#5670=CARTESIAN_POINT('',(0.00715,-0.032,0.03));
#5671=CARTESIAN_POINT('',(0.00715,-0.018,0.06555));
#5672=CARTESIAN_POINT('',(0.00715,-0.018,0.054));
#5673=CARTESIAN_POINT('',(0.00715,-0.018,0.03));
#5674=CARTESIAN_POINT('',(0.00715,-0.079725,0.03));
#5675=CARTESIAN_POINT('',(0.01515,-0.024,0.06555));
#5676=CARTESIAN_POINT('',(0.01515,-0.018,0.054));
#5677=CARTESIAN_POINT('',(0.01515,-0.018,0.03));
#5678=CARTESIAN_POINT('',(0.01515,-0.018,0.06555));
#5679=CARTESIAN_POINT('',(0.01515,-0.0188055884272017,0.063504380815213));
#5680=CARTESIAN_POINT('',(0.01515,-0.032,0.03));
#5681=CARTESIAN_POINT('',(0.01515,0.,0.03));
#5682=CARTESIAN_POINT('',(0.,2.32682891837997E-18,0.03));
#5683=CARTESIAN_POINT('',(-0.012,-0.0360555127546399,0.03));
#5684=CARTESIAN_POINT('',(-0.012,-0.0360555127546399,0.03));
#5685=CARTESIAN_POINT('',(-0.012,-0.0360555127546399,0.0008));
#5686=CARTESIAN_POINT('',(0.,2.32682891837997E-18,0.03));
#5687=CARTESIAN_POINT('',(-0.0360555127546399,-0.012,0.03));
#5688=CARTESIAN_POINT('',(-0.0360555127546399,-0.012,0.03));
#5689=CARTESIAN_POINT('',(-0.0360555127546399,-0.012,0.0008));
#5690=CARTESIAN_POINT('',(0.,2.32682891837997E-18,-0.0112));
#5691=CARTESIAN_POINT('',(-0.0363119814937163,-0.0112,0.));
#5692=CARTESIAN_POINT('',(0.,2.32682891837997E-18,0.));
#5693=CARTESIAN_POINT('',(-0.0112,-0.0363119814937163,0.));
#5694=CARTESIAN_POINT('',(0.,2.32682891837997E-18,-0.0112));
#5695=CARTESIAN_POINT('',(0.,2.32682891837997E-18,0.03));
#5696=CARTESIAN_POINT('',(0.012,-0.0360555127546399,0.03));
#5697=CARTESIAN_POINT('',(0.012,-0.0360555127546399,0.0008));
#5698=CARTESIAN_POINT('',(0.012,-0.0360555127546399,0.03));
#5699=CARTESIAN_POINT('',(0.,2.32682891837997E-18,-0.0112));
#5700=CARTESIAN_POINT('',(0.0112,-0.0363119814937163,0.));
#5701=CARTESIAN_POINT('',(0.,2.32682891837997E-18,0.));
#5702=CARTESIAN_POINT('',(0.0363119814937163,-0.0112,0.));
#5703=CARTESIAN_POINT('',(0.,2.32682891837997E-18,-0.0112));
#5704=CARTESIAN_POINT('',(0.0360555127546399,-0.012,0.0008));
#5705=CARTESIAN_POINT('',(0.0360555127546399,-0.012,0.03));
#5706=CARTESIAN_POINT('',(0.0360555127546399,-0.012,0.03));
#5707=CARTESIAN_POINT('',(0.,2.32682891837997E-18,0.03));
#5708=CARTESIAN_POINT('',(0.,2.32682891837997E-18,0.03));
#5709=CARTESIAN_POINT('',(0.,2.32682891837997E-18,0.03));
#5710=CARTESIAN_POINT('',(0.0360555127546399,0.012,0.03));
#5711=CARTESIAN_POINT('',(0.012,0.0360555127546399,0.03));
#5712=CARTESIAN_POINT('',(0.0360555127546399,0.012,0.03));
#5713=CARTESIAN_POINT('',(0.0360555127546399,0.012,0.0008));
#5714=CARTESIAN_POINT('',(0.,2.32682891837997E-18,-0.0112));
#5715=CARTESIAN_POINT('',(0.0363119814937163,0.0112,0.));
#5716=CARTESIAN_POINT('',(0.,2.32682891837997E-18,0.));
#5717=CARTESIAN_POINT('',(0.0112,0.0363119814937163,0.));
#5718=CARTESIAN_POINT('',(0.,2.32682891837997E-18,-0.0112));
#5719=CARTESIAN_POINT('',(0.012,0.0360555127546399,0.0008));
#5720=CARTESIAN_POINT('',(0.012,0.0360555127546399,0.03));
#5721=CARTESIAN_POINT('',(0.,0.,0.03));
#5722=CARTESIAN_POINT('',(-0.012,-0.079725,0.03));
#5723=CARTESIAN_POINT('',(-0.012,-0.038,0.03));
#5724=CARTESIAN_POINT('',(-6.98048675513991E-18,-0.038,0.03));
#5725=CARTESIAN_POINT('',(0.012,-0.038,0.03));
#5726=CARTESIAN_POINT('',(0.012,-0.079725,0.03));
#5727=CARTESIAN_POINT('',(0.079725,-0.012,0.03));
#5728=CARTESIAN_POINT('',(0.038,-0.012,0.03));
#5729=CARTESIAN_POINT('',(0.038,0.,0.03));
#5730=CARTESIAN_POINT('',(0.038,0.012,0.03));
#5731=CARTESIAN_POINT('',(0.079725,0.012,0.03));
#5732=CARTESIAN_POINT('',(0.012,0.079725,0.03));
#5733=CARTESIAN_POINT('',(0.012,0.038,0.03));
#5734=CARTESIAN_POINT('',(2.32682891837997E-18,0.038,0.03));
#5735=CARTESIAN_POINT('',(-0.012,0.038,0.03));
#5736=CARTESIAN_POINT('',(-0.012,0.079725,0.03));
#5737=CARTESIAN_POINT('',(-0.012,0.0360555127546399,0.03));
#5738=CARTESIAN_POINT('',(0.,2.32682891837997E-18,0.03));
#5739=CARTESIAN_POINT('',(-0.0360555127546399,0.012,0.03));
#5740=CARTESIAN_POINT('',(-0.079725,0.012,0.03));
#5741=CARTESIAN_POINT('',(-0.038,0.012,0.03));
#5742=CARTESIAN_POINT('',(-0.038,4.65365783675994E-18,0.03));
#5743=CARTESIAN_POINT('',(-0.038,-0.012,0.03));
#5744=CARTESIAN_POINT('',(-0.079725,-0.012,0.03));
#5745=CARTESIAN_POINT('',(-0.01115,-0.032,0.03));
#5746=CARTESIAN_POINT('',(0.,-0.018,0.03));
#5747=CARTESIAN_POINT('',(0.,-0.018,0.03));
#5748=CARTESIAN_POINT('',(0.01115,-0.032,0.03));
#5749=CARTESIAN_POINT('',(0.,-0.018,0.03));
#5750=CARTESIAN_POINT('',(0.,2.32682891837997E-18,0.03));
#5751=CARTESIAN_POINT('',(-0.012,0.0360555127546399,0.03));
#5752=CARTESIAN_POINT('',(-0.012,0.0360555127546399,0.0008));
#5753=CARTESIAN_POINT('',(0.,2.32682891837997E-18,-0.0112));
#5754=CARTESIAN_POINT('',(-0.0112,0.0363119814937163,0.));
#5755=CARTESIAN_POINT('',(0.,2.32682891837997E-18,0.));
#5756=CARTESIAN_POINT('',(-0.0363119814937163,0.0112,0.));
#5757=CARTESIAN_POINT('',(0.,2.32682891837997E-18,-0.0112));
#5758=CARTESIAN_POINT('',(-0.0360555127546399,0.012,0.0008));
#5759=CARTESIAN_POINT('',(-0.0360555127546399,0.012,0.03));
#5760=CARTESIAN_POINT('',(0.,0.,0.));
#5761=CARTESIAN_POINT('',(0.0772,2.14313189850787E-19,0.));
#5762=CARTESIAN_POINT('',(0.0807,2.14313189850787E-19,0.));
#5763=CARTESIAN_POINT('',(0.0112,-6.85802207522518E-19,0.));
#5764=CARTESIAN_POINT('',(0.0112,-0.14055,0.));
#5765=CARTESIAN_POINT('',(-2.58186161430241E-17,-0.14055,0.));
#5766=CARTESIAN_POINT('',(0.02545,-0.14055,0.));
#5767=CARTESIAN_POINT('',(0.02545,-0.15,0.));
#5768=CARTESIAN_POINT('',(0.02545,-0.15945,0.));
#5769=CARTESIAN_POINT('',(-2.92904898186068E-17,-0.15945,0.));
#5770=CARTESIAN_POINT('',(-0.02545,-0.15945,0.));
#5771=CARTESIAN_POINT('',(-0.02545,-0.15,0.));
#5772=CARTESIAN_POINT('',(-0.02545,-0.14055,0.));
#5773=CARTESIAN_POINT('',(-2.58186161430241E-17,-0.14055,0.));
#5774=CARTESIAN_POINT('',(-0.0112,-0.14055,0.));
#5775=CARTESIAN_POINT('',(-0.0112,2.05740662256756E-18,0.));
#5776=CARTESIAN_POINT('',(-0.14055,-0.0112,0.));
#5777=CARTESIAN_POINT('',(-0.14055,-0.0112,0.));
#5778=CARTESIAN_POINT('',(-0.14055,1.7212410762016E-17,0.));
#5779=CARTESIAN_POINT('',(-0.14055,-0.02545,0.));
#5780=CARTESIAN_POINT('',(-0.15,-0.02545,0.));
#5781=CARTESIAN_POINT('',(-0.15945,-0.02545,0.));
#5782=CARTESIAN_POINT('',(-0.15945,1.95269932124045E-17,0.));
#5783=CARTESIAN_POINT('',(-0.15945,0.02545,0.));
#5784=CARTESIAN_POINT('',(-0.15,0.02545,0.));
#5785=CARTESIAN_POINT('',(-0.14055,0.02545,0.));
#5786=CARTESIAN_POINT('',(-0.14055,1.7212410762016E-17,0.));
#5787=CARTESIAN_POINT('',(-0.14055,0.0112,0.));
#5788=CARTESIAN_POINT('',(1.37160441504503E-18,0.0112,0.));
#5789=CARTESIAN_POINT('',(-0.0112,0.14055,0.));
#5790=CARTESIAN_POINT('',(-0.0112,0.14055,0.));
#5791=CARTESIAN_POINT('',(8.60620538100802E-18,0.14055,0.));
#5792=CARTESIAN_POINT('',(-0.02545,0.14055,0.));
#5793=CARTESIAN_POINT('',(-0.02545,0.15,0.));
#5794=CARTESIAN_POINT('',(-0.02545,0.15945,0.));
#5795=CARTESIAN_POINT('',(9.76349660620227E-18,0.15945,0.));
#5796=CARTESIAN_POINT('',(0.02545,0.15945,0.));
#5797=CARTESIAN_POINT('',(0.02545,0.15,0.));
#5798=CARTESIAN_POINT('',(0.02545,0.14055,0.));
#5799=CARTESIAN_POINT('',(8.60620538100802E-18,0.14055,0.));
#5800=CARTESIAN_POINT('',(0.0112,0.14055,0.));
#5801=CARTESIAN_POINT('',(0.0112,-6.85802207522518E-19,0.));
#5802=CARTESIAN_POINT('',(0.14055,0.0112,0.));
#5803=CARTESIAN_POINT('',(0.14055,0.0112,0.));
#5804=CARTESIAN_POINT('',(0.14055,0.,0.));
#5805=CARTESIAN_POINT('',(0.14055,0.02545,0.));
#5806=CARTESIAN_POINT('',(0.15,0.02545,0.));
#5807=CARTESIAN_POINT('',(0.15945,0.02545,0.));
#5808=CARTESIAN_POINT('',(0.15945,0.,0.));
#5809=CARTESIAN_POINT('',(0.15945,-0.02545,0.));
#5810=CARTESIAN_POINT('',(0.15,-0.02545,0.));
#5811=CARTESIAN_POINT('',(0.14055,-0.02545,0.));
#5812=CARTESIAN_POINT('',(0.14055,0.,0.));
#5813=CARTESIAN_POINT('',(0.14055,-0.0112,0.));
#5814=CARTESIAN_POINT('',(0.,-0.0112,0.));
#5815=CARTESIAN_POINT('',(0.15,-0.016,0.));
#5816=CARTESIAN_POINT('',(0.15645,-0.016,0.));
#5817=CARTESIAN_POINT('',(0.15,0.016,0.));
#5818=CARTESIAN_POINT('',(0.15645,0.016,0.));
#5819=CARTESIAN_POINT('',(-0.016,-0.15,0.));
#5820=CARTESIAN_POINT('',(-0.016,-0.15645,0.));
#5821=CARTESIAN_POINT('',(0.016,-0.15,0.));
#5822=CARTESIAN_POINT('',(0.016,-0.15645,0.));
#5823=CARTESIAN_POINT('',(-0.15,0.016,0.));
#5824=CARTESIAN_POINT('',(-0.15645,0.016,0.));
#5825=CARTESIAN_POINT('',(-0.15,-0.016,0.));
#5826=CARTESIAN_POINT('',(-0.15645,-0.016,0.));
#5827=CARTESIAN_POINT('',(0.016,0.15,0.));
#5828=CARTESIAN_POINT('',(0.016,0.15645,0.));
#5829=CARTESIAN_POINT('',(-0.016,0.15,0.));
#5830=CARTESIAN_POINT('',(-0.016,0.15645,0.));
#5831=CARTESIAN_POINT('',(0.,-0.0487794085451477,-0.0126077124128572));
#5832=CARTESIAN_POINT('',(0.,-0.018,0.06555));
#5833=CARTESIAN_POINT('',(0.,-0.0487794085451477,-0.0126077124128572));
#5834=CARTESIAN_POINT('',(0.,-0.018,0.06555));
#5835=CARTESIAN_POINT('',(0.,-0.018,0.054));
#5836=CARTESIAN_POINT('',(-0.00545,-0.018,0.054));
#5837=CARTESIAN_POINT('',(-0.00545,-0.018,0.0548603230987496));
#5838=CARTESIAN_POINT('',(-0.00545,-0.018,0.05945));
#5839=CARTESIAN_POINT('',(0.,-0.018,0.05945));
#5840=CARTESIAN_POINT('',(0.00545,-0.018,0.05945));
#5841=CARTESIAN_POINT('',(0.00545,-0.018,0.054));
#5842=CARTESIAN_POINT('',(0.00545,-0.018,0.0548603230987496));
#5843=CARTESIAN_POINT('',(0.00446003082948986,-0.018,0.056575));
#5844=CARTESIAN_POINT('',(0.00594670777265315,-0.018,0.054));
#5845=CARTESIAN_POINT('',(0.00446003082948986,-0.018,0.051425));
#5846=CARTESIAN_POINT('',(0.00545,-0.018,0.0531396769012504));
#5847=CARTESIAN_POINT('',(0.00545,-0.018,0.054));
#5848=CARTESIAN_POINT('',(0.00545,-0.018,0.04855));
#5849=CARTESIAN_POINT('',(0.,-0.018,0.04855));
#5850=CARTESIAN_POINT('',(-0.00545,-0.018,0.04855));
#5851=CARTESIAN_POINT('',(-0.00545,-0.018,0.054));
#5852=CARTESIAN_POINT('',(-0.00545,-0.018,0.0531396769012504));
#5853=CARTESIAN_POINT('',(-0.00446003082948986,-0.018,0.051425));
#5854=CARTESIAN_POINT('',(-0.00594670777265315,-0.018,0.054));
#5855=CARTESIAN_POINT('',(-0.00446003082948986,-0.018,0.056575));
#5856=CARTESIAN_POINT('',(-0.15,-0.016,0.006175));
#5857=CARTESIAN_POINT('',(-0.15,-0.016,0.006175));
#5858=CARTESIAN_POINT('',(-0.15645,-0.016,0.006175));
#5859=CARTESIAN_POINT('',(-0.15,0.016,0.006175));
#5860=CARTESIAN_POINT('',(-0.15,0.016,0.006175));
#5861=CARTESIAN_POINT('',(-0.15645,0.016,0.006175));
#5862=CARTESIAN_POINT('',(-0.15,0.02545,0.016));
#5863=CARTESIAN_POINT('',(-0.149827099223547,0.02545,0.014733501812485));
#5864=CARTESIAN_POINT('',(-0.14055,0.02545,0.016));
#5865=CARTESIAN_POINT('',(-0.15945,0.02545,0.013419795221843));
#5866=CARTESIAN_POINT('',(-0.14055,0.02545,0.016));
#5867=CARTESIAN_POINT('',(-0.15945,0.02545,0.016));
#5868=CARTESIAN_POINT('',(-0.15945,1.95269932124045E-17,0.03));
#5869=CARTESIAN_POINT('',(-0.15945,1.95269932124045E-17,0.013419795221843));
#5870=CARTESIAN_POINT('',(-0.15945,-0.02545,0.013419795221843));
#5871=CARTESIAN_POINT('',(-0.15945,-0.02545,0.016));
#5872=CARTESIAN_POINT('',(-0.15,-0.02545,0.016));
#5873=CARTESIAN_POINT('',(-0.14055,-0.02545,0.016));
#5874=CARTESIAN_POINT('',(-0.14055,-0.02545,0.016));
#5875=CARTESIAN_POINT('',(-0.149827099223547,-0.02545,0.014733501812485));
#5876=CARTESIAN_POINT('',(-0.15,-0.016,0.006175));
#5877=CARTESIAN_POINT('',(-0.15,0.016,0.006175));
#5878=CARTESIAN_POINT('',(-0.14055,1.7212410762016E-17,0.016));
#5879=CARTESIAN_POINT('',(-0.14055,-0.0112,-1.7324125035752E-33));
#5880=CARTESIAN_POINT('',(-0.14055,-0.012,0.0008));
#5881=CARTESIAN_POINT('',(-0.14055,-0.012,0.03));
#5882=CARTESIAN_POINT('',(-0.14055,-0.012,0.016));
#5883=CARTESIAN_POINT('',(-0.14055,1.7212410762016E-17,0.016));
#5884=CARTESIAN_POINT('',(-0.0803323392563339,9.83787421382885E-18,0.0242208410571558));
#5885=CARTESIAN_POINT('',(-0.0789615836087319,0.012,0.0244079749339615));
#5886=CARTESIAN_POINT('',(-0.14055,0.012,0.016));
#5887=CARTESIAN_POINT('',(-0.14055,1.7212410762016E-17,0.016));
#5888=CARTESIAN_POINT('',(-0.0789615836087319,-0.012,0.0244079749339615));
#5889=CARTESIAN_POINT('',(-0.14055,1.7212410762016E-17,0.016));
#5890=CARTESIAN_POINT('',(-0.14055,0.012,0.03));
#5891=CARTESIAN_POINT('',(-0.14055,0.012,0.0008));
#5892=CARTESIAN_POINT('',(-0.14055,0.012,0.0008));
#5893=CARTESIAN_POINT('',(-0.079725,-0.012,0.03));
#5894=CARTESIAN_POINT('',(-0.0360555127546399,-0.012,0.0008));
#5895=CARTESIAN_POINT('',(-0.079725,0.012,0.03));
#5896=CARTESIAN_POINT('',(-0.079725,0.012,0.0008));
#5897=CARTESIAN_POINT('',(0.016,0.15,0.006175));
#5898=CARTESIAN_POINT('',(0.016,0.15,0.006175));
#5899=CARTESIAN_POINT('',(0.016,0.15645,0.006175));
#5900=CARTESIAN_POINT('',(0.016,0.15,0.006175));
#5901=CARTESIAN_POINT('',(-0.016,0.15,0.006175));
#5902=CARTESIAN_POINT('',(-0.016,0.15,0.006175));
#5903=CARTESIAN_POINT('',(-0.016,0.15645,0.006175));
#5904=CARTESIAN_POINT('',(-0.016,0.15,0.006175));
#5905=CARTESIAN_POINT('',(4.91893710691443E-18,0.0803323392563339,0.0242208410571558));
#5906=CARTESIAN_POINT('',(0.012,0.0789615836087319,0.0244079749339615));
#5907=CARTESIAN_POINT('',(0.012,0.14055,0.016));
#5908=CARTESIAN_POINT('',(8.60620538100802E-18,0.14055,0.016));
#5909=CARTESIAN_POINT('',(0.02545,0.14055,0.016));
#5910=CARTESIAN_POINT('',(0.02545,0.149827099223547,0.014733501812485));
#5911=CARTESIAN_POINT('',(0.02545,0.15945,0.013419795221843));
#5912=CARTESIAN_POINT('',(9.76349660620227E-18,0.15945,0.013419795221843));
#5913=CARTESIAN_POINT('',(-0.02545,0.15945,0.013419795221843));
#5914=CARTESIAN_POINT('',(-0.02545,0.149827099223547,0.014733501812485));
#5915=CARTESIAN_POINT('',(-0.02545,0.14055,0.016));
#5916=CARTESIAN_POINT('',(8.60620538100802E-18,0.14055,0.016));
#5917=CARTESIAN_POINT('',(-0.012,0.14055,0.016));
#5918=CARTESIAN_POINT('',(-0.012,0.0789615836087319,0.0244079749339615));
#5919=CARTESIAN_POINT('',(8.60620538100802E-18,0.14055,0.016));
#5920=CARTESIAN_POINT('',(0.012,0.14055,0.03));
#5921=CARTESIAN_POINT('',(0.012,0.14055,0.0008));
#5922=CARTESIAN_POINT('',(0.012,0.14055,0.0008));
#5923=CARTESIAN_POINT('',(0.02545,0.14055,0.016));
#5924=CARTESIAN_POINT('',(8.60620538100802E-18,0.14055,0.016));
#5925=CARTESIAN_POINT('',(-0.0112,0.14055,8.66206251787603E-34));
#5926=CARTESIAN_POINT('',(-0.012,0.14055,0.0008));
#5927=CARTESIAN_POINT('',(-0.012,0.14055,0.03));
#5928=CARTESIAN_POINT('',(-0.02545,0.14055,0.016));
#5929=CARTESIAN_POINT('',(0.02545,0.15,0.016));
#5930=CARTESIAN_POINT('',(0.02545,0.15945,0.016));
#5931=CARTESIAN_POINT('',(-0.02545,0.15,0.016));
#5932=CARTESIAN_POINT('',(-0.02545,0.15945,0.016));
#5933=CARTESIAN_POINT('',(9.76349660620227E-18,0.15945,0.03));
#5934=CARTESIAN_POINT('',(0.012,0.079725,0.03));
#5935=CARTESIAN_POINT('',(0.012,0.079725,0.0008));
#5936=CARTESIAN_POINT('',(-0.012,0.079725,0.03));
#5937=CARTESIAN_POINT('',(-0.012,0.0360555127546399,0.0008));
#5938=CARTESIAN_POINT('',(0.15,0.016,0.006175));
#5939=CARTESIAN_POINT('',(0.15,0.016,0.006175));
#5940=CARTESIAN_POINT('',(0.15645,0.016,0.006175));
#5941=CARTESIAN_POINT('',(0.15,-0.016,0.006175));
#5942=CARTESIAN_POINT('',(0.15,-0.016,0.006175));
#5943=CARTESIAN_POINT('',(0.15645,-0.016,0.006175));
#5944=CARTESIAN_POINT('',(0.15,0.016,0.006175));
#5945=CARTESIAN_POINT('',(0.15,-0.016,0.006175));
#5946=CARTESIAN_POINT('',(0.15,-0.02545,0.016));
#5947=CARTESIAN_POINT('',(0.149827099223547,-0.02545,0.014733501812485));
#5948=CARTESIAN_POINT('',(0.14055,-0.02545,0.016));
#5949=CARTESIAN_POINT('',(0.15945,-0.02545,0.013419795221843));
#5950=CARTESIAN_POINT('',(0.14055,-0.02545,0.016));
#5951=CARTESIAN_POINT('',(0.15945,-0.02545,0.016));
#5952=CARTESIAN_POINT('',(0.15945,0.,0.03));
#5953=CARTESIAN_POINT('',(0.15945,0.,0.013419795221843));
#5954=CARTESIAN_POINT('',(0.15945,0.02545,0.013419795221843));
#5955=CARTESIAN_POINT('',(0.15945,0.02545,0.016));
#5956=CARTESIAN_POINT('',(0.15,0.02545,0.016));
#5957=CARTESIAN_POINT('',(0.14055,0.02545,0.016));
#5958=CARTESIAN_POINT('',(0.14055,0.02545,0.016));
#5959=CARTESIAN_POINT('',(0.149827099223547,0.02545,0.014733501812485));
#5960=CARTESIAN_POINT('',(0.14055,0.,0.016));
#5961=CARTESIAN_POINT('',(0.14055,-0.012,0.03));
#5962=CARTESIAN_POINT('',(0.14055,-0.012,0.0008));
#5963=CARTESIAN_POINT('',(0.14055,-0.012,0.016));
#5964=CARTESIAN_POINT('',(0.14055,-0.012,0.0008));
#5965=CARTESIAN_POINT('',(0.14055,0.,0.016));
#5966=CARTESIAN_POINT('',(0.14055,0.,0.016));
#5967=CARTESIAN_POINT('',(0.14055,0.0112,0.));
#5968=CARTESIAN_POINT('',(0.14055,0.012,0.0008));
#5969=CARTESIAN_POINT('',(0.14055,0.012,0.03));
#5970=CARTESIAN_POINT('',(0.14055,0.012,0.016));
#5971=CARTESIAN_POINT('',(0.14055,0.,0.016));
#5972=CARTESIAN_POINT('',(0.0803323392563339,0.,0.0242208410571558));
#5973=CARTESIAN_POINT('',(0.0772,4.89858719658941E-19,0.0246484641638226));
#5974=CARTESIAN_POINT('',(0.0852,4.89858719658941E-19,0.0235563139931741));
#5975=CARTESIAN_POINT('',(0.0789615836087319,-0.012,0.0244079749339615));
#5976=CARTESIAN_POINT('',(0.0789615836087319,0.012,0.0244079749339615));
#5977=CARTESIAN_POINT('',(0.079725,0.012,0.03));
#5978=CARTESIAN_POINT('',(0.0360555127546399,0.012,0.0008));
#5979=CARTESIAN_POINT('',(0.079725,-0.012,0.03));
#5980=CARTESIAN_POINT('',(0.079725,-0.012,0.0008));
#5981=CARTESIAN_POINT('',(-0.012,-0.079725,0.03));
#5982=CARTESIAN_POINT('',(-0.012,-0.079725,0.0008));
#5983=CARTESIAN_POINT('',(-0.012,-0.14055,0.0008));
#5984=CARTESIAN_POINT('',(-0.012,-0.14055,0.03));
#5985=CARTESIAN_POINT('',(-0.012,-0.14055,0.016));
#5986=CARTESIAN_POINT('',(-0.012,-0.0789615836087319,0.0244079749339615));
#5987=CARTESIAN_POINT('',(0.012,0.079725,0.03));
#5988=CARTESIAN_POINT('',(0.012,-0.14055,0.03));
#5989=CARTESIAN_POINT('',(0.012,-0.14055,0.0008));
#5990=CARTESIAN_POINT('',(0.012,-0.14055,0.016));
#5991=CARTESIAN_POINT('',(0.012,0.079725,0.0008));
#5992=CARTESIAN_POINT('',(0.012,-0.0789615836087319,0.0244079749339615));
#5993=CARTESIAN_POINT('',(-0.016,-0.15,0.006175));
#5994=CARTESIAN_POINT('',(-0.016,-0.15,0.006175));
#5995=CARTESIAN_POINT('',(-0.016,-0.15645,0.006175));
#5996=CARTESIAN_POINT('',(-0.016,-0.15,0.006175));
#5997=CARTESIAN_POINT('',(0.016,-0.15,0.006175));
#5998=CARTESIAN_POINT('',(0.016,-0.15,0.006175));
#5999=CARTESIAN_POINT('',(0.016,-0.15645,0.006175));
#6000=CARTESIAN_POINT('',(0.016,-0.15,0.006175));
#6001=CARTESIAN_POINT('',(-1.47568113207433E-17,-0.0803323392563339,0.0242208410571558));
#6002=CARTESIAN_POINT('',(-2.58186161430241E-17,-0.14055,0.016));
#6003=CARTESIAN_POINT('',(-0.02545,-0.14055,0.016));
#6004=CARTESIAN_POINT('',(-0.02545,-0.149827099223547,0.014733501812485));
#6005=CARTESIAN_POINT('',(-0.02545,-0.15945,0.013419795221843));
#6006=CARTESIAN_POINT('',(-2.92904898186068E-17,-0.15945,0.013419795221843));
#6007=CARTESIAN_POINT('',(0.02545,-0.15945,0.013419795221843));
#6008=CARTESIAN_POINT('',(0.02545,-0.149827099223547,0.014733501812485));
#6009=CARTESIAN_POINT('',(0.02545,-0.14055,0.016));
#6010=CARTESIAN_POINT('',(-2.58186161430241E-17,-0.14055,0.016));
#6011=CARTESIAN_POINT('',(-2.58186161430241E-17,-0.14055,0.016));
#6012=CARTESIAN_POINT('',(-0.012,-0.14055,0.0008));
#6013=CARTESIAN_POINT('',(-0.02545,-0.14055,0.016));
#6014=CARTESIAN_POINT('',(-2.58186161430241E-17,-0.14055,0.016));
#6015=CARTESIAN_POINT('',(0.012,-0.14055,0.000799999999999985));
#6016=CARTESIAN_POINT('',(0.02545,-0.14055,0.016));
#6017=CARTESIAN_POINT('',(-0.02545,-0.15,0.016));
#6018=CARTESIAN_POINT('',(-0.02545,-0.15945,0.016));
#6019=CARTESIAN_POINT('',(0.02545,-0.15,0.016));
#6020=CARTESIAN_POINT('',(0.02545,-0.15945,0.016));
#6021=CARTESIAN_POINT('',(-2.92904898186068E-17,-0.15945,0.03));
#6022=CARTESIAN_POINT('',(0.0772,4.89858719658941E-19,0.03));
#6023=CARTESIAN_POINT('',(0.0772,4.89858719658941E-19,0.03));
#6024=CARTESIAN_POINT('',(0.0852,2.88889491658085E-34,0.03));
#6025=CARTESIAN_POINT('',(0.0772,0.,0.03));
#6026=CARTESIAN_POINT('',(0.0772,2.14313189850787E-19,0.03));
#6027=CARTESIAN_POINT('',(0.0807,2.14313189850787E-19,0.03));
#6028=CARTESIAN_POINT('',(0.012770234990382,-0.00698872902125479,0.0419938064580029));
#6029=CARTESIAN_POINT('',(0.0162174349844174,-0.00698872902125479,0.0391012622144135));
#6030=CARTESIAN_POINT('',(0.0156157719127626,-0.00605270744493925,0.0383842280872375));
#6031=CARTESIAN_POINT('',(0.0123552957182514,-0.00645458341615653,0.0416447042817486));
#6032=CARTESIAN_POINT('',(0.00989949493661167,-0.00675727764404236,0.0441005050633883));
#6033=CARTESIAN_POINT('',(8.57252759403147E-19,-0.00797745804250958,0.054));
#6034=CARTESIAN_POINT('',(0.0107246222036657,-0.00797745804250958,0.0450009734643885));
#6035=CARTESIAN_POINT('',(0.0134057777545821,-0.00797745804250958,0.0427512168304855));
#6036=CARTESIAN_POINT('',(0.0174885205128176,-0.00501127097874521,0.0406160829593789));
#6037=CARTESIAN_POINT('',(0.0169011519000943,-0.00408339105175569,0.0399160843049887));
#6038=CARTESIAN_POINT('',(0.00446003082948986,-0.01901,0.056575));
#6039=CARTESIAN_POINT('',(0.00545,-0.01901,0.0548603230987496));
#6040=CARTESIAN_POINT('',(0.00545,-0.0179,0.0548603230987496));
#6041=CARTESIAN_POINT('',(0.00446003082948986,-0.0179,0.056575));
#6042=CARTESIAN_POINT('',(0.00297335388632657,-0.0179,0.05915));
#6043=CARTESIAN_POINT('',(0.00297335388632657,-0.01901,0.05915));
#6044=CARTESIAN_POINT('',(0.00297335388632657,-0.01401,0.05915));
#6045=CARTESIAN_POINT('',(0.00446003082948986,-0.01401,0.056575));
#6046=CARTESIAN_POINT('',(0.00594670777265315,-0.01401,0.054));
#6047=CARTESIAN_POINT('',(0.00594670777265315,-0.01901,0.054));
#6048=CARTESIAN_POINT('',(0.00446003082948986,-0.01901,0.051425));
#6049=CARTESIAN_POINT('',(0.00446003082948986,-0.01401,0.051425));
#6050=CARTESIAN_POINT('',(0.00297335388632657,-0.01401,0.04885));
#6051=CARTESIAN_POINT('',(0.00297335388632657,-0.01901,0.04885));
#6052=CARTESIAN_POINT('',(0.00297335388632657,-0.0179,0.04885));
#6053=CARTESIAN_POINT('',(0.00446003082948986,-0.0179,0.051425));
#6054=CARTESIAN_POINT('',(0.00545,-0.0179,0.0531396769012504));
#6055=CARTESIAN_POINT('',(0.00545,-0.01901,0.0531396769012504));
#6056=CARTESIAN_POINT('',(-0.00446003082948986,-0.01901,0.056575));
#6057=CARTESIAN_POINT('',(-0.00594670777265315,-0.01901,0.054));
#6058=CARTESIAN_POINT('',(-0.00594670777265315,-0.01401,0.054));
#6059=CARTESIAN_POINT('',(-0.00446003082948986,-0.01401,0.056575));
#6060=CARTESIAN_POINT('',(-0.00297335388632657,-0.01401,0.05915));
#6061=CARTESIAN_POINT('',(-0.00297335388632657,-0.01901,0.05915));
#6062=CARTESIAN_POINT('',(-0.00297335388632657,-0.0179,0.05915));
#6063=CARTESIAN_POINT('',(-0.00446003082948986,-0.0179,0.056575));
#6064=CARTESIAN_POINT('',(-0.00545,-0.0179,0.0548603230987496));
#6065=CARTESIAN_POINT('',(-0.00545,-0.01901,0.0548603230987496));
#6066=CARTESIAN_POINT('',(-0.00446003082948986,-0.01901,0.051425));
#6067=CARTESIAN_POINT('',(-0.00545,-0.01901,0.0531396769012504));
#6068=CARTESIAN_POINT('',(-0.00545,-0.0179,0.0531396769012504));
#6069=CARTESIAN_POINT('',(-0.00446003082948986,-0.0179,0.051425));
#6070=CARTESIAN_POINT('',(-0.00297335388632658,-0.0179,0.04885));
#6071=CARTESIAN_POINT('',(-0.00297335388632658,-0.01901,0.04885));
#6072=CARTESIAN_POINT('',(-0.00297335388632657,-0.01401,0.04885));
#6073=CARTESIAN_POINT('',(-0.00446003082948986,-0.01401,0.051425));
#6074=CARTESIAN_POINT('',(-0.00545,-0.03895,0.05945));
#6075=CARTESIAN_POINT('',(-0.00545,-0.03895,0.04855));
#6076=CARTESIAN_POINT('',(-0.00545,-0.0179,0.04855));
#6077=CARTESIAN_POINT('',(-0.00545,-0.0179,0.05945));
#6078=CARTESIAN_POINT('',(-0.00545,-0.03895,0.05945));
#6079=CARTESIAN_POINT('',(-0.00545,-0.0179,0.05945));
#6080=CARTESIAN_POINT('',(-0.00545,-0.0179,0.05945));
#6081=CARTESIAN_POINT('',(-0.00545,-0.03895,0.05945));
#6082=CARTESIAN_POINT('',(0.00545,-0.03895,0.05945));
#6083=CARTESIAN_POINT('',(0.00545,-0.0179,0.05945));
#6084=CARTESIAN_POINT('',(0.00545,-0.0179,0.04855));
#6085=CARTESIAN_POINT('',(0.00545,-0.03895,0.04855));
#6086=CARTESIAN_POINT('',(0.00545,-0.03895,0.05945));
#6087=CARTESIAN_POINT('',(0.00545,-0.03895,0.05945));
#6088=CARTESIAN_POINT('',(0.00545,-0.0179,0.05945));
#6089=CARTESIAN_POINT('',(0.00545,-0.0179,0.05945));
#6090=CARTESIAN_POINT('',(0.,-0.03895,0.05945));
#6091=CARTESIAN_POINT('',(0.,-0.0179,0.05945));
#6092=CARTESIAN_POINT('',(0.,-0.03895,0.04855));
#6093=CARTESIAN_POINT('',(0.,-0.0179,0.04855));
#6094=CARTESIAN_POINT('',(0.0175,-0.006,0.0559774580425096));
#6095=CARTESIAN_POINT('',(0.0175,-0.00797745804250958,0.054));
#6096=CARTESIAN_POINT('',(0.014,-0.00797745804250958,0.054));
#6097=CARTESIAN_POINT('',(8.57252759403147E-19,-0.00797745804250957,0.054));
#6098=CARTESIAN_POINT('',(0.0139467257732844,-0.00675727764404236,0.0552201803984672));
#6099=CARTESIAN_POINT('',(0.0175769332685992,-0.00643967564195548,0.0555377824005541));
#6100=CARTESIAN_POINT('',(0.0175,-0.00698872902125479,0.0530112709787452));
#6101=CARTESIAN_POINT('',(0.0174065366297634,-0.00645458341615654,0.052477125373647));
#6102=CARTESIAN_POINT('',(0.0139467257732844,-0.00675727764404236,0.0527798196015328));
#6103=CARTESIAN_POINT('',(8.57252759403147E-19,-0.00797745804250959,0.054));
#6104=CARTESIAN_POINT('',(0.0141667155449729,-0.006,0.0644625288997311));
#6105=CARTESIAN_POINT('',(0.0151554445662277,-0.00797745804250958,0.06275));
#6106=CARTESIAN_POINT('',(0.0121243556529821,-0.00797745804250958,0.061));
#6107=CARTESIAN_POINT('',(8.57252759403147E-19,-0.00797745804250956,0.054));
#6108=CARTESIAN_POINT('',(0.0114681286200459,-0.00675727764404236,0.0620300701089147));
#6109=CARTESIAN_POINT('',(0.014313065600103,-0.00645458341615654,0.0640221164280822));
#6110=CARTESIAN_POINT('',(0.0156498090768551,-0.00698872902125479,0.0618937355501344));
#6111=CARTESIAN_POINT('',(0.015835940226456,-0.00645458341615653,0.0613844202016812));
#6112=CARTESIAN_POINT('',(0.0126883090185131,-0.00675727764404236,0.0599166556643698));
#6113=CARTESIAN_POINT('',(8.57252759403147E-19,-0.00797745804250958,0.054));
#6114=CARTESIAN_POINT('',(0.0167827861053132,-0.00698872902125479,0.0590562511429692));
#6115=CARTESIAN_POINT('',(0.0168776478224006,-0.00645458341615653,0.0585223521041491));
#6116=CARTESIAN_POINT('',(0.013522961568047,-0.00675727764404236,0.0576234666314353));
#6117=CARTESIAN_POINT('',(8.57252759403147E-19,-0.00797745804250958,0.054));
#6118=CARTESIAN_POINT('',(0.0131556966910027,-0.00797745804250958,0.0587882820065594));
#6119=CARTESIAN_POINT('',(0.0164446208637534,-0.00797745804250958,0.0599853525081992));
#6120=CARTESIAN_POINT('',(0.0157682903806338,-0.006,0.0618435552386592));
#6121=CARTESIAN_POINT('',(8.57252759403147E-19,-0.00797745804250957,0.054));
#6122=CARTESIAN_POINT('',(0.0168907536922191,-0.006,0.0589862591206911));
#6123=CARTESIAN_POINT('',(0.0172341356777137,-0.00797745804250958,0.0570388431091713));
#6124=CARTESIAN_POINT('',(0.0137873085421709,-0.00797745804250958,0.056431074487337));
#6125=CARTESIAN_POINT('',(8.57252759403147E-19,-0.00797745804250957,0.054));
#6126=CARTESIAN_POINT('',(-0.0168907536922191,-0.006,0.049013740879309));
#6127=CARTESIAN_POINT('',(-0.0172341356777137,-0.00797745804250958,0.0509611568908287));
#6128=CARTESIAN_POINT('',(-0.0137873085421709,-0.00797745804250958,0.051568925512663));
#6129=CARTESIAN_POINT('',(8.57252759403147E-19,-0.00797745804250958,0.054));
#6130=CARTESIAN_POINT('',(-0.0135229615680469,-0.00675727764404236,0.0503765333685647));
#6131=CARTESIAN_POINT('',(-0.0168776478224006,-0.00645458341615653,0.0494776478958509));
#6132=CARTESIAN_POINT('',(-0.00789373555013444,-0.00698872902125479,0.0696498090768551));
#6133=CARTESIAN_POINT('',(-0.00738442020168124,-0.00645458341615653,0.069835940226456));
#6134=CARTESIAN_POINT('',(-0.0059166556643698,-0.00675727764404235,0.0666883090185131));
#6135=CARTESIAN_POINT('',(8.57252759403147E-19,-0.00797745804250957,0.054));
#6136=CARTESIAN_POINT('',(-0.007,-0.00797745804250958,0.0661243556529821));
#6137=CARTESIAN_POINT('',(-0.00875,-0.00797745804250958,0.0691554445662277));
#6138=CARTESIAN_POINT('',(-0.0161064556221936,-0.00698872902125479,0.0609144538734292));
#6139=CARTESIAN_POINT('',(-0.015835940226456,-0.00645458341615653,0.0613844202016812));
#6140=CARTESIAN_POINT('',(-0.0126883090185131,-0.00675727764404236,0.0599166556643698));
#6141=CARTESIAN_POINT('',(8.57252759403147E-19,-0.00797745804250957,0.054));
#6142=CARTESIAN_POINT('',(-0.0131556966910027,-0.00797745804250958,0.0587882820065594));
#6143=CARTESIAN_POINT('',(-0.0164446208637534,-0.00797745804250958,0.0599853525081992));
#6144=CARTESIAN_POINT('',(-0.0175,-0.00698872902125479,0.0549887290212548));
#6145=CARTESIAN_POINT('',(-0.0174065366297634,-0.00645458341615653,0.055522874626353));
#6146=CARTESIAN_POINT('',(-0.0139467257732844,-0.00675727764404236,0.0552201803984672));
#6147=CARTESIAN_POINT('',(8.57252759403147E-19,-0.00797745804250957,0.054));
#6148=CARTESIAN_POINT('',(-0.014,-0.00797745804250958,0.054));
#6149=CARTESIAN_POINT('',(-0.0175,-0.00797745804250958,0.054));
#6150=CARTESIAN_POINT('',(-0.0174058266704609,-0.00698872902125479,0.0519348648965886));
#6151=CARTESIAN_POINT('',(-0.0174065366297634,-0.00645458341615654,0.052477125373647));
#6152=CARTESIAN_POINT('',(-0.0139467257732844,-0.00675727764404236,0.0527798196015328));
#6153=CARTESIAN_POINT('',(8.57252759403147E-19,-0.00797745804250957,0.054));
#6154=CARTESIAN_POINT('',(-0.0175,-0.006,0.0520225419574904));
#6155=CARTESIAN_POINT('',(8.57252759403147E-19,-0.00797745804250959,0.054));
#6156=CARTESIAN_POINT('',(-0.017120951346873,-0.006,0.0581271497777392));
#6157=CARTESIAN_POINT('',(8.57252759403147E-19,-0.00797745804250958,0.054));
#6158=CARTESIAN_POINT('',(-0.0135229615680469,-0.00675727764404236,0.0576234666314353));
#6159=CARTESIAN_POINT('',(-0.0168776478224006,-0.00645458341615653,0.0585223521041491));
#6160=CARTESIAN_POINT('',(-0.0170624446849664,-0.00698872902125479,0.0580125511149312));
#6161=CARTESIAN_POINT('',(8.57252759403147E-19,-0.00797745804250957,0.054));
#6162=CARTESIAN_POINT('',(-0.0137873085421709,-0.00797745804250958,0.056431074487337));
#6163=CARTESIAN_POINT('',(-0.0172341356777137,-0.00797745804250958,0.0570388431091713));
#6164=CARTESIAN_POINT('',(-0.0175775176632082,-0.006,0.0550914270976515));
#6165=CARTESIAN_POINT('',(8.57252759403147E-19,-0.00797745804250958,0.054));
#6166=CARTESIAN_POINT('',(-0.0127636039144798,-0.006,0.066134692226182));
#6167=CARTESIAN_POINT('',(-0.0112487831695144,-0.00797745804250958,0.0674057777545821));
#6168=CARTESIAN_POINT('',(-0.00899902653561155,-0.00797745804250958,0.0647246222036657));
#6169=CARTESIAN_POINT('',(8.57252759403147E-19,-0.00797745804250958,0.054));
#6170=CARTESIAN_POINT('',(-0.00989949493661167,-0.00675727764404236,0.0638994949366117));
#6171=CARTESIAN_POINT('',(-0.0123552957182515,-0.00645458341615654,0.0663552957182515));
#6172=CARTESIAN_POINT('',(-0.0104913727970317,-0.00698872902125479,0.0680413205187822));
#6173=CARTESIAN_POINT('',(-0.0100221164280822,-0.00645458341615653,0.068313065600103));
#6174=CARTESIAN_POINT('',(-0.00803007010891466,-0.00675727764404236,0.0654681286200459));
#6175=CARTESIAN_POINT('',(8.57252759403147E-19,-0.00797745804250957,0.054));
#6176=CARTESIAN_POINT('',(-0.0104625288997311,-0.006,0.0681667155449729));
#6177=CARTESIAN_POINT('',(8.57252759403147E-19,-0.00797745804250958,0.054));
#6178=CARTESIAN_POINT('',(-0.0146768632829823,-0.006,0.0637339624245491));
#6179=CARTESIAN_POINT('',(-0.0134057777545821,-0.00797745804250958,0.0652487831695144));
#6180=CARTESIAN_POINT('',(-0.0107246222036657,-0.00797745804250958,0.0629990265356116));
#6181=CARTESIAN_POINT('',(8.57252759403147E-19,-0.00797745804250958,0.054));
#6182=CARTESIAN_POINT('',(-0.0114681286200459,-0.00675727764404236,0.0620300701089147));
#6183=CARTESIAN_POINT('',(-0.014313065600103,-0.00645458341615653,0.0640221164280822));
#6184=CARTESIAN_POINT('',(-0.0146610800556003,-0.00698872902125479,0.0636062644498656));
#6185=CARTESIAN_POINT('',(8.57252759403147E-19,-0.00797745804250957,0.054));
#6186=CARTESIAN_POINT('',(-0.0121243556529821,-0.00797745804250958,0.061));
#6187=CARTESIAN_POINT('',(-0.0151554445662277,-0.00797745804250958,0.06275));
#6188=CARTESIAN_POINT('',(-0.012770234990382,-0.00698872902125479,0.0660061935419971));
#6189=CARTESIAN_POINT('',(8.57252759403147E-19,-0.00797745804250957,0.054));
#6190=CARTESIAN_POINT('',(-0.0161441735874824,-0.006,0.0610374711002689));
#6191=CARTESIAN_POINT('',(8.57252759403147E-19,-0.00797745804250958,0.054));
#6192=CARTESIAN_POINT('',(0.00412714977773921,-0.006,0.071120951346873));
#6193=CARTESIAN_POINT('',(0.00598535250819921,-0.00797745804250958,0.0704446208637534));
#6194=CARTESIAN_POINT('',(0.00478828200655937,-0.00797745804250958,0.0671556966910027));
#6195=CARTESIAN_POINT('',(8.57252759403147E-19,-0.00797745804250957,0.054));
#6196=CARTESIAN_POINT('',(0.0036234666314353,-0.00675727764404236,0.067522961568047));
#6197=CARTESIAN_POINT('',(0.00452235210414913,-0.00645458341615653,0.0708776478224006));
#6198=CARTESIAN_POINT('',(0.00960626444986557,-0.00698872902125479,0.0686610800556003));
#6199=CARTESIAN_POINT('',(0.0100221164280822,-0.00645458341615653,0.068313065600103));
#6200=CARTESIAN_POINT('',(0.00803007010891465,-0.00675727764404236,0.0654681286200459));
#6201=CARTESIAN_POINT('',(8.57252759403147E-19,-0.00797745804250958,0.054));
#6202=CARTESIAN_POINT('',(0.007,-0.00797745804250958,0.0661243556529822));
#6203=CARTESIAN_POINT('',(0.00875,-0.00797745804250958,0.0691554445662277));
#6204=CARTESIAN_POINT('',(0.0069144538734292,-0.00698872902125479,0.0701064556221936));
#6205=CARTESIAN_POINT('',(0.00738442020168124,-0.00645458341615653,0.069835940226456));
#6206=CARTESIAN_POINT('',(0.0059166556643698,-0.00675727764404236,0.0666883090185131));
#6207=CARTESIAN_POINT('',(8.57252759403147E-19,-0.00797745804250958,0.054));
#6208=CARTESIAN_POINT('',(0.00703747110026886,-0.006,0.0701441735874825));
#6209=CARTESIAN_POINT('',(8.57252759403147E-19,-0.00797745804250957,0.054));
#6210=CARTESIAN_POINT('',(0.012134692226182,-0.006,0.0667636039144798));
#6211=CARTESIAN_POINT('',(0.0134057777545821,-0.00797745804250958,0.0652487831695145));
#6212=CARTESIAN_POINT('',(0.0107246222036657,-0.00797745804250958,0.0629990265356116));
#6213=CARTESIAN_POINT('',(8.57252759403147E-19,-0.00797745804250957,0.054));
#6214=CARTESIAN_POINT('',(0.00989949493661167,-0.00675727764404236,0.0638994949366117));
#6215=CARTESIAN_POINT('',(0.0123552957182514,-0.00645458341615653,0.0663552957182515));
#6216=CARTESIAN_POINT('',(0.0140413205187822,-0.00698872902125479,0.0644913727970317));
#6217=CARTESIAN_POINT('',(8.57252759403147E-19,-0.00797745804250959,0.054));
#6218=CARTESIAN_POINT('',(0.0120061935419971,-0.00698872902125479,0.066770234990382));
#6219=CARTESIAN_POINT('',(8.57252759403147E-19,-0.00797745804250958,0.054));
#6220=CARTESIAN_POINT('',(0.00899902653561155,-0.00797745804250958,0.0647246222036657));
#6221=CARTESIAN_POINT('',(0.0112487831695144,-0.00797745804250958,0.0674057777545821));
#6222=CARTESIAN_POINT('',(0.00973396242454905,-0.006,0.0686768632829823));
#6223=CARTESIAN_POINT('',(8.57252759403147E-19,-0.00797745804250957,0.054));
#6224=CARTESIAN_POINT('',(-0.00197745804250958,-0.006,0.0715));
#6225=CARTESIAN_POINT('',(-3.4315382822589E-18,-0.00797745804250958,0.0715));
#6226=CARTESIAN_POINT('',(-2.78859871270655E-18,-0.00797745804250958,0.068));
#6227=CARTESIAN_POINT('',(8.57252759403147E-19,-0.00797745804250958,0.054));
#6228=CARTESIAN_POINT('',(-0.00122018039846722,-0.00675727764404236,0.0679467257732845));
#6229=CARTESIAN_POINT('',(-0.00152287462635304,-0.00645458341615654,0.0714065366297634));
#6230=CARTESIAN_POINT('',(0.000988729021254784,-0.00698872902125479,0.0715));
#6231=CARTESIAN_POINT('',(0.00152287462635303,-0.00645458341615654,0.0714065366297634));
#6232=CARTESIAN_POINT('',(0.00122018039846721,-0.00675727764404236,0.0679467257732845));
#6233=CARTESIAN_POINT('',(8.57252759403147E-19,-0.00797745804250957,0.054));
#6234=CARTESIAN_POINT('',(0.0010914270976515,-0.006,0.0715775176632083));
#6235=CARTESIAN_POINT('',(0.00303884310917127,-0.00797745804250958,0.0712341356777136));
#6236=CARTESIAN_POINT('',(0.00243107448733702,-0.00797745804250958,0.0677873085421709));
#6237=CARTESIAN_POINT('',(8.57252759403147E-19,-0.00797745804250958,0.054));
#6238=CARTESIAN_POINT('',(-0.00498625912069106,-0.006,0.070890753692219));
#6239=CARTESIAN_POINT('',(-0.00303884310917128,-0.00797745804250958,0.0712341356777136));
#6240=CARTESIAN_POINT('',(-0.00243107448733703,-0.00797745804250958,0.0677873085421709));
#6241=CARTESIAN_POINT('',(8.57252759403147E-19,-0.00797745804250958,0.054));
#6242=CARTESIAN_POINT('',(-0.0036234666314353,-0.00675727764404236,0.067522961568047));
#6243=CARTESIAN_POINT('',(-0.00452235210414914,-0.00645458341615654,0.0708776478224006));
#6244=CARTESIAN_POINT('',(-0.0050562511429692,-0.00698872902125479,0.0707827861053132));
#6245=CARTESIAN_POINT('',(8.57252759403147E-19,-0.00797745804250957,0.054));
#6246=CARTESIAN_POINT('',(-0.00478828200655936,-0.00797745804250958,0.0671556966910027));
#6247=CARTESIAN_POINT('',(-0.0059853525081992,-0.00797745804250958,0.0704446208637534));
#6248=CARTESIAN_POINT('',(-0.00206513510341139,-0.00698872902125479,0.0714058266704609));
#6249=CARTESIAN_POINT('',(8.57252759403147E-19,-0.00797745804250957,0.054));
#6250=CARTESIAN_POINT('',(0.00401255111493116,-0.00698872902125479,0.0710624446849663));
#6251=CARTESIAN_POINT('',(8.57252759403147E-19,-0.00797745804250958,0.054));
#6252=CARTESIAN_POINT('',(-0.0078435552386592,-0.006,0.0697682903806338));
#6253=CARTESIAN_POINT('',(8.57252759403147E-19,-0.00797745804250958,0.054));
#6254=CARTESIAN_POINT('',(-0.0141667155449729,-0.006,0.0435374711002688));
#6255=CARTESIAN_POINT('',(-0.0151554445662277,-0.00797745804250958,0.04525));
#6256=CARTESIAN_POINT('',(-0.0121243556529821,-0.00797745804250958,0.047));
#6257=CARTESIAN_POINT('',(8.57252759403147E-19,-0.00797745804250958,0.054));
#6258=CARTESIAN_POINT('',(-0.0114681286200459,-0.00675727764404236,0.0459699298910854));
#6259=CARTESIAN_POINT('',(-0.014313065600103,-0.00645458341615653,0.0439778835719178));
#6260=CARTESIAN_POINT('',(-0.0156498090768551,-0.00698872902125479,0.0461062644498656));
#6261=CARTESIAN_POINT('',(-0.015835940226456,-0.00645458341615653,0.0466155797983188));
#6262=CARTESIAN_POINT('',(-0.0126883090185131,-0.00675727764404236,0.0480833443356302));
#6263=CARTESIAN_POINT('',(8.57252759403147E-19,-0.00797745804250957,0.054));
#6264=CARTESIAN_POINT('',(-0.0157682903806338,-0.006,0.0461564447613408));
#6265=CARTESIAN_POINT('',(-0.0164446208637534,-0.00797745804250958,0.0480146474918008));
#6266=CARTESIAN_POINT('',(-0.0131556966910027,-0.00797745804250958,0.0492117179934406));
#6267=CARTESIAN_POINT('',(8.57252759403147E-19,-0.00797745804250958,0.054));
#6268=CARTESIAN_POINT('',(0.0161441735874824,-0.006,0.0469625288997311));
#6269=CARTESIAN_POINT('',(0.0151554445662277,-0.00797745804250958,0.04525));
#6270=CARTESIAN_POINT('',(0.0121243556529821,-0.00797745804250958,0.047));
#6271=CARTESIAN_POINT('',(8.57252759403147E-19,-0.00797745804250957,0.054));
#6272=CARTESIAN_POINT('',(0.0126883090185131,-0.00675727764404236,0.0480833443356302));
#6273=CARTESIAN_POINT('',(0.015835940226456,-0.00645458341615653,0.0466155797983188));
#6274=CARTESIAN_POINT('',(0.0146610800556003,-0.00698872902125479,0.0443937355501345));
#6275=CARTESIAN_POINT('',(0.014313065600103,-0.00645458341615653,0.0439778835719178));
#6276=CARTESIAN_POINT('',(0.0114681286200459,-0.00675727764404236,0.0459699298910854));
#6277=CARTESIAN_POINT('',(8.57252759403147E-19,-0.00797745804250958,0.054));
#6278=CARTESIAN_POINT('',(0.0146768632829823,-0.006,0.044266037575451));
#6279=CARTESIAN_POINT('',(8.57252759403147E-19,-0.00797745804250957,0.054));
#6280=CARTESIAN_POINT('',(0.017120951346873,-0.006,0.0498728502222608));
#6281=CARTESIAN_POINT('',(0.0164446208637534,-0.00797745804250958,0.0480146474918008));
#6282=CARTESIAN_POINT('',(0.0131556966910027,-0.00797745804250958,0.0492117179934406));
#6283=CARTESIAN_POINT('',(8.57252759403147E-19,-0.00797745804250957,0.054));
#6284=CARTESIAN_POINT('',(0.013522961568047,-0.00675727764404236,0.0503765333685647));
#6285=CARTESIAN_POINT('',(0.0168776478224006,-0.00645458341615653,0.0494776478958509));
#6286=CARTESIAN_POINT('',(0.0170624446849664,-0.00698872902125479,0.0499874488850688));
#6287=CARTESIAN_POINT('',(8.57252759403147E-19,-0.00797745804250958,0.054));
#6288=CARTESIAN_POINT('',(0.0137873085421709,-0.00797745804250958,0.051568925512663));
#6289=CARTESIAN_POINT('',(0.0172341356777137,-0.00797745804250958,0.0509611568908287));
#6290=CARTESIAN_POINT('',(0.0161064556221936,-0.00698872902125479,0.0470855461265708));
#6291=CARTESIAN_POINT('',(8.57252759403147E-19,-0.00797745804250958,0.054));
#6292=CARTESIAN_POINT('',(-0.0167827861053132,-0.00698872902125479,0.0489437488570308));
#6293=CARTESIAN_POINT('',(8.57252759403147E-19,-0.00797745804250957,0.054));
#6294=CARTESIAN_POINT('',(0.0175775176632082,-0.006,0.0529085729023485));
#6295=CARTESIAN_POINT('',(8.57252759403147E-19,-0.00797745804250957,0.054));
#6296=CARTESIAN_POINT('',(0.0174058266704609,-0.00698872902125479,0.0560651351034114));
#6297=CARTESIAN_POINT('',(8.57252759403147E-19,-0.00797745804250958,0.054));
#6298=CARTESIAN_POINT('',(0.,-0.00827745804250958,0.054));
#6299=CARTESIAN_POINT('',(1.8982025386784E-19,-0.00827745804250957,0.054));
#6300=CARTESIAN_POINT('',(1.8982025386784E-19,-0.00827745804250957,0.0571));
#6301=CARTESIAN_POINT('',(8.57252759403147E-19,-0.00827745804250958,0.054));
#6302=CARTESIAN_POINT('',(-7.70371977754894E-34,-0.00827745804250958,0.068));
#6303=CARTESIAN_POINT('',(1.8982025386784E-19,0.008,0.054));
#6304=CARTESIAN_POINT('',(1.8982025386784E-19,-0.01401,0.054));
#6305=CARTESIAN_POINT('',(1.8982025386784E-19,-0.01401,0.0509));
#6306=CARTESIAN_POINT('',(0.,-0.01401,0.054));
#6307=CARTESIAN_POINT('',(0.,-0.01401,0.05915));
#6308=CARTESIAN_POINT('',(-6.30693101560887E-19,-0.01401,0.04885));
#6309=CARTESIAN_POINT('',(0.,-0.01901,0.05915));
#6310=CARTESIAN_POINT('',(0.,-0.0179,0.05915));
#6311=CARTESIAN_POINT('',(-6.30693101560887E-19,-0.01901,0.04885));
#6312=CARTESIAN_POINT('',(-6.30693101560887E-19,-0.0179,0.04885));
#6313=CARTESIAN_POINT('',(0.,-0.0179,0.05945));
#6314=CARTESIAN_POINT('',(0.,-0.0179,0.05945));
#6315=CARTESIAN_POINT('',(0.00206513510341139,-0.00698872902125479,0.036594173329539));
#6316=CARTESIAN_POINT('',(0.00246397327985737,-0.00658373812305556,0.032));
#6317=CARTESIAN_POINT('',(0.00192475059757034,-0.00605270744493924,0.032));
#6318=CARTESIAN_POINT('',(0.00284655190291258,-0.00698872902125479,0.0321625384409841));
#6319=CARTESIAN_POINT('',(0.00479396791443236,-0.00501127097874521,0.0325059204264787));
#6320=CARTESIAN_POINT('',(0.00192475059757032,-0.00501127097874521,0.032));
#6321=CARTESIAN_POINT('',(0.00197745804250957,-0.006,0.0365));
#6322=CARTESIAN_POINT('',(0.00197745804250957,-0.006,0.032));
#6323=CARTESIAN_POINT('',(0.00389406699075388,-0.00408339105175569,0.0323472436136698));
#6324=CARTESIAN_POINT('',(0.000988729021254789,-0.00501127097874521,0.032));
#6325=CARTESIAN_POINT('',(0.000988729021254789,-0.00501127097874521,0.032));
#6326=CARTESIAN_POINT('',(7.49456752911068E-5,-0.00408339105175569,0.032));
#6327=CARTESIAN_POINT('',(-0.00192475059757033,-0.00605270744493925,0.032));
#6328=CARTESIAN_POINT('',(-0.000988729021254786,-0.00698872902125479,0.032));
#6329=CARTESIAN_POINT('',(1.56395191355919E-18,-0.00797745804250957,0.032));
#6330=CARTESIAN_POINT('',(0.00197745804250957,-0.006,0.032));
#6331=CARTESIAN_POINT('',(0.00197745804250957,-0.006,0.0365));
#6332=CARTESIAN_POINT('',(8.57252759403147E-19,-0.00797745804250958,0.054));
#6333=CARTESIAN_POINT('',(1.07409319390025E-18,-0.00797745804250958,0.04));
#6334=CARTESIAN_POINT('',(0.00122018039846721,-0.00675727764404236,0.0400532742267156));
#6335=CARTESIAN_POINT('',(0.00152287462635304,-0.00645458341615653,0.0365934633702366));
#6336=CARTESIAN_POINT('',(1.28840638375103E-18,-0.00797745804250958,0.0365));
#6337=CARTESIAN_POINT('',(-0.0101437355501344,-0.00501127097874521,0.0344530766061149));
#6338=CARTESIAN_POINT('',(-0.0109350951412941,-0.00408339105175569,0.0349099682790968));
#6339=CARTESIAN_POINT('',(-0.0126668829134452,-0.00605270744493924,0.0359098164155275));
#6340=CARTESIAN_POINT('',(-0.0118562644498656,-0.00698872902125479,0.0354418056273698));
#6341=CARTESIAN_POINT('',(-0.011,-0.00797745804250957,0.0349474411167423));
#6342=CARTESIAN_POINT('',(-0.00928747110026885,-0.006,0.0339587120954876));
#6343=CARTESIAN_POINT('',(-0.00933311708655481,-0.00605270744493925,0.0339850658179572));
#6344=CARTESIAN_POINT('',(-0.00886613654539745,-0.00658373812305556,0.0337154544768136));
#6345=CARTESIAN_POINT('',(-0.00960626444986557,-0.00698872902125479,0.0393389199443997));
#6346=CARTESIAN_POINT('',(8.57252759403147E-19,-0.00797745804250957,0.054));
#6347=CARTESIAN_POINT('',(-0.00803007010891465,-0.00675727764404236,0.0425318713799541));
#6348=CARTESIAN_POINT('',(-0.007,-0.00797745804250958,0.0418756443470178));
#6349=CARTESIAN_POINT('',(-0.00875,-0.00797745804250958,0.0388445554337723));
#6350=CARTESIAN_POINT('',(-0.0100221164280822,-0.00645458341615653,0.039686934399897));
#6351=CARTESIAN_POINT('',(-0.00401255111493116,-0.00698872902125479,0.0369375553150336));
#6352=CARTESIAN_POINT('',(8.57252759403147E-19,-0.00797745804250958,0.054));
#6353=CARTESIAN_POINT('',(-0.00362346663143529,-0.00675727764404236,0.040477038431953));
#6354=CARTESIAN_POINT('',(-0.00243107448733702,-0.00797745804250958,0.0402126914578291));
#6355=CARTESIAN_POINT('',(-0.00303884310917128,-0.00797745804250958,0.0367658643222864));
#6356=CARTESIAN_POINT('',(-0.00382025990867247,-0.00797745804250957,0.0323342294337314));
#6357=CARTESIAN_POINT('',(-0.00479396791443235,-0.00698872902125479,0.0325059204264787));
#6358=CARTESIAN_POINT('',(-0.0057157692197746,-0.00605270744493924,0.0326684588674628));
#6359=CARTESIAN_POINT('',(-0.00452235210414913,-0.00645458341615653,0.0371223521775994));
#6360=CARTESIAN_POINT('',(-0.00284655190291258,-0.00501127097874521,0.0321625384409841));
#6361=CARTESIAN_POINT('',(-0.00374645282659105,-0.00408339105175569,0.0323212152537931));
#6362=CARTESIAN_POINT('',(-0.00187284389715269,-0.006,0.0319908474482369));
#6363=CARTESIAN_POINT('',(-0.00139371991945401,-0.00658373812305556,0.0319063649638642));
#6364=CARTESIAN_POINT('',(-0.000988729021254786,-0.00698872902125479,0.0365));
#6365=CARTESIAN_POINT('',(8.57252759403147E-19,-0.00797745804250958,0.054));
#6366=CARTESIAN_POINT('',(-0.00122018039846721,-0.00675727764404236,0.0400532742267156));
#6367=CARTESIAN_POINT('',(-0.00152287462635304,-0.00645458341615653,0.0365934633702366));
#6368=CARTESIAN_POINT('',(-0.00109142709765151,-0.006,0.0364224823367918));
#6369=CARTESIAN_POINT('',(8.57252759403147E-19,-0.00797745804250958,0.054));
#6370=CARTESIAN_POINT('',(-0.000988729021254786,-0.00698872902125479,0.0365));
#6371=CARTESIAN_POINT('',(-0.000988729021254786,-0.00698872902125479,0.032));
#6372=CARTESIAN_POINT('',(0.000988729021254789,-0.00501127097874521,0.032));
#6373=CARTESIAN_POINT('',(-0.00192475059757033,-0.00501127097874521,0.032));
#6374=CARTESIAN_POINT('',(-0.00109142709765151,-0.006,0.0364224823367918));
#6375=CARTESIAN_POINT('',(-0.00187284389715269,-0.006,0.0319908474482369));
#6376=CARTESIAN_POINT('',(-0.00284655190291258,-0.00501127097874521,0.0321625384409841));
#6377=CARTESIAN_POINT('',(-0.0101437355501344,-0.00501127097874521,0.0344530766061149));
#6378=CARTESIAN_POINT('',(-0.00933311708655485,-0.00501127097874521,0.0339850658179572));
#6379=CARTESIAN_POINT('',(-0.00928747110026885,-0.006,0.0339587120954876));
#6380=CARTESIAN_POINT('',(-0.00703747110026886,-0.006,0.0378558264125176));
#6381=CARTESIAN_POINT('',(-0.00745401725513384,-0.0040833910517557,0.0333011294121053));
#6382=CARTESIAN_POINT('',(-0.00659534178793471,-0.00501127097874521,0.0329885971011502));
#6383=CARTESIAN_POINT('',(-0.00845354451839471,-0.00698872902125479,0.0336649275842698));
#6384=CARTESIAN_POINT('',(-0.0069144538734292,-0.00698872902125479,0.0378935443778064));
#6385=CARTESIAN_POINT('',(-0.00703747110026886,-0.006,0.0378558264125176));
#6386=CARTESIAN_POINT('',(8.57252759403147E-19,-0.00797745804250958,0.054));
#6387=CARTESIAN_POINT('',(-0.00591665566436979,-0.00675727764404236,0.0413116909814869));
#6388=CARTESIAN_POINT('',(-0.00738442020168124,-0.00645458341615653,0.038164059773544));
#6389=CARTESIAN_POINT('',(-0.0069144538734292,-0.00698872902125479,0.0378935443778064));
#6390=CARTESIAN_POINT('',(8.57252759403147E-19,-0.00797745804250957,0.054));
#6391=CARTESIAN_POINT('',(-0.00478828200655936,-0.00797745804250958,0.0408443033089973));
#6392=CARTESIAN_POINT('',(-0.0059853525081992,-0.00797745804250958,0.0375553791362466));
#6393=CARTESIAN_POINT('',(-0.00752444315316471,-0.00797745804250957,0.03332676234271));
#6394=CARTESIAN_POINT('',(-0.00845354451839471,-0.00698872902125479,0.0336649275842698));
#6395=CARTESIAN_POINT('',(-0.00412714977773921,-0.006,0.036879048653127));
#6396=CARTESIAN_POINT('',(8.57252759403147E-19,-0.00797745804250958,0.054));
#6397=CARTESIAN_POINT('',(-0.00566624042270472,-0.006,0.0326504318595904));
#6398=CARTESIAN_POINT('',(-0.00659534178793471,-0.00501127097874521,0.0329885971011502));
#6399=CARTESIAN_POINT('',(-0.00520906564426909,-0.00658373812305556,0.0324840338483826));
#6400=CARTESIAN_POINT('',(-0.00659534178793471,-0.00501127097874521,0.0329885971011502));
#6401=CARTESIAN_POINT('',(-0.00571576921977459,-0.00501127097874521,0.0326684588674628));
#6402=CARTESIAN_POINT('',(-0.00566624042270472,-0.006,0.0326504318595904));
#6403=CARTESIAN_POINT('',(-0.00412714977773921,-0.006,0.036879048653127));
#6404=CARTESIAN_POINT('',(-0.00284655190291258,-0.00501127097874521,0.0321625384409841));
#6405=CARTESIAN_POINT('',(-0.00479396791443235,-0.00698872902125479,0.0325059204264787));
#6406=CARTESIAN_POINT('',(-0.00401255111493116,-0.00698872902125479,0.0369375553150336));
#6407=CARTESIAN_POINT('',(-0.0162174349844174,-0.00501127097874521,0.0391012622144135));
#6408=CARTESIAN_POINT('',(-0.0156157719127626,-0.00501127097874521,0.0383842280872375));
#6409=CARTESIAN_POINT('',(-0.0156157719127626,-0.00605270744493925,0.0383842280872375));
#6410=CARTESIAN_POINT('',(-0.0155818922202174,-0.006,0.0383438518419308));
#6411=CARTESIAN_POINT('',(-0.012134692226182,-0.006,0.0412363960855202));
#6412=CARTESIAN_POINT('',(-0.0140839156950113,-0.00408339105175569,0.0370988480999057));
#6413=CARTESIAN_POINT('',(-0.0133839170406212,-0.00501127097874521,0.0365114794871824));
#6414=CARTESIAN_POINT('',(-0.0148987377855866,-0.00698872902125479,0.0377825650155825));
#6415=CARTESIAN_POINT('',(-0.0120061935419971,-0.00698872902125479,0.041229765009618));
#6416=CARTESIAN_POINT('',(-0.0152691662537265,-0.00658373812305556,0.0379711595478677));
#6417=CARTESIAN_POINT('',(-0.012134692226182,-0.006,0.0412363960855202));
#6418=CARTESIAN_POINT('',(-0.0134057777545821,-0.00797745804250958,0.0427512168304855));
#6419=CARTESIAN_POINT('',(-0.0107246222036657,-0.00797745804250958,0.0450009734643885));
#6420=CARTESIAN_POINT('',(8.57252759403147E-19,-0.00797745804250958,0.054));
#6421=CARTESIAN_POINT('',(-0.00989949493661166,-0.00675727764404236,0.0441005050633883));
#6422=CARTESIAN_POINT('',(-0.0123552957182514,-0.00645458341615653,0.0416447042817486));
#6423=CARTESIAN_POINT('',(-0.0155818922202174,-0.006,0.0383438518419308));
#6424=CARTESIAN_POINT('',(-0.0120061935419971,-0.00698872902125479,0.041229765009618));
#6425=CARTESIAN_POINT('',(8.57252759403147E-19,-0.00797745804250957,0.054));
#6426=CARTESIAN_POINT('',(-0.00899902653561154,-0.00797745804250958,0.0432753777963343));
#6427=CARTESIAN_POINT('',(-0.0112487831695144,-0.00797745804250958,0.0405942222454179));
#6428=CARTESIAN_POINT('',(-0.0141413274131039,-0.00797745804250958,0.0371470222513825));
#6429=CARTESIAN_POINT('',(-0.0148987377855866,-0.00698872902125479,0.0377825650155825));
#6430=CARTESIAN_POINT('',(-0.0133839170406212,-0.00501127097874521,0.0365114794871824));
#6431=CARTESIAN_POINT('',(-0.0126265066681385,-0.006,0.0358759367229824));
#6432=CARTESIAN_POINT('',(-0.0122538143740755,-0.00658373812305556,0.0355632107564915));
#6433=CARTESIAN_POINT('',(-0.0162174349844174,-0.00501127097874521,0.0391012622144135));
#6434=CARTESIAN_POINT('',(-0.0140413205187822,-0.00698872902125479,0.0435086272029682));
#6435=CARTESIAN_POINT('',(8.57252759403147E-19,-0.00797745804250957,0.054));
#6436=CARTESIAN_POINT('',(-0.00973396242454905,-0.006,0.0393231367170177));
#6437=CARTESIAN_POINT('',(8.57252759403147E-19,-0.00797745804250958,0.054));
#6438=CARTESIAN_POINT('',(-0.00960626444986557,-0.00698872902125479,0.0393389199443997));
#6439=CARTESIAN_POINT('',(-0.0118562644498656,-0.00698872902125479,0.0354418056273698));
#6440=CARTESIAN_POINT('',(-0.0101437355501344,-0.00501127097874521,0.0344530766061149));
#6441=CARTESIAN_POINT('',(-0.0126668829134452,-0.00501127097874521,0.0359098164155275));
#6442=CARTESIAN_POINT('',(-0.0133839170406212,-0.00501127097874521,0.0365114794871824));
#6443=CARTESIAN_POINT('',(-0.0126265066681385,-0.006,0.0358759367229824));
#6444=CARTESIAN_POINT('',(-0.00973396242454905,-0.006,0.0393231367170177));
#6445=CARTESIAN_POINT('',(0.0127636039144798,-0.006,0.041865307773818));
#6446=CARTESIAN_POINT('',(0.0156561481580693,-0.006,0.0384181077797827));
#6447=CARTESIAN_POINT('',(0.0148987377855866,-0.00501127097874521,0.0377825650155825));
#6448=CARTESIAN_POINT('',(0.0156157719127626,-0.00501127097874521,0.0383842280872375));
#6449=CARTESIAN_POINT('',(0.0174885205128176,-0.00501127097874521,0.0406160829593789));
#6450=CARTESIAN_POINT('',(0.0162174349844174,-0.00698872902125479,0.0391012622144135));
#6451=CARTESIAN_POINT('',(0.012770234990382,-0.00698872902125479,0.0419938064580029));
#6452=CARTESIAN_POINT('',(0.0160288404521323,-0.00658373812305556,0.0387308337462735));
#6453=CARTESIAN_POINT('',(0.0127636039144798,-0.006,0.041865307773818));
#6454=CARTESIAN_POINT('',(8.57252759403147E-19,-0.00797745804250957,0.054));
#6455=CARTESIAN_POINT('',(0.00899902653561155,-0.00797745804250958,0.0432753777963343));
#6456=CARTESIAN_POINT('',(0.0156561481580693,-0.006,0.0384181077797827));
#6457=CARTESIAN_POINT('',(0.0141413274131039,-0.00797745804250958,0.0371470222513825));
#6458=CARTESIAN_POINT('',(0.0112487831695144,-0.00797745804250958,0.0405942222454179));
#6459=CARTESIAN_POINT('',(0.00789373555013443,-0.00698872902125479,0.0383501909231449));
#6460=CARTESIAN_POINT('',(8.57252759403147E-19,-0.00797745804250958,0.054));
#6461=CARTESIAN_POINT('',(0.00591665566436979,-0.00675727764404236,0.0413116909814869));
#6462=CARTESIAN_POINT('',(0.007,-0.00797745804250958,0.0418756443470178));
#6463=CARTESIAN_POINT('',(0.00875,-0.00797745804250958,0.0388445554337724));
#6464=CARTESIAN_POINT('',(0.011,-0.00797745804250957,0.0349474411167423));
#6465=CARTESIAN_POINT('',(0.0101437355501344,-0.00698872902125479,0.0344530766061149));
#6466=CARTESIAN_POINT('',(0.00933311708655482,-0.00605270744493924,0.0339850658179572));
#6467=CARTESIAN_POINT('',(0.00738442020168124,-0.00645458341615653,0.038164059773544));
#6468=CARTESIAN_POINT('',(0.0118562644498656,-0.00501127097874521,0.0354418056273698));
#6469=CARTESIAN_POINT('',(0.0110649048587059,-0.00408339105175569,0.0349849139543879));
#6470=CARTESIAN_POINT('',(0.0127125288997311,-0.006,0.0359361701379971));
#6471=CARTESIAN_POINT('',(0.0126668829134452,-0.00605270744493924,0.0359098164155275));
#6472=CARTESIAN_POINT('',(0.0131338634546025,-0.00658373812305556,0.0361794277566711));
#6473=CARTESIAN_POINT('',(0.0148987377855866,-0.00501127097874521,0.0377825650155825));
#6474=CARTESIAN_POINT('',(0.0141987391311964,-0.00408339105175569,0.0371951964028592));
#6475=CARTESIAN_POINT('',(0.0133839170406212,-0.00698872902125479,0.0365114794871824));
#6476=CARTESIAN_POINT('',(0.0104913727970317,-0.00698872902125479,0.0399586794812178));
#6477=CARTESIAN_POINT('',(8.57252759403147E-19,-0.00797745804250958,0.054));
#6478=CARTESIAN_POINT('',(0.00803007010891464,-0.00675727764404236,0.0425318713799542));
#6479=CARTESIAN_POINT('',(0.0100221164280822,-0.00645458341615653,0.039686934399897));
#6480=CARTESIAN_POINT('',(0.0104625288997311,-0.006,0.0398332844550271));
#6481=CARTESIAN_POINT('',(8.57252759403147E-19,-0.00797745804250957,0.054));
#6482=CARTESIAN_POINT('',(0.0104913727970317,-0.00698872902125479,0.0399586794812178));
#6483=CARTESIAN_POINT('',(0.0133839170406212,-0.00698872902125479,0.0365114794871824));
#6484=CARTESIAN_POINT('',(0.0148987377855866,-0.00501127097874521,0.0377825650155825));
#6485=CARTESIAN_POINT('',(0.0126668829134452,-0.00501127097874521,0.0359098164155275));
#6486=CARTESIAN_POINT('',(0.0104625288997311,-0.006,0.0398332844550271));
#6487=CARTESIAN_POINT('',(0.0127125288997311,-0.006,0.0359361701379971));
#6488=CARTESIAN_POINT('',(0.0118562644498656,-0.00501127097874521,0.0354418056273698));
#6489=CARTESIAN_POINT('',(0.00479396791443236,-0.00501127097874521,0.0325059204264787));
#6490=CARTESIAN_POINT('',(0.00571576921977464,-0.00501127097874521,0.0326684588674628));
#6491=CARTESIAN_POINT('',(0.00571576921977461,-0.00605270744493925,0.0326684588674628));
#6492=CARTESIAN_POINT('',(0.00576767592019224,-0.006,0.0326776114192261));
#6493=CARTESIAN_POINT('',(0.00498625912069106,-0.006,0.037109246307781));
#6494=CARTESIAN_POINT('',(0.00759486905119558,-0.00408339105175569,0.0333523952733147));
#6495=CARTESIAN_POINT('',(0.00845354451839471,-0.00501127097874521,0.0336649275842698));
#6496=CARTESIAN_POINT('',(0.00659534178793472,-0.00698872902125479,0.0329885971011502));
#6497=CARTESIAN_POINT('',(0.00505625114296921,-0.00698872902125479,0.0372172138946868));
#6498=CARTESIAN_POINT('',(0.00624679989789092,-0.00658373812305556,0.0327620939035986));
#6499=CARTESIAN_POINT('',(0.00498625912069106,-0.006,0.037109246307781));
#6500=CARTESIAN_POINT('',(8.57252759403147E-19,-0.00797745804250957,0.054));
#6501=CARTESIAN_POINT('',(0.00243107448733702,-0.00797745804250958,0.0402126914578291));
#6502=CARTESIAN_POINT('',(0.00362346663143529,-0.00675727764404236,0.040477038431953));
#6503=CARTESIAN_POINT('',(0.00452235210414914,-0.00645458341615653,0.0371223521775994));
#6504=CARTESIAN_POINT('',(0.00576767592019224,-0.006,0.0326776114192261));
#6505=CARTESIAN_POINT('',(0.00382025990867247,-0.00797745804250957,0.0323342294337314));
#6506=CARTESIAN_POINT('',(0.00303884310917128,-0.00797745804250958,0.0367658643222864));
#6507=CARTESIAN_POINT('',(0.00505625114296921,-0.00698872902125479,0.0372172138946868));
#6508=CARTESIAN_POINT('',(8.57252759403147E-19,-0.00797745804250958,0.054));
#6509=CARTESIAN_POINT('',(0.00478828200655936,-0.00797745804250958,0.0408443033089973));
#6510=CARTESIAN_POINT('',(0.00598535250819921,-0.00797745804250958,0.0375553791362466));
#6511=CARTESIAN_POINT('',(0.00752444315316471,-0.00797745804250957,0.03332676234271));
#6512=CARTESIAN_POINT('',(0.00659534178793472,-0.00698872902125479,0.0329885971011502));
#6513=CARTESIAN_POINT('',(0.0078435552386592,-0.006,0.0382317096193662));
#6514=CARTESIAN_POINT('',(8.57252759403147E-19,-0.00797745804250957,0.054));
#6515=CARTESIAN_POINT('',(0.00938264588362471,-0.006,0.0340030928258297));
#6516=CARTESIAN_POINT('',(0.00845354451839471,-0.00501127097874521,0.0336649275842698));
#6517=CARTESIAN_POINT('',(0.00983982066206033,-0.00658373812305556,0.0341694908370375));
#6518=CARTESIAN_POINT('',(0.00845354451839471,-0.00501127097874521,0.0336649275842698));
#6519=CARTESIAN_POINT('',(0.0093331170865548,-0.00501127097874521,0.0339850658179572));
#6520=CARTESIAN_POINT('',(0.00938264588362471,-0.006,0.0340030928258297));
#6521=CARTESIAN_POINT('',(0.0078435552386592,-0.006,0.0382317096193662));
#6522=CARTESIAN_POINT('',(0.0118562644498656,-0.00501127097874521,0.0354418056273698));
#6523=CARTESIAN_POINT('',(0.0101437355501344,-0.00698872902125479,0.0344530766061149));
#6524=CARTESIAN_POINT('',(0.00789373555013443,-0.00698872902125479,0.0383501909231449));
#6525=CARTESIAN_POINT('',(0.00479396791443236,-0.00501127097874521,0.0325059204264787));
#6526=CARTESIAN_POINT('',(0.00284655190291258,-0.00698872902125479,0.0321625384409841));
#6527=CARTESIAN_POINT('',(0.00206513510341139,-0.00698872902125479,0.036594173329539));
#6528=CARTESIAN_POINT('',(8.57252759403147E-19,-0.00797745804250958,0.054));
#6529=CARTESIAN_POINT('',(8.57252759403147E-19,-0.0059,0.054));
#6530=CARTESIAN_POINT('',(0.0772,2.14313189850787E-19,0.031));
#6531=CARTESIAN_POINT('',(0.012,0.079725,0.0008));
#6532=CARTESIAN_POINT('',(0.012,0.079725,0.0008));
#6533=CARTESIAN_POINT('',(-0.012,-0.079725,0.0008));
#6534=CARTESIAN_POINT('',(-1.37160441504504E-18,-0.0112,0.));
#6535=CARTESIAN_POINT('',(-0.079725,0.012,0.0008));
#6536=CARTESIAN_POINT('',(-0.0112,6.85802207522518E-19,0.));
#6537=CARTESIAN_POINT('',(0.,0.0112,0.));
#6538=CARTESIAN_POINT('',(0.079725,-0.012,0.0008));
#6539=MECHANICAL_DESIGN_GEOMETRIC_PRESENTATION_REPRESENTATION('',(#3873),
#6540);
#6540=(
GEOMETRIC_REPRESENTATION_CONTEXT(3)
GLOBAL_UNCERTAINTY_ASSIGNED_CONTEXT((#6541))
GLOBAL_UNIT_ASSIGNED_CONTEXT((#6544,#6543,#6542))
REPRESENTATION_CONTEXT('Base','TOP_LEVEL_ASSEMBLY_PART')
);
#6541=UNCERTAINTY_MEASURE_WITH_UNIT(LENGTH_MEASURE(1.E-8),#6544,
'DISTANCE_ACCURACY_VALUE','Maximum Tolerance applied to model');
#6542=(
NAMED_UNIT(*)
SI_UNIT($,.STERADIAN.)
SOLID_ANGLE_UNIT()
);
#6543=(
NAMED_UNIT(*)
PLANE_ANGLE_UNIT()
SI_UNIT($,.RADIAN.)
);
#6544=(
LENGTH_UNIT()
NAMED_UNIT(*)
SI_UNIT($,.METRE.)
);
#6545=PRODUCT_DEFINITION_SHAPE('','',#6546);
#6546=PRODUCT_DEFINITION('','',#6548,#6547);
#6547=PRODUCT_DEFINITION_CONTEXT('',#6554,'design');
#6548=PRODUCT_DEFINITION_FORMATION_WITH_SPECIFIED_SOURCE('','',#6550,
 .NOT_KNOWN.);
#6549=PRODUCT_RELATED_PRODUCT_CATEGORY('','',(#6550));
#6550=PRODUCT('Base','Base','Base',(#6552));
#6551=PRODUCT_CATEGORY('','');
#6552=PRODUCT_CONTEXT('',#6554,'mechanical');
#6553=APPLICATION_PROTOCOL_DEFINITION('international standard',
'ap242_managed_model_based_3d_engineering',2020,#6554);
#6554=APPLICATION_CONTEXT('managed model based 3d engineering');
ENDSEC;
END-ISO-10303-21;
